/scratch/sgoli125/mmfpn-try/mmpfn/models/dino_v2/layers/swiglu_ffn.py:51: UserWarning: xFormers is not available (SwiGLU)
  warnings.warn("xFormers is not available (SwiGLU)")
/scratch/sgoli125/mmfpn-try/mmpfn/models/dino_v2/layers/attention.py:33: UserWarning: xFormers is not available (Attention)
  warnings.warn("xFormers is not available (Attention)")
/scratch/sgoli125/mmfpn-try/mmpfn/models/dino_v2/layers/block.py:40: UserWarning: xFormers is not available (Block)
  warnings.warn("xFormers is not available (Block)")
Image /home/sgoli125/workspace/research/MultiModalPFN/mmpfn/data/cbis_ddsm/jpeg/1.3.6.1.4.1.9590.100.1.2.342386194811267636608694132590482924515 does not exist, skipping.
Image /home/sgoli125/workspace/research/MultiModalPFN/mmpfn/data/cbis_ddsm/jpeg/1.3.6.1.4.1.9590.100.1.2.296736403313792599626368780122205399650 does not exist, skipping.
Image /home/sgoli125/workspace/research/MultiModalPFN/mmpfn/data/cbis_ddsm/jpeg/1.3.6.1.4.1.9590.100.1.2.296736403313792599626368780122205399650 does not exist, skipping.
Image /home/sgoli125/workspace/research/MultiModalPFN/mmpfn/data/cbis_ddsm/jpeg/1.3.6.1.4.1.9590.100.1.2.359308329312397897125630708681441180834 does not exist, skipping.
Image /home/sgoli125/workspace/research/MultiModalPFN/mmpfn/data/cbis_ddsm/jpeg/1.3.6.1.4.1.9590.100.1.2.227955274711225756835838775062793186053 does not exist, skipping.
Image /home/sgoli125/workspace/research/MultiModalPFN/mmpfn/data/cbis_ddsm/jpeg/1.3.6.1.4.1.9590.100.1.2.227955274711225756835838775062793186053 does not exist, skipping.
Image /home/sgoli125/workspace/research/MultiModalPFN/mmpfn/data/cbis_ddsm/jpeg/1.3.6.1.4.1.9590.100.1.2.89180046211022531834352631483669346540 does not exist, skipping.
Image /home/sgoli125/workspace/research/MultiModalPFN/mmpfn/data/cbis_ddsm/jpeg/1.3.6.1.4.1.9590.100.1.2.429120414011832984817094399141838850375 does not exist, skipping.
Image /home/sgoli125/workspace/research/MultiModalPFN/mmpfn/data/cbis_ddsm/jpeg/1.3.6.1.4.1.9590.100.1.2.429120414011832984817094399141838850375 does not exist, skipping.
Image /home/sgoli125/workspace/research/MultiModalPFN/mmpfn/data/cbis_ddsm/jpeg/1.3.6.1.4.1.9590.100.1.2.295360926313492745441868049270168300162 does not exist, skipping.
Image /home/sgoli125/workspace/research/MultiModalPFN/mmpfn/data/cbis_ddsm/jpeg/1.3.6.1.4.1.9590.100.1.2.410524754913057908920631336070876889890 does not exist, skipping.
Image /home/sgoli125/workspace/research/MultiModalPFN/mmpfn/data/cbis_ddsm/jpeg/1.3.6.1.4.1.9590.100.1.2.392091931911637760938815694332198115839 does not exist, skipping.
Image /home/sgoli125/workspace/research/MultiModalPFN/mmpfn/data/cbis_ddsm/jpeg/1.3.6.1.4.1.9590.100.1.2.38355348211600094806469224183939342192 does not exist, skipping.
Image /home/sgoli125/workspace/research/MultiModalPFN/mmpfn/data/cbis_ddsm/jpeg/1.3.6.1.4.1.9590.100.1.2.38355348211600094806469224183939342192 does not exist, skipping.
Image /home/sgoli125/workspace/research/MultiModalPFN/mmpfn/data/cbis_ddsm/jpeg/1.3.6.1.4.1.9590.100.1.2.401504763912518926442932683851439819951 does not exist, skipping.
Image /home/sgoli125/workspace/research/MultiModalPFN/mmpfn/data/cbis_ddsm/jpeg/1.3.6.1.4.1.9590.100.1.2.401504763912518926442932683851439819951 does not exist, skipping.
Image /home/sgoli125/workspace/research/MultiModalPFN/mmpfn/data/cbis_ddsm/jpeg/1.3.6.1.4.1.9590.100.1.2.399831242111800621220027542190666363688 does not exist, skipping.
Image /home/sgoli125/workspace/research/MultiModalPFN/mmpfn/data/cbis_ddsm/jpeg/1.3.6.1.4.1.9590.100.1.2.225307445711972492021703541080800178003 does not exist, skipping.
Image /home/sgoli125/workspace/research/MultiModalPFN/mmpfn/data/cbis_ddsm/jpeg/1.3.6.1.4.1.9590.100.1.2.225307445711972492021703541080800178003 does not exist, skipping.
Image /home/sgoli125/workspace/research/MultiModalPFN/mmpfn/data/cbis_ddsm/jpeg/1.3.6.1.4.1.9590.100.1.2.353764633213863442442494539840710764601 does not exist, skipping.
Image /home/sgoli125/workspace/research/MultiModalPFN/mmpfn/data/cbis_ddsm/jpeg/1.3.6.1.4.1.9590.100.1.2.393707185513959554524123170961270881067 does not exist, skipping.
Image /home/sgoli125/workspace/research/MultiModalPFN/mmpfn/data/cbis_ddsm/jpeg/1.3.6.1.4.1.9590.100.1.2.393707185513959554524123170961270881067 does not exist, skipping.
Image /home/sgoli125/workspace/research/MultiModalPFN/mmpfn/data/cbis_ddsm/jpeg/1.3.6.1.4.1.9590.100.1.2.301773695910378556700140939623830965391 does not exist, skipping.
Image /home/sgoli125/workspace/research/MultiModalPFN/mmpfn/data/cbis_ddsm/jpeg/1.3.6.1.4.1.9590.100.1.2.47910753912017870434385834703698378596 does not exist, skipping.
Image /home/sgoli125/workspace/research/MultiModalPFN/mmpfn/data/cbis_ddsm/jpeg/1.3.6.1.4.1.9590.100.1.2.47910753912017870434385834703698378596 does not exist, skipping.
Image /home/sgoli125/workspace/research/MultiModalPFN/mmpfn/data/cbis_ddsm/jpeg/1.3.6.1.4.1.9590.100.1.2.361187641612044722920735361310877600748 does not exist, skipping.
Image /home/sgoli125/workspace/research/MultiModalPFN/mmpfn/data/cbis_ddsm/jpeg/1.3.6.1.4.1.9590.100.1.2.361187641612044722920735361310877600748 does not exist, skipping.
Image /home/sgoli125/workspace/research/MultiModalPFN/mmpfn/data/cbis_ddsm/jpeg/1.3.6.1.4.1.9590.100.1.2.369287458813355648611939058220166307923 does not exist, skipping.
Image /home/sgoli125/workspace/research/MultiModalPFN/mmpfn/data/cbis_ddsm/jpeg/1.3.6.1.4.1.9590.100.1.2.42615123112846587420486229992978116905 does not exist, skipping.
Image /home/sgoli125/workspace/research/MultiModalPFN/mmpfn/data/cbis_ddsm/jpeg/1.3.6.1.4.1.9590.100.1.2.42615123112846587420486229992978116905 does not exist, skipping.
Image /home/sgoli125/workspace/research/MultiModalPFN/mmpfn/data/cbis_ddsm/jpeg/1.3.6.1.4.1.9590.100.1.2.238517328812179290330581800221092807231 does not exist, skipping.
Image /home/sgoli125/workspace/research/MultiModalPFN/mmpfn/data/cbis_ddsm/jpeg/1.3.6.1.4.1.9590.100.1.2.217714721512309207834238012412393001991 does not exist, skipping.
Image /home/sgoli125/workspace/research/MultiModalPFN/mmpfn/data/cbis_ddsm/jpeg/1.3.6.1.4.1.9590.100.1.2.217714721512309207834238012412393001991 does not exist, skipping.
Image /home/sgoli125/workspace/research/MultiModalPFN/mmpfn/data/cbis_ddsm/jpeg/1.3.6.1.4.1.9590.100.1.2.84350006812506903321489911520378117746 does not exist, skipping.
Image /home/sgoli125/workspace/research/MultiModalPFN/mmpfn/data/cbis_ddsm/jpeg/1.3.6.1.4.1.9590.100.1.2.33652198311064953508688487743308017382 does not exist, skipping.
Image /home/sgoli125/workspace/research/MultiModalPFN/mmpfn/data/cbis_ddsm/jpeg/1.3.6.1.4.1.9590.100.1.2.33652198311064953508688487743308017382 does not exist, skipping.
Image /home/sgoli125/workspace/research/MultiModalPFN/mmpfn/data/cbis_ddsm/jpeg/1.3.6.1.4.1.9590.100.1.2.284159596213273410631233627161184420091 does not exist, skipping.
Image /home/sgoli125/workspace/research/MultiModalPFN/mmpfn/data/cbis_ddsm/jpeg/1.3.6.1.4.1.9590.100.1.2.284159596213273410631233627161184420091 does not exist, skipping.
Image /home/sgoli125/workspace/research/MultiModalPFN/mmpfn/data/cbis_ddsm/jpeg/1.3.6.1.4.1.9590.100.1.2.417639228911807576813743896492930957214 does not exist, skipping.
Image /home/sgoli125/workspace/research/MultiModalPFN/mmpfn/data/cbis_ddsm/jpeg/1.3.6.1.4.1.9590.100.1.2.314636098012486843933844430364271144365 does not exist, skipping.
Image /home/sgoli125/workspace/research/MultiModalPFN/mmpfn/data/cbis_ddsm/jpeg/1.3.6.1.4.1.9590.100.1.2.314636098012486843933844430364271144365 does not exist, skipping.
Image /home/sgoli125/workspace/research/MultiModalPFN/mmpfn/data/cbis_ddsm/jpeg/1.3.6.1.4.1.9590.100.1.2.309084608411015532140916069362205656297 does not exist, skipping.
Image /home/sgoli125/workspace/research/MultiModalPFN/mmpfn/data/cbis_ddsm/jpeg/1.3.6.1.4.1.9590.100.1.2.255440158212643374936099923381215494528 does not exist, skipping.
Image /home/sgoli125/workspace/research/MultiModalPFN/mmpfn/data/cbis_ddsm/jpeg/1.3.6.1.4.1.9590.100.1.2.255440158212643374936099923381215494528 does not exist, skipping.
Image /home/sgoli125/workspace/research/MultiModalPFN/mmpfn/data/cbis_ddsm/jpeg/1.3.6.1.4.1.9590.100.1.2.396436984912888479002383720172714065434 does not exist, skipping.
Image /home/sgoli125/workspace/research/MultiModalPFN/mmpfn/data/cbis_ddsm/jpeg/1.3.6.1.4.1.9590.100.1.2.396436984912888479002383720172714065434 does not exist, skipping.
Image /home/sgoli125/workspace/research/MultiModalPFN/mmpfn/data/cbis_ddsm/jpeg/1.3.6.1.4.1.9590.100.1.2.22246302512974851218714489803754405447 does not exist, skipping.
Image /home/sgoli125/workspace/research/MultiModalPFN/mmpfn/data/cbis_ddsm/jpeg/1.3.6.1.4.1.9590.100.1.2.218548371113017715627621595111310183932 does not exist, skipping.
Image /home/sgoli125/workspace/research/MultiModalPFN/mmpfn/data/cbis_ddsm/jpeg/1.3.6.1.4.1.9590.100.1.2.218548371113017715627621595111310183932 does not exist, skipping.
Image /home/sgoli125/workspace/research/MultiModalPFN/mmpfn/data/cbis_ddsm/jpeg/1.3.6.1.4.1.9590.100.1.2.222964872412147464212566329811281296906 does not exist, skipping.
Image /home/sgoli125/workspace/research/MultiModalPFN/mmpfn/data/cbis_ddsm/jpeg/1.3.6.1.4.1.9590.100.1.2.335868980512870398813541823021371195197 does not exist, skipping.
Image /home/sgoli125/workspace/research/MultiModalPFN/mmpfn/data/cbis_ddsm/jpeg/1.3.6.1.4.1.9590.100.1.2.335868980512870398813541823021371195197 does not exist, skipping.
Image /home/sgoli125/workspace/research/MultiModalPFN/mmpfn/data/cbis_ddsm/jpeg/1.3.6.1.4.1.9590.100.1.2.369255064712196304011941917441138397637 does not exist, skipping.
Image /home/sgoli125/workspace/research/MultiModalPFN/mmpfn/data/cbis_ddsm/jpeg/1.3.6.1.4.1.9590.100.1.2.359413664411847701707062903472488590712 does not exist, skipping.
Image /home/sgoli125/workspace/research/MultiModalPFN/mmpfn/data/cbis_ddsm/jpeg/1.3.6.1.4.1.9590.100.1.2.359413664411847701707062903472488590712 does not exist, skipping.
Image /home/sgoli125/workspace/research/MultiModalPFN/mmpfn/data/cbis_ddsm/jpeg/1.3.6.1.4.1.9590.100.1.2.19837517612718253003962722834096769392 does not exist, skipping.
Image /home/sgoli125/workspace/research/MultiModalPFN/mmpfn/data/cbis_ddsm/jpeg/1.3.6.1.4.1.9590.100.1.2.420516911812665689337358652421062172286 does not exist, skipping.
Image /home/sgoli125/workspace/research/MultiModalPFN/mmpfn/data/cbis_ddsm/jpeg/1.3.6.1.4.1.9590.100.1.2.420516911812665689337358652421062172286 does not exist, skipping.
Image /home/sgoli125/workspace/research/MultiModalPFN/mmpfn/data/cbis_ddsm/jpeg/1.3.6.1.4.1.9590.100.1.2.71857658212153789806692143780711049660 does not exist, skipping.
Image /home/sgoli125/workspace/research/MultiModalPFN/mmpfn/data/cbis_ddsm/jpeg/1.3.6.1.4.1.9590.100.1.2.242954804411701100131255663731941105753 does not exist, skipping.
Image /home/sgoli125/workspace/research/MultiModalPFN/mmpfn/data/cbis_ddsm/jpeg/1.3.6.1.4.1.9590.100.1.2.242954804411701100131255663731941105753 does not exist, skipping.
Image /home/sgoli125/workspace/research/MultiModalPFN/mmpfn/data/cbis_ddsm/jpeg/1.3.6.1.4.1.9590.100.1.2.345718135710333764616119469392727175992 does not exist, skipping.
Image /home/sgoli125/workspace/research/MultiModalPFN/mmpfn/data/cbis_ddsm/jpeg/1.3.6.1.4.1.9590.100.1.2.60163734712612164127719274822853034962 does not exist, skipping.
Image /home/sgoli125/workspace/research/MultiModalPFN/mmpfn/data/cbis_ddsm/jpeg/1.3.6.1.4.1.9590.100.1.2.60163734712612164127719274822853034962 does not exist, skipping.
Image /home/sgoli125/workspace/research/MultiModalPFN/mmpfn/data/cbis_ddsm/jpeg/1.3.6.1.4.1.9590.100.1.2.225312674712404832441253979110135741852 does not exist, skipping.
Image /home/sgoli125/workspace/research/MultiModalPFN/mmpfn/data/cbis_ddsm/jpeg/1.3.6.1.4.1.9590.100.1.2.417548435212326627838780655634202890890 does not exist, skipping.
Image /home/sgoli125/workspace/research/MultiModalPFN/mmpfn/data/cbis_ddsm/jpeg/1.3.6.1.4.1.9590.100.1.2.417548435212326627838780655634202890890 does not exist, skipping.
Image /home/sgoli125/workspace/research/MultiModalPFN/mmpfn/data/cbis_ddsm/jpeg/1.3.6.1.4.1.9590.100.1.2.304527856611712560839004435521362525492 does not exist, skipping.
Image /home/sgoli125/workspace/research/MultiModalPFN/mmpfn/data/cbis_ddsm/jpeg/1.3.6.1.4.1.9590.100.1.2.304527856611712560839004435521362525492 does not exist, skipping.
Image /home/sgoli125/workspace/research/MultiModalPFN/mmpfn/data/cbis_ddsm/jpeg/1.3.6.1.4.1.9590.100.1.2.424729954711159697125126701203315814592 does not exist, skipping.
Image /home/sgoli125/workspace/research/MultiModalPFN/mmpfn/data/cbis_ddsm/jpeg/1.3.6.1.4.1.9590.100.1.2.424729954711159697125126701203315814592 does not exist, skipping.
Image /home/sgoli125/workspace/research/MultiModalPFN/mmpfn/data/cbis_ddsm/jpeg/1.3.6.1.4.1.9590.100.1.2.36424169110661276032958565582898180862 does not exist, skipping.
Image /home/sgoli125/workspace/research/MultiModalPFN/mmpfn/data/cbis_ddsm/jpeg/1.3.6.1.4.1.9590.100.1.2.36424169110661276032958565582898180862 does not exist, skipping.
Image /home/sgoli125/workspace/research/MultiModalPFN/mmpfn/data/cbis_ddsm/jpeg/1.3.6.1.4.1.9590.100.1.2.414422747910982358008788584120329514207 does not exist, skipping.
Image /home/sgoli125/workspace/research/MultiModalPFN/mmpfn/data/cbis_ddsm/jpeg/1.3.6.1.4.1.9590.100.1.2.414422747910982358008788584120329514207 does not exist, skipping.
Image /home/sgoli125/workspace/research/MultiModalPFN/mmpfn/data/cbis_ddsm/jpeg/1.3.6.1.4.1.9590.100.1.2.42762912711049730303427014573334305742 does not exist, skipping.
Image /home/sgoli125/workspace/research/MultiModalPFN/mmpfn/data/cbis_ddsm/jpeg/1.3.6.1.4.1.9590.100.1.2.31764380412808876606254242891696464260 does not exist, skipping.
Image /home/sgoli125/workspace/research/MultiModalPFN/mmpfn/data/cbis_ddsm/jpeg/1.3.6.1.4.1.9590.100.1.2.31764380412808876606254242891696464260 does not exist, skipping.
Image /home/sgoli125/workspace/research/MultiModalPFN/mmpfn/data/cbis_ddsm/jpeg/1.3.6.1.4.1.9590.100.1.2.94401286311079940637575354234176510341 does not exist, skipping.
Image /home/sgoli125/workspace/research/MultiModalPFN/mmpfn/data/cbis_ddsm/jpeg/1.3.6.1.4.1.9590.100.1.2.342806866711097390303497745003367823178 does not exist, skipping.
Image /home/sgoli125/workspace/research/MultiModalPFN/mmpfn/data/cbis_ddsm/jpeg/1.3.6.1.4.1.9590.100.1.2.342806866711097390303497745003367823178 does not exist, skipping.
Image /home/sgoli125/workspace/research/MultiModalPFN/mmpfn/data/cbis_ddsm/jpeg/1.3.6.1.4.1.9590.100.1.2.353972119912089662303500760722167984709 does not exist, skipping.
Image /home/sgoli125/workspace/research/MultiModalPFN/mmpfn/data/cbis_ddsm/jpeg/1.3.6.1.4.1.9590.100.1.2.353972119912089662303500760722167984709 does not exist, skipping.
Image /home/sgoli125/workspace/research/MultiModalPFN/mmpfn/data/cbis_ddsm/jpeg/1.3.6.1.4.1.9590.100.1.2.24049862710563375227171012253250062296 does not exist, skipping.
Image /home/sgoli125/workspace/research/MultiModalPFN/mmpfn/data/cbis_ddsm/jpeg/1.3.6.1.4.1.9590.100.1.2.246130090311553315234482668904181393758 does not exist, skipping.
Image /home/sgoli125/workspace/research/MultiModalPFN/mmpfn/data/cbis_ddsm/jpeg/1.3.6.1.4.1.9590.100.1.2.246130090311553315234482668904181393758 does not exist, skipping.
Image /home/sgoli125/workspace/research/MultiModalPFN/mmpfn/data/cbis_ddsm/jpeg/1.3.6.1.4.1.9590.100.1.2.71142001913594554509299523963960662855 does not exist, skipping.
Image /home/sgoli125/workspace/research/MultiModalPFN/mmpfn/data/cbis_ddsm/jpeg/1.3.6.1.4.1.9590.100.1.2.392843982712744859935562444050144815856 does not exist, skipping.
Image /home/sgoli125/workspace/research/MultiModalPFN/mmpfn/data/cbis_ddsm/jpeg/1.3.6.1.4.1.9590.100.1.2.51184847912600641827700251082226435484 does not exist, skipping.
Image /home/sgoli125/workspace/research/MultiModalPFN/mmpfn/data/cbis_ddsm/jpeg/1.3.6.1.4.1.9590.100.1.2.51184847912600641827700251082226435484 does not exist, skipping.
Image /home/sgoli125/workspace/research/MultiModalPFN/mmpfn/data/cbis_ddsm/jpeg/1.3.6.1.4.1.9590.100.1.2.224382551013539826002081665883063274367 does not exist, skipping.
Image /home/sgoli125/workspace/research/MultiModalPFN/mmpfn/data/cbis_ddsm/jpeg/1.3.6.1.4.1.9590.100.1.2.312778704210164438821730925283101542220 does not exist, skipping.
Image /home/sgoli125/workspace/research/MultiModalPFN/mmpfn/data/cbis_ddsm/jpeg/1.3.6.1.4.1.9590.100.1.2.327802325011574904120839671651989730373 does not exist, skipping.
Image /home/sgoli125/workspace/research/MultiModalPFN/mmpfn/data/cbis_ddsm/jpeg/1.3.6.1.4.1.9590.100.1.2.327802325011574904120839671651989730373 does not exist, skipping.
Image /home/sgoli125/workspace/research/MultiModalPFN/mmpfn/data/cbis_ddsm/jpeg/1.3.6.1.4.1.9590.100.1.2.423589932611394098813047451172529019148 does not exist, skipping.
Image /home/sgoli125/workspace/research/MultiModalPFN/mmpfn/data/cbis_ddsm/jpeg/1.3.6.1.4.1.9590.100.1.2.327746193511348136629110048580081997513 does not exist, skipping.
Image /home/sgoli125/workspace/research/MultiModalPFN/mmpfn/data/cbis_ddsm/jpeg/1.3.6.1.4.1.9590.100.1.2.327746193511348136629110048580081997513 does not exist, skipping.
Image /home/sgoli125/workspace/research/MultiModalPFN/mmpfn/data/cbis_ddsm/jpeg/1.3.6.1.4.1.9590.100.1.2.62520602613602980418030688082379323379 does not exist, skipping.
Image /home/sgoli125/workspace/research/MultiModalPFN/mmpfn/data/cbis_ddsm/jpeg/1.3.6.1.4.1.9590.100.1.2.203970065112706924324370021454096282600 does not exist, skipping.
Image /home/sgoli125/workspace/research/MultiModalPFN/mmpfn/data/cbis_ddsm/jpeg/1.3.6.1.4.1.9590.100.1.2.43941248811932060425959307772414033323 does not exist, skipping.
Image /home/sgoli125/workspace/research/MultiModalPFN/mmpfn/data/cbis_ddsm/jpeg/1.3.6.1.4.1.9590.100.1.2.48416062411306564131997923171520794902 does not exist, skipping.
Image /home/sgoli125/workspace/research/MultiModalPFN/mmpfn/data/cbis_ddsm/jpeg/1.3.6.1.4.1.9590.100.1.2.213479805111756800235140829670343680695 does not exist, skipping.
Image /home/sgoli125/workspace/research/MultiModalPFN/mmpfn/data/cbis_ddsm/jpeg/1.3.6.1.4.1.9590.100.1.2.323819613710302263925884159030090866040 does not exist, skipping.
Image /home/sgoli125/workspace/research/MultiModalPFN/mmpfn/data/cbis_ddsm/jpeg/1.3.6.1.4.1.9590.100.1.2.323819613710302263925884159030090866040 does not exist, skipping.
Image /home/sgoli125/workspace/research/MultiModalPFN/mmpfn/data/cbis_ddsm/jpeg/1.3.6.1.4.1.9590.100.1.2.51941006212124694604546402963586764653 does not exist, skipping.
Image /home/sgoli125/workspace/research/MultiModalPFN/mmpfn/data/cbis_ddsm/jpeg/1.3.6.1.4.1.9590.100.1.2.43873839610761788013224723323225482381 does not exist, skipping.
Image /home/sgoli125/workspace/research/MultiModalPFN/mmpfn/data/cbis_ddsm/jpeg/1.3.6.1.4.1.9590.100.1.2.43873839610761788013224723323225482381 does not exist, skipping.
Image /home/sgoli125/workspace/research/MultiModalPFN/mmpfn/data/cbis_ddsm/jpeg/1.3.6.1.4.1.9590.100.1.2.222490301911728266815742260480398367605 does not exist, skipping.
Image /home/sgoli125/workspace/research/MultiModalPFN/mmpfn/data/cbis_ddsm/jpeg/1.3.6.1.4.1.9590.100.1.2.248115994912525429104448387842986945186 does not exist, skipping.
Image /home/sgoli125/workspace/research/MultiModalPFN/mmpfn/data/cbis_ddsm/jpeg/1.3.6.1.4.1.9590.100.1.2.248115994912525429104448387842986945186 does not exist, skipping.
Image /home/sgoli125/workspace/research/MultiModalPFN/mmpfn/data/cbis_ddsm/jpeg/1.3.6.1.4.1.9590.100.1.2.426908919112508199513948266470990243457 does not exist, skipping.
Image /home/sgoli125/workspace/research/MultiModalPFN/mmpfn/data/cbis_ddsm/jpeg/1.3.6.1.4.1.9590.100.1.2.213055477011614464512849059040123864462 does not exist, skipping.
Image /home/sgoli125/workspace/research/MultiModalPFN/mmpfn/data/cbis_ddsm/jpeg/1.3.6.1.4.1.9590.100.1.2.213055477011614464512849059040123864462 does not exist, skipping.
Image /home/sgoli125/workspace/research/MultiModalPFN/mmpfn/data/cbis_ddsm/jpeg/1.3.6.1.4.1.9590.100.1.2.245693496012713226434568669521804873679 does not exist, skipping.
Image /home/sgoli125/workspace/research/MultiModalPFN/mmpfn/data/cbis_ddsm/jpeg/1.3.6.1.4.1.9590.100.1.2.93044142711470198221610924971131123885 does not exist, skipping.
Image /home/sgoli125/workspace/research/MultiModalPFN/mmpfn/data/cbis_ddsm/jpeg/1.3.6.1.4.1.9590.100.1.2.93044142711470198221610924971131123885 does not exist, skipping.
Image /home/sgoli125/workspace/research/MultiModalPFN/mmpfn/data/cbis_ddsm/jpeg/1.3.6.1.4.1.9590.100.1.2.428163832610892161130597449180121416361 does not exist, skipping.
Image /home/sgoli125/workspace/research/MultiModalPFN/mmpfn/data/cbis_ddsm/jpeg/1.3.6.1.4.1.9590.100.1.2.51399914610209923438847461711244497187 does not exist, skipping.
Image /home/sgoli125/workspace/research/MultiModalPFN/mmpfn/data/cbis_ddsm/jpeg/1.3.6.1.4.1.9590.100.1.2.51399914610209923438847461711244497187 does not exist, skipping.
Image /home/sgoli125/workspace/research/MultiModalPFN/mmpfn/data/cbis_ddsm/jpeg/1.3.6.1.4.1.9590.100.1.2.99849561512168290821756942242329439660 does not exist, skipping.
Image /home/sgoli125/workspace/research/MultiModalPFN/mmpfn/data/cbis_ddsm/jpeg/1.3.6.1.4.1.9590.100.1.2.380688420811164855711720421660362201473 does not exist, skipping.
Image /home/sgoli125/workspace/research/MultiModalPFN/mmpfn/data/cbis_ddsm/jpeg/1.3.6.1.4.1.9590.100.1.2.270247332712204572705533887232680546749 does not exist, skipping.
Image /home/sgoli125/workspace/research/MultiModalPFN/mmpfn/data/cbis_ddsm/jpeg/1.3.6.1.4.1.9590.100.1.2.218032803711752617926296408852291032677 does not exist, skipping.
Image /home/sgoli125/workspace/research/MultiModalPFN/mmpfn/data/cbis_ddsm/jpeg/1.3.6.1.4.1.9590.100.1.2.218032803711752617926296408852291032677 does not exist, skipping.
Image /home/sgoli125/workspace/research/MultiModalPFN/mmpfn/data/cbis_ddsm/jpeg/1.3.6.1.4.1.9590.100.1.2.208879543011335395238635741982121125116 does not exist, skipping.
Image /home/sgoli125/workspace/research/MultiModalPFN/mmpfn/data/cbis_ddsm/jpeg/1.3.6.1.4.1.9590.100.1.2.31646194613306038711808280870848413422 does not exist, skipping.
Image /home/sgoli125/workspace/research/MultiModalPFN/mmpfn/data/cbis_ddsm/jpeg/1.3.6.1.4.1.9590.100.1.2.31646194613306038711808280870848413422 does not exist, skipping.
Image /home/sgoli125/workspace/research/MultiModalPFN/mmpfn/data/cbis_ddsm/jpeg/1.3.6.1.4.1.9590.100.1.2.2448529311758051613285357123953923871 does not exist, skipping.
Image /home/sgoli125/workspace/research/MultiModalPFN/mmpfn/data/cbis_ddsm/jpeg/1.3.6.1.4.1.9590.100.1.2.209605321012748626627455520162879888688 does not exist, skipping.
Image /home/sgoli125/workspace/research/MultiModalPFN/mmpfn/data/cbis_ddsm/jpeg/1.3.6.1.4.1.9590.100.1.2.209605321012748626627455520162879888688 does not exist, skipping.
Image /home/sgoli125/workspace/research/MultiModalPFN/mmpfn/data/cbis_ddsm/jpeg/1.3.6.1.4.1.9590.100.1.2.52906053712866447802133269923371757737 does not exist, skipping.
Image /home/sgoli125/workspace/research/MultiModalPFN/mmpfn/data/cbis_ddsm/jpeg/1.3.6.1.4.1.9590.100.1.2.82600937212058721501125633822189963843 does not exist, skipping.
Image /home/sgoli125/workspace/research/MultiModalPFN/mmpfn/data/cbis_ddsm/jpeg/1.3.6.1.4.1.9590.100.1.2.82600937212058721501125633822189963843 does not exist, skipping.
Image /home/sgoli125/workspace/research/MultiModalPFN/mmpfn/data/cbis_ddsm/jpeg/1.3.6.1.4.1.9590.100.1.2.262614064312093867920571227170199974327 does not exist, skipping.
Image /home/sgoli125/workspace/research/MultiModalPFN/mmpfn/data/cbis_ddsm/jpeg/1.3.6.1.4.1.9590.100.1.2.262614064312093867920571227170199974327 does not exist, skipping.
Image /home/sgoli125/workspace/research/MultiModalPFN/mmpfn/data/cbis_ddsm/jpeg/1.3.6.1.4.1.9590.100.1.2.424882811712752156925272152341077230426 does not exist, skipping.
Image /home/sgoli125/workspace/research/MultiModalPFN/mmpfn/data/cbis_ddsm/jpeg/1.3.6.1.4.1.9590.100.1.2.382161872912744789714360820701966974210 does not exist, skipping.
Image /home/sgoli125/workspace/research/MultiModalPFN/mmpfn/data/cbis_ddsm/jpeg/1.3.6.1.4.1.9590.100.1.2.382161872912744789714360820701966974210 does not exist, skipping.
Image /home/sgoli125/workspace/research/MultiModalPFN/mmpfn/data/cbis_ddsm/jpeg/1.3.6.1.4.1.9590.100.1.2.290229220113810647235081932003928413427 does not exist, skipping.
Image /home/sgoli125/workspace/research/MultiModalPFN/mmpfn/data/cbis_ddsm/jpeg/1.3.6.1.4.1.9590.100.1.2.239086271612143569436272249690880577883 does not exist, skipping.
Image /home/sgoli125/workspace/research/MultiModalPFN/mmpfn/data/cbis_ddsm/jpeg/1.3.6.1.4.1.9590.100.1.2.239086271612143569436272249690880577883 does not exist, skipping.
Image /home/sgoli125/workspace/research/MultiModalPFN/mmpfn/data/cbis_ddsm/jpeg/1.3.6.1.4.1.9590.100.1.2.70439657210611085411146057522676433720 does not exist, skipping.
Image /home/sgoli125/workspace/research/MultiModalPFN/mmpfn/data/cbis_ddsm/jpeg/1.3.6.1.4.1.9590.100.1.2.44184316111784497007273222941348900374 does not exist, skipping.
Image /home/sgoli125/workspace/research/MultiModalPFN/mmpfn/data/cbis_ddsm/jpeg/1.3.6.1.4.1.9590.100.1.2.44184316111784497007273222941348900374 does not exist, skipping.
Image /home/sgoli125/workspace/research/MultiModalPFN/mmpfn/data/cbis_ddsm/jpeg/1.3.6.1.4.1.9590.100.1.2.76958903112621704936459227274115747517 does not exist, skipping.
Image /home/sgoli125/workspace/research/MultiModalPFN/mmpfn/data/cbis_ddsm/jpeg/1.3.6.1.4.1.9590.100.1.2.72099240511939471415879661370657955847 does not exist, skipping.
Image /home/sgoli125/workspace/research/MultiModalPFN/mmpfn/data/cbis_ddsm/jpeg/1.3.6.1.4.1.9590.100.1.2.72099240511939471415879661370657955847 does not exist, skipping.
Image /home/sgoli125/workspace/research/MultiModalPFN/mmpfn/data/cbis_ddsm/jpeg/1.3.6.1.4.1.9590.100.1.2.236615099411072091542335814700693777758 does not exist, skipping.
Image /home/sgoli125/workspace/research/MultiModalPFN/mmpfn/data/cbis_ddsm/jpeg/1.3.6.1.4.1.9590.100.1.2.236615099411072091542335814700693777758 does not exist, skipping.
Image /home/sgoli125/workspace/research/MultiModalPFN/mmpfn/data/cbis_ddsm/jpeg/1.3.6.1.4.1.9590.100.1.2.83772224311442125742849225592295739438 does not exist, skipping.
Image /home/sgoli125/workspace/research/MultiModalPFN/mmpfn/data/cbis_ddsm/jpeg/1.3.6.1.4.1.9590.100.1.2.229622928511557097709939887572727994977 does not exist, skipping.
Image /home/sgoli125/workspace/research/MultiModalPFN/mmpfn/data/cbis_ddsm/jpeg/1.3.6.1.4.1.9590.100.1.2.229622928511557097709939887572727994977 does not exist, skipping.
Image /home/sgoli125/workspace/research/MultiModalPFN/mmpfn/data/cbis_ddsm/jpeg/1.3.6.1.4.1.9590.100.1.2.395119796911717183208718117572298386861 does not exist, skipping.
Image /home/sgoli125/workspace/research/MultiModalPFN/mmpfn/data/cbis_ddsm/jpeg/1.3.6.1.4.1.9590.100.1.2.61525752510936895032344375603971630319 does not exist, skipping.
Image /home/sgoli125/workspace/research/MultiModalPFN/mmpfn/data/cbis_ddsm/jpeg/1.3.6.1.4.1.9590.100.1.2.61525752510936895032344375603971630319 does not exist, skipping.
Image /home/sgoli125/workspace/research/MultiModalPFN/mmpfn/data/cbis_ddsm/jpeg/1.3.6.1.4.1.9590.100.1.2.330825165611895385300304977110070004321 does not exist, skipping.
Image /home/sgoli125/workspace/research/MultiModalPFN/mmpfn/data/cbis_ddsm/jpeg/1.3.6.1.4.1.9590.100.1.2.383228819411157218228373387692252277708 does not exist, skipping.
Image /home/sgoli125/workspace/research/MultiModalPFN/mmpfn/data/cbis_ddsm/jpeg/1.3.6.1.4.1.9590.100.1.2.383228819411157218228373387692252277708 does not exist, skipping.
Image /home/sgoli125/workspace/research/MultiModalPFN/mmpfn/data/cbis_ddsm/jpeg/1.3.6.1.4.1.9590.100.1.2.330825165611895385300304977110070004321 does not exist, skipping.
Image /home/sgoli125/workspace/research/MultiModalPFN/mmpfn/data/cbis_ddsm/jpeg/1.3.6.1.4.1.9590.100.1.2.293629768213098982240090876542239338862 does not exist, skipping.
Image /home/sgoli125/workspace/research/MultiModalPFN/mmpfn/data/cbis_ddsm/jpeg/1.3.6.1.4.1.9590.100.1.2.240918465711080182306072383310927600859 does not exist, skipping.
Image /home/sgoli125/workspace/research/MultiModalPFN/mmpfn/data/cbis_ddsm/jpeg/1.3.6.1.4.1.9590.100.1.2.240918465711080182306072383310927600859 does not exist, skipping.
Image /home/sgoli125/workspace/research/MultiModalPFN/mmpfn/data/cbis_ddsm/jpeg/1.3.6.1.4.1.9590.100.1.2.204932936112007111301870388513884327444 does not exist, skipping.
Image /home/sgoli125/workspace/research/MultiModalPFN/mmpfn/data/cbis_ddsm/jpeg/1.3.6.1.4.1.9590.100.1.2.23543642711969654909809435463294538483 does not exist, skipping.
Image /home/sgoli125/workspace/research/MultiModalPFN/mmpfn/data/cbis_ddsm/jpeg/1.3.6.1.4.1.9590.100.1.2.23543642711969654909809435463294538483 does not exist, skipping.
Image /home/sgoli125/workspace/research/MultiModalPFN/mmpfn/data/cbis_ddsm/jpeg/1.3.6.1.4.1.9590.100.1.2.204932936112007111301870388513884327444 does not exist, skipping.
Image /home/sgoli125/workspace/research/MultiModalPFN/mmpfn/data/cbis_ddsm/jpeg/1.3.6.1.4.1.9590.100.1.2.32533818211960999741367364471341297674 does not exist, skipping.
Image /home/sgoli125/workspace/research/MultiModalPFN/mmpfn/data/cbis_ddsm/jpeg/1.3.6.1.4.1.9590.100.1.2.32533818211960999741367364471341297674 does not exist, skipping.
Image /home/sgoli125/workspace/research/MultiModalPFN/mmpfn/data/cbis_ddsm/jpeg/1.3.6.1.4.1.9590.100.1.2.375224835512033376313982800814186047606 does not exist, skipping.
Image /home/sgoli125/workspace/research/MultiModalPFN/mmpfn/data/cbis_ddsm/jpeg/1.3.6.1.4.1.9590.100.1.2.415590290711377309101867941373566266357 does not exist, skipping.
Image /home/sgoli125/workspace/research/MultiModalPFN/mmpfn/data/cbis_ddsm/jpeg/1.3.6.1.4.1.9590.100.1.2.415590290711377309101867941373566266357 does not exist, skipping.
Image /home/sgoli125/workspace/research/MultiModalPFN/mmpfn/data/cbis_ddsm/jpeg/1.3.6.1.4.1.9590.100.1.2.374025484613289747003633301880664191502 does not exist, skipping.
Image /home/sgoli125/workspace/research/MultiModalPFN/mmpfn/data/cbis_ddsm/jpeg/1.3.6.1.4.1.9590.100.1.2.42400754213228696808259017561818845713 does not exist, skipping.
Image /home/sgoli125/workspace/research/MultiModalPFN/mmpfn/data/cbis_ddsm/jpeg/1.3.6.1.4.1.9590.100.1.2.42400754213228696808259017561818845713 does not exist, skipping.
Image /home/sgoli125/workspace/research/MultiModalPFN/mmpfn/data/cbis_ddsm/jpeg/1.3.6.1.4.1.9590.100.1.2.397977891813455499623578940723346023154 does not exist, skipping.
Image /home/sgoli125/workspace/research/MultiModalPFN/mmpfn/data/cbis_ddsm/jpeg/1.3.6.1.4.1.9590.100.1.2.75074886911317428336210351841116845645 does not exist, skipping.
Image /home/sgoli125/workspace/research/MultiModalPFN/mmpfn/data/cbis_ddsm/jpeg/1.3.6.1.4.1.9590.100.1.2.246908800512832467811733699892207138251 does not exist, skipping.
Image /home/sgoli125/workspace/research/MultiModalPFN/mmpfn/data/cbis_ddsm/jpeg/1.3.6.1.4.1.9590.100.1.2.246908800512832467811733699892207138251 does not exist, skipping.
Image /home/sgoli125/workspace/research/MultiModalPFN/mmpfn/data/cbis_ddsm/jpeg/1.3.6.1.4.1.9590.100.1.2.417089406912388930328037705201262088179 does not exist, skipping.
Image /home/sgoli125/workspace/research/MultiModalPFN/mmpfn/data/cbis_ddsm/jpeg/1.3.6.1.4.1.9590.100.1.2.34059138011334091729776129790894631289 does not exist, skipping.
Image /home/sgoli125/workspace/research/MultiModalPFN/mmpfn/data/cbis_ddsm/jpeg/1.3.6.1.4.1.9590.100.1.2.209651389812047318939236701471423778021 does not exist, skipping.
Image /home/sgoli125/workspace/research/MultiModalPFN/mmpfn/data/cbis_ddsm/jpeg/1.3.6.1.4.1.9590.100.1.2.209651389812047318939236701471423778021 does not exist, skipping.
Image /home/sgoli125/workspace/research/MultiModalPFN/mmpfn/data/cbis_ddsm/jpeg/1.3.6.1.4.1.9590.100.1.2.383084015312187246035597241651391161847 does not exist, skipping.
Image /home/sgoli125/workspace/research/MultiModalPFN/mmpfn/data/cbis_ddsm/jpeg/1.3.6.1.4.1.9590.100.1.2.383084015312187246035597241651391161847 does not exist, skipping.
Image /home/sgoli125/workspace/research/MultiModalPFN/mmpfn/data/cbis_ddsm/jpeg/1.3.6.1.4.1.9590.100.1.2.268775189713847990639381948403223519034 does not exist, skipping.
Image /home/sgoli125/workspace/research/MultiModalPFN/mmpfn/data/cbis_ddsm/jpeg/1.3.6.1.4.1.9590.100.1.2.268775189713847990639381948403223519034 does not exist, skipping.
Image /home/sgoli125/workspace/research/MultiModalPFN/mmpfn/data/cbis_ddsm/jpeg/1.3.6.1.4.1.9590.100.1.2.383084015312187246035597241651391161847 does not exist, skipping.
Image /home/sgoli125/workspace/research/MultiModalPFN/mmpfn/data/cbis_ddsm/jpeg/1.3.6.1.4.1.9590.100.1.2.383084015312187246035597241651391161847 does not exist, skipping.
Image /home/sgoli125/workspace/research/MultiModalPFN/mmpfn/data/cbis_ddsm/jpeg/1.3.6.1.4.1.9590.100.1.2.219816052611416889502500583983354888336 does not exist, skipping.
Image /home/sgoli125/workspace/research/MultiModalPFN/mmpfn/data/cbis_ddsm/jpeg/1.3.6.1.4.1.9590.100.1.2.219816052611416889502500583983354888336 does not exist, skipping.
Image /home/sgoli125/workspace/research/MultiModalPFN/mmpfn/data/cbis_ddsm/jpeg/1.3.6.1.4.1.9590.100.1.2.383084015312187246035597241651391161847 does not exist, skipping.
Image /home/sgoli125/workspace/research/MultiModalPFN/mmpfn/data/cbis_ddsm/jpeg/1.3.6.1.4.1.9590.100.1.2.312484986211624832205000935803744799999 does not exist, skipping.
Image /home/sgoli125/workspace/research/MultiModalPFN/mmpfn/data/cbis_ddsm/jpeg/1.3.6.1.4.1.9590.100.1.2.312484986211624832205000935803744799999 does not exist, skipping.
Image /home/sgoli125/workspace/research/MultiModalPFN/mmpfn/data/cbis_ddsm/jpeg/1.3.6.1.4.1.9590.100.1.2.419410657312812960613390693250292392446 does not exist, skipping.
Image /home/sgoli125/workspace/research/MultiModalPFN/mmpfn/data/cbis_ddsm/jpeg/1.3.6.1.4.1.9590.100.1.2.387703886612196514302739624273382071518 does not exist, skipping.
Image /home/sgoli125/workspace/research/MultiModalPFN/mmpfn/data/cbis_ddsm/jpeg/1.3.6.1.4.1.9590.100.1.2.387703886612196514302739624273382071518 does not exist, skipping.
Image /home/sgoli125/workspace/research/MultiModalPFN/mmpfn/data/cbis_ddsm/jpeg/1.3.6.1.4.1.9590.100.1.2.419410657312812960613390693250292392446 does not exist, skipping.
Image /home/sgoli125/workspace/research/MultiModalPFN/mmpfn/data/cbis_ddsm/jpeg/1.3.6.1.4.1.9590.100.1.2.419410657312812960613390693250292392446 does not exist, skipping.
Image /home/sgoli125/workspace/research/MultiModalPFN/mmpfn/data/cbis_ddsm/jpeg/1.3.6.1.4.1.9590.100.1.2.237724504011339458929090456412788655679 does not exist, skipping.
Image /home/sgoli125/workspace/research/MultiModalPFN/mmpfn/data/cbis_ddsm/jpeg/1.3.6.1.4.1.9590.100.1.2.237724504011339458929090456412788655679 does not exist, skipping.
Image /home/sgoli125/workspace/research/MultiModalPFN/mmpfn/data/cbis_ddsm/jpeg/1.3.6.1.4.1.9590.100.1.2.331828654011758947930839827374231003829 does not exist, skipping.
Image /home/sgoli125/workspace/research/MultiModalPFN/mmpfn/data/cbis_ddsm/jpeg/1.3.6.1.4.1.9590.100.1.2.331828654011758947930839827374231003829 does not exist, skipping.
Image /home/sgoli125/workspace/research/MultiModalPFN/mmpfn/data/cbis_ddsm/jpeg/1.3.6.1.4.1.9590.100.1.2.357214585012696579228748059281324511668 does not exist, skipping.
Image /home/sgoli125/workspace/research/MultiModalPFN/mmpfn/data/cbis_ddsm/jpeg/1.3.6.1.4.1.9590.100.1.2.357214585012696579228748059281324511668 does not exist, skipping.
Image /home/sgoli125/workspace/research/MultiModalPFN/mmpfn/data/cbis_ddsm/jpeg/1.3.6.1.4.1.9590.100.1.2.373982851411878768111157779451693039339 does not exist, skipping.
Image /home/sgoli125/workspace/research/MultiModalPFN/mmpfn/data/cbis_ddsm/jpeg/1.3.6.1.4.1.9590.100.1.2.373982851411878768111157779451693039339 does not exist, skipping.
Image /home/sgoli125/workspace/research/MultiModalPFN/mmpfn/data/cbis_ddsm/jpeg/1.3.6.1.4.1.9590.100.1.2.19751888112560792610074441432332202668 does not exist, skipping.
Image /home/sgoli125/workspace/research/MultiModalPFN/mmpfn/data/cbis_ddsm/jpeg/1.3.6.1.4.1.9590.100.1.2.326342684212605282109324509633061180980 does not exist, skipping.
Image /home/sgoli125/workspace/research/MultiModalPFN/mmpfn/data/cbis_ddsm/jpeg/1.3.6.1.4.1.9590.100.1.2.326342684212605282109324509633061180980 does not exist, skipping.
Image /home/sgoli125/workspace/research/MultiModalPFN/mmpfn/data/cbis_ddsm/jpeg/1.3.6.1.4.1.9590.100.1.2.20630952912877569514919614793206323155 does not exist, skipping.
Image /home/sgoli125/workspace/research/MultiModalPFN/mmpfn/data/cbis_ddsm/jpeg/1.3.6.1.4.1.9590.100.1.2.35972224112655501315001155893333671981 does not exist, skipping.
Image /home/sgoli125/workspace/research/MultiModalPFN/mmpfn/data/cbis_ddsm/jpeg/1.3.6.1.4.1.9590.100.1.2.312064575313543515220300745352630857321 does not exist, skipping.
Image /home/sgoli125/workspace/research/MultiModalPFN/mmpfn/data/cbis_ddsm/jpeg/1.3.6.1.4.1.9590.100.1.2.387306537011339133438721606914081037725 does not exist, skipping.
Image /home/sgoli125/workspace/research/MultiModalPFN/mmpfn/data/cbis_ddsm/jpeg/1.3.6.1.4.1.9590.100.1.2.387306537011339133438721606914081037725 does not exist, skipping.
Image /home/sgoli125/workspace/research/MultiModalPFN/mmpfn/data/cbis_ddsm/jpeg/1.3.6.1.4.1.9590.100.1.2.291790757212675342611858069914078236037 does not exist, skipping.
Image /home/sgoli125/workspace/research/MultiModalPFN/mmpfn/data/cbis_ddsm/jpeg/1.3.6.1.4.1.9590.100.1.2.334674409212634148512082105802285327690 does not exist, skipping.
Image /home/sgoli125/workspace/research/MultiModalPFN/mmpfn/data/cbis_ddsm/jpeg/1.3.6.1.4.1.9590.100.1.2.334674409212634148512082105802285327690 does not exist, skipping.
Image /home/sgoli125/workspace/research/MultiModalPFN/mmpfn/data/cbis_ddsm/jpeg/1.3.6.1.4.1.9590.100.1.2.280825898411750356829843839152975856247 does not exist, skipping.
Image /home/sgoli125/workspace/research/MultiModalPFN/mmpfn/data/cbis_ddsm/jpeg/1.3.6.1.4.1.9590.100.1.2.403358717113527849111437349360275414259 does not exist, skipping.
Image /home/sgoli125/workspace/research/MultiModalPFN/mmpfn/data/cbis_ddsm/jpeg/1.3.6.1.4.1.9590.100.1.2.403358717113527849111437349360275414259 does not exist, skipping.
Image /home/sgoli125/workspace/research/MultiModalPFN/mmpfn/data/cbis_ddsm/jpeg/1.3.6.1.4.1.9590.100.1.2.318795357011333161907603475760244333735 does not exist, skipping.
Image /home/sgoli125/workspace/research/MultiModalPFN/mmpfn/data/cbis_ddsm/jpeg/1.3.6.1.4.1.9590.100.1.2.314644340910371914309085764372208113760 does not exist, skipping.
Image /home/sgoli125/workspace/research/MultiModalPFN/mmpfn/data/cbis_ddsm/jpeg/1.3.6.1.4.1.9590.100.1.2.314644340910371914309085764372208113760 does not exist, skipping.
Image /home/sgoli125/workspace/research/MultiModalPFN/mmpfn/data/cbis_ddsm/jpeg/1.3.6.1.4.1.9590.100.1.2.282641258311596660228204542760068355720 does not exist, skipping.
Image /home/sgoli125/workspace/research/MultiModalPFN/mmpfn/data/cbis_ddsm/jpeg/1.3.6.1.4.1.9590.100.1.2.389273289611161275802317999421109002390 does not exist, skipping.
Image /home/sgoli125/workspace/research/MultiModalPFN/mmpfn/data/cbis_ddsm/jpeg/1.3.6.1.4.1.9590.100.1.2.389273289611161275802317999421109002390 does not exist, skipping.
Image /home/sgoli125/workspace/research/MultiModalPFN/mmpfn/data/cbis_ddsm/jpeg/1.3.6.1.4.1.9590.100.1.2.243973104911020942327740141343962897455 does not exist, skipping.
Image /home/sgoli125/workspace/research/MultiModalPFN/mmpfn/data/cbis_ddsm/jpeg/1.3.6.1.4.1.9590.100.1.2.243973104911020942327740141343962897455 does not exist, skipping.
Image /home/sgoli125/workspace/research/MultiModalPFN/mmpfn/data/cbis_ddsm/jpeg/1.3.6.1.4.1.9590.100.1.2.23478273011012398821262698602156931512 does not exist, skipping.
Image /home/sgoli125/workspace/research/MultiModalPFN/mmpfn/data/cbis_ddsm/jpeg/1.3.6.1.4.1.9590.100.1.2.64533865910813772218596443463651695097 does not exist, skipping.
Image /home/sgoli125/workspace/research/MultiModalPFN/mmpfn/data/cbis_ddsm/jpeg/1.3.6.1.4.1.9590.100.1.2.64533865910813772218596443463651695097 does not exist, skipping.
Image /home/sgoli125/workspace/research/MultiModalPFN/mmpfn/data/cbis_ddsm/jpeg/1.3.6.1.4.1.9590.100.1.2.70012532911736490135306300510795887564 does not exist, skipping.
Image /home/sgoli125/workspace/research/MultiModalPFN/mmpfn/data/cbis_ddsm/jpeg/1.3.6.1.4.1.9590.100.1.2.408787604312640532604426103513472223305 does not exist, skipping.
Image /home/sgoli125/workspace/research/MultiModalPFN/mmpfn/data/cbis_ddsm/jpeg/1.3.6.1.4.1.9590.100.1.2.408787604312640532604426103513472223305 does not exist, skipping.
Image /home/sgoli125/workspace/research/MultiModalPFN/mmpfn/data/cbis_ddsm/jpeg/1.3.6.1.4.1.9590.100.1.2.362722981912364196037055929741492450134 does not exist, skipping.
Image /home/sgoli125/workspace/research/MultiModalPFN/mmpfn/data/cbis_ddsm/jpeg/1.3.6.1.4.1.9590.100.1.2.277118485712837089912775450911866183239 does not exist, skipping.
Image /home/sgoli125/workspace/research/MultiModalPFN/mmpfn/data/cbis_ddsm/jpeg/1.3.6.1.4.1.9590.100.1.2.198091631112816673639510202044031630921 does not exist, skipping.
Image /home/sgoli125/workspace/research/MultiModalPFN/mmpfn/data/cbis_ddsm/jpeg/1.3.6.1.4.1.9590.100.1.2.198091631112816673639510202044031630921 does not exist, skipping.
Image /home/sgoli125/workspace/research/MultiModalPFN/mmpfn/data/cbis_ddsm/jpeg/1.3.6.1.4.1.9590.100.1.2.265137984313406655725419002090356526005 does not exist, skipping.
Image /home/sgoli125/workspace/research/MultiModalPFN/mmpfn/data/cbis_ddsm/jpeg/1.3.6.1.4.1.9590.100.1.2.235945521811290740616561100123700737471 does not exist, skipping.
Image /home/sgoli125/workspace/research/MultiModalPFN/mmpfn/data/cbis_ddsm/jpeg/1.3.6.1.4.1.9590.100.1.2.318670748710611102927146321082375655596 does not exist, skipping.
Image /home/sgoli125/workspace/research/MultiModalPFN/mmpfn/data/cbis_ddsm/jpeg/1.3.6.1.4.1.9590.100.1.2.318670748710611102927146321082375655596 does not exist, skipping.
Image /home/sgoli125/workspace/research/MultiModalPFN/mmpfn/data/cbis_ddsm/jpeg/1.3.6.1.4.1.9590.100.1.2.295397487412067903910787953980192002590 does not exist, skipping.
Image /home/sgoli125/workspace/research/MultiModalPFN/mmpfn/data/cbis_ddsm/jpeg/1.3.6.1.4.1.9590.100.1.2.308540817510816144939801819142526237116 does not exist, skipping.
Image /home/sgoli125/workspace/research/MultiModalPFN/mmpfn/data/cbis_ddsm/jpeg/1.3.6.1.4.1.9590.100.1.2.308540817510816144939801819142526237116 does not exist, skipping.
Image /home/sgoli125/workspace/research/MultiModalPFN/mmpfn/data/cbis_ddsm/jpeg/1.3.6.1.4.1.9590.100.1.2.289743929613127103521749541211475878547 does not exist, skipping.
Image /home/sgoli125/workspace/research/MultiModalPFN/mmpfn/data/cbis_ddsm/jpeg/1.3.6.1.4.1.9590.100.1.2.93355638411709562004464626511176203968 does not exist, skipping.
Image /home/sgoli125/workspace/research/MultiModalPFN/mmpfn/data/cbis_ddsm/jpeg/1.3.6.1.4.1.9590.100.1.2.93355638411709562004464626511176203968 does not exist, skipping.
Image /home/sgoli125/workspace/research/MultiModalPFN/mmpfn/data/cbis_ddsm/jpeg/1.3.6.1.4.1.9590.100.1.2.291492835513257212815754341470883582190 does not exist, skipping.
Image /home/sgoli125/workspace/research/MultiModalPFN/mmpfn/data/cbis_ddsm/jpeg/1.3.6.1.4.1.9590.100.1.2.210604569211177131520271008481012270185 does not exist, skipping.
Image /home/sgoli125/workspace/research/MultiModalPFN/mmpfn/data/cbis_ddsm/jpeg/1.3.6.1.4.1.9590.100.1.2.210604569211177131520271008481012270185 does not exist, skipping.
Image /home/sgoli125/workspace/research/MultiModalPFN/mmpfn/data/cbis_ddsm/jpeg/1.3.6.1.4.1.9590.100.1.2.223355501110410477409262071651794035858 does not exist, skipping.
Image /home/sgoli125/workspace/research/MultiModalPFN/mmpfn/data/cbis_ddsm/jpeg/1.3.6.1.4.1.9590.100.1.2.370932447012682741839171063160938015619 does not exist, skipping.
Image /home/sgoli125/workspace/research/MultiModalPFN/mmpfn/data/cbis_ddsm/jpeg/1.3.6.1.4.1.9590.100.1.2.370932447012682741839171063160938015619 does not exist, skipping.
Image /home/sgoli125/workspace/research/MultiModalPFN/mmpfn/data/cbis_ddsm/jpeg/1.3.6.1.4.1.9590.100.1.2.221813109312502505440274540962266107790 does not exist, skipping.
Image /home/sgoli125/workspace/research/MultiModalPFN/mmpfn/data/cbis_ddsm/jpeg/1.3.6.1.4.1.9590.100.1.2.256325311212197330912762075431688726875 does not exist, skipping.
Image /home/sgoli125/workspace/research/MultiModalPFN/mmpfn/data/cbis_ddsm/jpeg/1.3.6.1.4.1.9590.100.1.2.256325311212197330912762075431688726875 does not exist, skipping.
Image /home/sgoli125/workspace/research/MultiModalPFN/mmpfn/data/cbis_ddsm/jpeg/1.3.6.1.4.1.9590.100.1.2.256308543811354132713957131523353780136 does not exist, skipping.
Image /home/sgoli125/workspace/research/MultiModalPFN/mmpfn/data/cbis_ddsm/jpeg/1.3.6.1.4.1.9590.100.1.2.256308543811354132713957131523353780136 does not exist, skipping.
Image /home/sgoli125/workspace/research/MultiModalPFN/mmpfn/data/cbis_ddsm/jpeg/1.3.6.1.4.1.9590.100.1.2.397573561111296192309543223482986197152 does not exist, skipping.
Image /home/sgoli125/workspace/research/MultiModalPFN/mmpfn/data/cbis_ddsm/jpeg/1.3.6.1.4.1.9590.100.1.2.218912511112733612941904682861747892974 does not exist, skipping.
Image /home/sgoli125/workspace/research/MultiModalPFN/mmpfn/data/cbis_ddsm/jpeg/1.3.6.1.4.1.9590.100.1.2.325678795912867694418543446014194692233 does not exist, skipping.
Image /home/sgoli125/workspace/research/MultiModalPFN/mmpfn/data/cbis_ddsm/jpeg/1.3.6.1.4.1.9590.100.1.2.325678795912867694418543446014194692233 does not exist, skipping.
Image /home/sgoli125/workspace/research/MultiModalPFN/mmpfn/data/cbis_ddsm/jpeg/1.3.6.1.4.1.9590.100.1.2.63200910512557522821086711330263634348 does not exist, skipping.
Image /home/sgoli125/workspace/research/MultiModalPFN/mmpfn/data/cbis_ddsm/jpeg/1.3.6.1.4.1.9590.100.1.2.256310707111000982713982314240641257657 does not exist, skipping.
Image /home/sgoli125/workspace/research/MultiModalPFN/mmpfn/data/cbis_ddsm/jpeg/1.3.6.1.4.1.9590.100.1.2.256310707111000982713982314240641257657 does not exist, skipping.
Image /home/sgoli125/workspace/research/MultiModalPFN/mmpfn/data/cbis_ddsm/jpeg/1.3.6.1.4.1.9590.100.1.2.78109951511092761713429881620095372440 does not exist, skipping.
Image /home/sgoli125/workspace/research/MultiModalPFN/mmpfn/data/cbis_ddsm/jpeg/1.3.6.1.4.1.9590.100.1.2.308902845611397599619640209013384074773 does not exist, skipping.
Image /home/sgoli125/workspace/research/MultiModalPFN/mmpfn/data/cbis_ddsm/jpeg/1.3.6.1.4.1.9590.100.1.2.308902845611397599619640209013384074773 does not exist, skipping.
Image /home/sgoli125/workspace/research/MultiModalPFN/mmpfn/data/cbis_ddsm/jpeg/1.3.6.1.4.1.9590.100.1.2.305474508013164328209392882041994773722 does not exist, skipping.
Image /home/sgoli125/workspace/research/MultiModalPFN/mmpfn/data/cbis_ddsm/jpeg/1.3.6.1.4.1.9590.100.1.2.2384234710251054107522753430374290347 does not exist, skipping.
Image /home/sgoli125/workspace/research/MultiModalPFN/mmpfn/data/cbis_ddsm/jpeg/1.3.6.1.4.1.9590.100.1.2.2384234710251054107522753430374290347 does not exist, skipping.
Image /home/sgoli125/workspace/research/MultiModalPFN/mmpfn/data/cbis_ddsm/jpeg/1.3.6.1.4.1.9590.100.1.2.253891069010827742025444627353961232480 does not exist, skipping.
Image /home/sgoli125/workspace/research/MultiModalPFN/mmpfn/data/cbis_ddsm/jpeg/1.3.6.1.4.1.9590.100.1.2.253891069010827742025444627353961232480 does not exist, skipping.
Image /home/sgoli125/workspace/research/MultiModalPFN/mmpfn/data/cbis_ddsm/jpeg/1.3.6.1.4.1.9590.100.1.2.340775804311000418009238130120693249391 does not exist, skipping.
Image /home/sgoli125/workspace/research/MultiModalPFN/mmpfn/data/cbis_ddsm/jpeg/1.3.6.1.4.1.9590.100.1.2.203459861012100249216430503683678513187 does not exist, skipping.
Image /home/sgoli125/workspace/research/MultiModalPFN/mmpfn/data/cbis_ddsm/jpeg/1.3.6.1.4.1.9590.100.1.2.203459861012100249216430503683678513187 does not exist, skipping.
Image /home/sgoli125/workspace/research/MultiModalPFN/mmpfn/data/cbis_ddsm/jpeg/1.3.6.1.4.1.9590.100.1.2.203799461510143201801945750242481425662 does not exist, skipping.
Image /home/sgoli125/workspace/research/MultiModalPFN/mmpfn/data/cbis_ddsm/jpeg/1.3.6.1.4.1.9590.100.1.2.203799461510143201801945750242481425662 does not exist, skipping.
Image /home/sgoli125/workspace/research/MultiModalPFN/mmpfn/data/cbis_ddsm/jpeg/1.3.6.1.4.1.9590.100.1.2.205668534212671321410973920420058471838 does not exist, skipping.
Image /home/sgoli125/workspace/research/MultiModalPFN/mmpfn/data/cbis_ddsm/jpeg/1.3.6.1.4.1.9590.100.1.2.211787352512981510038595887742451657822 does not exist, skipping.
Image /home/sgoli125/workspace/research/MultiModalPFN/mmpfn/data/cbis_ddsm/jpeg/1.3.6.1.4.1.9590.100.1.2.211787352512981510038595887742451657822 does not exist, skipping.
Image /home/sgoli125/workspace/research/MultiModalPFN/mmpfn/data/cbis_ddsm/jpeg/1.3.6.1.4.1.9590.100.1.2.36835724411324568535216797843641270234 does not exist, skipping.
Image /home/sgoli125/workspace/research/MultiModalPFN/mmpfn/data/cbis_ddsm/jpeg/1.3.6.1.4.1.9590.100.1.2.371831172612710422511524138301886759424 does not exist, skipping.
Image /home/sgoli125/workspace/research/MultiModalPFN/mmpfn/data/cbis_ddsm/jpeg/1.3.6.1.4.1.9590.100.1.2.371831172612710422511524138301886759424 does not exist, skipping.
Image /home/sgoli125/workspace/research/MultiModalPFN/mmpfn/data/cbis_ddsm/jpeg/1.3.6.1.4.1.9590.100.1.2.387619206511012578240443721540293303242 does not exist, skipping.
Image /home/sgoli125/workspace/research/MultiModalPFN/mmpfn/data/cbis_ddsm/jpeg/1.3.6.1.4.1.9590.100.1.2.343844464011434743603346651344062225716 does not exist, skipping.
Image /home/sgoli125/workspace/research/MultiModalPFN/mmpfn/data/cbis_ddsm/jpeg/1.3.6.1.4.1.9590.100.1.2.65325031513928234034300986042816882049 does not exist, skipping.
Image /home/sgoli125/workspace/research/MultiModalPFN/mmpfn/data/cbis_ddsm/jpeg/1.3.6.1.4.1.9590.100.1.2.65325031513928234034300986042816882049 does not exist, skipping.
Image /home/sgoli125/workspace/research/MultiModalPFN/mmpfn/data/cbis_ddsm/jpeg/1.3.6.1.4.1.9590.100.1.2.44065475811569696824006401280610368950 does not exist, skipping.
Image /home/sgoli125/workspace/research/MultiModalPFN/mmpfn/data/cbis_ddsm/jpeg/1.3.6.1.4.1.9590.100.1.2.80724077612045866442150626872627771405 does not exist, skipping.
Image /home/sgoli125/workspace/research/MultiModalPFN/mmpfn/data/cbis_ddsm/jpeg/1.3.6.1.4.1.9590.100.1.2.80724077612045866442150626872627771405 does not exist, skipping.
Image /home/sgoli125/workspace/research/MultiModalPFN/mmpfn/data/cbis_ddsm/jpeg/1.3.6.1.4.1.9590.100.1.2.93103775912979378931517559581790090126 does not exist, skipping.
Image /home/sgoli125/workspace/research/MultiModalPFN/mmpfn/data/cbis_ddsm/jpeg/1.3.6.1.4.1.9590.100.1.2.330863027712269104931361000124111428066 does not exist, skipping.
Image /home/sgoli125/workspace/research/MultiModalPFN/mmpfn/data/cbis_ddsm/jpeg/1.3.6.1.4.1.9590.100.1.2.330863027712269104931361000124111428066 does not exist, skipping.
Image /home/sgoli125/workspace/research/MultiModalPFN/mmpfn/data/cbis_ddsm/jpeg/1.3.6.1.4.1.9590.100.1.2.252111322010927493022197164842528938327 does not exist, skipping.
Image /home/sgoli125/workspace/research/MultiModalPFN/mmpfn/data/cbis_ddsm/jpeg/1.3.6.1.4.1.9590.100.1.2.408806494811083312410575883800551416216 does not exist, skipping.
Image /home/sgoli125/workspace/research/MultiModalPFN/mmpfn/data/cbis_ddsm/jpeg/1.3.6.1.4.1.9590.100.1.2.408806494811083312410575883800551416216 does not exist, skipping.
Image /home/sgoli125/workspace/research/MultiModalPFN/mmpfn/data/cbis_ddsm/jpeg/1.3.6.1.4.1.9590.100.1.2.408717752112194029820042469651336895319 does not exist, skipping.
Image /home/sgoli125/workspace/research/MultiModalPFN/mmpfn/data/cbis_ddsm/jpeg/1.3.6.1.4.1.9590.100.1.2.408717752112194029820042469651336895319 does not exist, skipping.
Image /home/sgoli125/workspace/research/MultiModalPFN/mmpfn/data/cbis_ddsm/jpeg/1.3.6.1.4.1.9590.100.1.2.44010144711160704136767640560687663719 does not exist, skipping.
Image /home/sgoli125/workspace/research/MultiModalPFN/mmpfn/data/cbis_ddsm/jpeg/1.3.6.1.4.1.9590.100.1.2.44772073311287511440383530811644318679 does not exist, skipping.
Image /home/sgoli125/workspace/research/MultiModalPFN/mmpfn/data/cbis_ddsm/jpeg/1.3.6.1.4.1.9590.100.1.2.44772073311287511440383530811644318679 does not exist, skipping.
Image /home/sgoli125/workspace/research/MultiModalPFN/mmpfn/data/cbis_ddsm/jpeg/1.3.6.1.4.1.9590.100.1.2.55224244610875599704160652042845114695 does not exist, skipping.
Image /home/sgoli125/workspace/research/MultiModalPFN/mmpfn/data/cbis_ddsm/jpeg/1.3.6.1.4.1.9590.100.1.2.255342706011950247106132187122478295455 does not exist, skipping.
Image /home/sgoli125/workspace/research/MultiModalPFN/mmpfn/data/cbis_ddsm/jpeg/1.3.6.1.4.1.9590.100.1.2.255342706011950247106132187122478295455 does not exist, skipping.
Image /home/sgoli125/workspace/research/MultiModalPFN/mmpfn/data/cbis_ddsm/jpeg/1.3.6.1.4.1.9590.100.1.2.236343279511292525310799085030972923528 does not exist, skipping.
Image /home/sgoli125/workspace/research/MultiModalPFN/mmpfn/data/cbis_ddsm/jpeg/1.3.6.1.4.1.9590.100.1.2.375750281512821445331731529121143204781 does not exist, skipping.
Image /home/sgoli125/workspace/research/MultiModalPFN/mmpfn/data/cbis_ddsm/jpeg/1.3.6.1.4.1.9590.100.1.2.375750281512821445331731529121143204781 does not exist, skipping.
Image /home/sgoli125/workspace/research/MultiModalPFN/mmpfn/data/cbis_ddsm/jpeg/1.3.6.1.4.1.9590.100.1.2.209511740813088290515918209802134579622 does not exist, skipping.
Image /home/sgoli125/workspace/research/MultiModalPFN/mmpfn/data/cbis_ddsm/jpeg/1.3.6.1.4.1.9590.100.1.2.78314938912059020203440103860685003992 does not exist, skipping.
Image /home/sgoli125/workspace/research/MultiModalPFN/mmpfn/data/cbis_ddsm/jpeg/1.3.6.1.4.1.9590.100.1.2.78314938912059020203440103860685003992 does not exist, skipping.
Image /home/sgoli125/workspace/research/MultiModalPFN/mmpfn/data/cbis_ddsm/jpeg/1.3.6.1.4.1.9590.100.1.2.47853905212613770720342330132409520084 does not exist, skipping.
Image /home/sgoli125/workspace/research/MultiModalPFN/mmpfn/data/cbis_ddsm/jpeg/1.3.6.1.4.1.9590.100.1.2.232421877212327018405500215070287249406 does not exist, skipping.
Image /home/sgoli125/workspace/research/MultiModalPFN/mmpfn/data/cbis_ddsm/jpeg/1.3.6.1.4.1.9590.100.1.2.232421877212327018405500215070287249406 does not exist, skipping.
Image /home/sgoli125/workspace/research/MultiModalPFN/mmpfn/data/cbis_ddsm/jpeg/1.3.6.1.4.1.9590.100.1.2.267291556412160363528156376372440492414 does not exist, skipping.
Image /home/sgoli125/workspace/research/MultiModalPFN/mmpfn/data/cbis_ddsm/jpeg/1.3.6.1.4.1.9590.100.1.2.66283823511111041834706461471467721063 does not exist, skipping.
Image /home/sgoli125/workspace/research/MultiModalPFN/mmpfn/data/cbis_ddsm/jpeg/1.3.6.1.4.1.9590.100.1.2.66283823511111041834706461471467721063 does not exist, skipping.
Image /home/sgoli125/workspace/research/MultiModalPFN/mmpfn/data/cbis_ddsm/jpeg/1.3.6.1.4.1.9590.100.1.2.252718871411822036139213438773416034416 does not exist, skipping.
Image /home/sgoli125/workspace/research/MultiModalPFN/mmpfn/data/cbis_ddsm/jpeg/1.3.6.1.4.1.9590.100.1.2.265955531311195444900095461721100418395 does not exist, skipping.
Image /home/sgoli125/workspace/research/MultiModalPFN/mmpfn/data/cbis_ddsm/jpeg/1.3.6.1.4.1.9590.100.1.2.265955531311195444900095461721100418395 does not exist, skipping.
Image /home/sgoli125/workspace/research/MultiModalPFN/mmpfn/data/cbis_ddsm/jpeg/1.3.6.1.4.1.9590.100.1.2.252718871411822036139213438773416034416 does not exist, skipping.
Image /home/sgoli125/workspace/research/MultiModalPFN/mmpfn/data/cbis_ddsm/jpeg/1.3.6.1.4.1.9590.100.1.2.269729800910960733637166918561189565850 does not exist, skipping.
Image /home/sgoli125/workspace/research/MultiModalPFN/mmpfn/data/cbis_ddsm/jpeg/1.3.6.1.4.1.9590.100.1.2.269729800910960733637166918561189565850 does not exist, skipping.
Image /home/sgoli125/workspace/research/MultiModalPFN/mmpfn/data/cbis_ddsm/jpeg/1.3.6.1.4.1.9590.100.1.2.252718871411822036139213438773416034416 does not exist, skipping.
Image /home/sgoli125/workspace/research/MultiModalPFN/mmpfn/data/cbis_ddsm/jpeg/1.3.6.1.4.1.9590.100.1.2.238906451512603209902508886072975629845 does not exist, skipping.
Image /home/sgoli125/workspace/research/MultiModalPFN/mmpfn/data/cbis_ddsm/jpeg/1.3.6.1.4.1.9590.100.1.2.238906451512603209902508886072975629845 does not exist, skipping.
Image /home/sgoli125/workspace/research/MultiModalPFN/mmpfn/data/cbis_ddsm/jpeg/1.3.6.1.4.1.9590.100.1.2.220564602411627135838034738500414889195 does not exist, skipping.
Image /home/sgoli125/workspace/research/MultiModalPFN/mmpfn/data/cbis_ddsm/jpeg/1.3.6.1.4.1.9590.100.1.2.375021222710386537204756102772683691129 does not exist, skipping.
Image /home/sgoli125/workspace/research/MultiModalPFN/mmpfn/data/cbis_ddsm/jpeg/1.3.6.1.4.1.9590.100.1.2.375021222710386537204756102772683691129 does not exist, skipping.
Image /home/sgoli125/workspace/research/MultiModalPFN/mmpfn/data/cbis_ddsm/jpeg/1.3.6.1.4.1.9590.100.1.2.220564602411627135838034738500414889195 does not exist, skipping.
Image /home/sgoli125/workspace/research/MultiModalPFN/mmpfn/data/cbis_ddsm/jpeg/1.3.6.1.4.1.9590.100.1.2.28856996711872530338337778013216177072 does not exist, skipping.
Image /home/sgoli125/workspace/research/MultiModalPFN/mmpfn/data/cbis_ddsm/jpeg/1.3.6.1.4.1.9590.100.1.2.28856996711872530338337778013216177072 does not exist, skipping.
Image /home/sgoli125/workspace/research/MultiModalPFN/mmpfn/data/cbis_ddsm/jpeg/1.3.6.1.4.1.9590.100.1.2.220564602411627135838034738500414889195 does not exist, skipping.
Image /home/sgoli125/workspace/research/MultiModalPFN/mmpfn/data/cbis_ddsm/jpeg/1.3.6.1.4.1.9590.100.1.2.199915979811812039330947490851374585232 does not exist, skipping.
Image /home/sgoli125/workspace/research/MultiModalPFN/mmpfn/data/cbis_ddsm/jpeg/1.3.6.1.4.1.9590.100.1.2.265798879911823601104886739321580467703 does not exist, skipping.
Image /home/sgoli125/workspace/research/MultiModalPFN/mmpfn/data/cbis_ddsm/jpeg/1.3.6.1.4.1.9590.100.1.2.265798879911823601104886739321580467703 does not exist, skipping.
Image /home/sgoli125/workspace/research/MultiModalPFN/mmpfn/data/cbis_ddsm/jpeg/1.3.6.1.4.1.9590.100.1.2.260478307112973795112526616720510480744 does not exist, skipping.
Image /home/sgoli125/workspace/research/MultiModalPFN/mmpfn/data/cbis_ddsm/jpeg/1.3.6.1.4.1.9590.100.1.2.370355359511207147741901848590250757130 does not exist, skipping.
Image /home/sgoli125/workspace/research/MultiModalPFN/mmpfn/data/cbis_ddsm/jpeg/1.3.6.1.4.1.9590.100.1.2.370355359511207147741901848590250757130 does not exist, skipping.
Image /home/sgoli125/workspace/research/MultiModalPFN/mmpfn/data/cbis_ddsm/jpeg/1.3.6.1.4.1.9590.100.1.2.336199022112072274926049714143760275803 does not exist, skipping.
Image /home/sgoli125/workspace/research/MultiModalPFN/mmpfn/data/cbis_ddsm/jpeg/1.3.6.1.4.1.9590.100.1.2.336199022112072274926049714143760275803 does not exist, skipping.
Image /home/sgoli125/workspace/research/MultiModalPFN/mmpfn/data/cbis_ddsm/jpeg/1.3.6.1.4.1.9590.100.1.2.33507760912554145902744111920344485171 does not exist, skipping.
Image /home/sgoli125/workspace/research/MultiModalPFN/mmpfn/data/cbis_ddsm/jpeg/1.3.6.1.4.1.9590.100.1.2.213854190711900797214304462412728671305 does not exist, skipping.
Image /home/sgoli125/workspace/research/MultiModalPFN/mmpfn/data/cbis_ddsm/jpeg/1.3.6.1.4.1.9590.100.1.2.213854190711900797214304462412728671305 does not exist, skipping.
Image /home/sgoli125/workspace/research/MultiModalPFN/mmpfn/data/cbis_ddsm/jpeg/1.3.6.1.4.1.9590.100.1.2.429052236311017048205300842573530320220 does not exist, skipping.
Image /home/sgoli125/workspace/research/MultiModalPFN/mmpfn/data/cbis_ddsm/jpeg/1.3.6.1.4.1.9590.100.1.2.343465466910990232509592224530189411085 does not exist, skipping.
Image /home/sgoli125/workspace/research/MultiModalPFN/mmpfn/data/cbis_ddsm/jpeg/1.3.6.1.4.1.9590.100.1.2.335520944312321077400253584883682866572 does not exist, skipping.
Image /home/sgoli125/workspace/research/MultiModalPFN/mmpfn/data/cbis_ddsm/jpeg/1.3.6.1.4.1.9590.100.1.2.335520944312321077400253584883682866572 does not exist, skipping.
Image /home/sgoli125/workspace/research/MultiModalPFN/mmpfn/data/cbis_ddsm/jpeg/1.3.6.1.4.1.9590.100.1.2.57409664311439109642852588912629488901 does not exist, skipping.
Image /home/sgoli125/workspace/research/MultiModalPFN/mmpfn/data/cbis_ddsm/jpeg/1.3.6.1.4.1.9590.100.1.2.37470482711784186410345199652894361621 does not exist, skipping.
Image /home/sgoli125/workspace/research/MultiModalPFN/mmpfn/data/cbis_ddsm/jpeg/1.3.6.1.4.1.9590.100.1.2.37470482711784186410345199652894361621 does not exist, skipping.
Image /home/sgoli125/workspace/research/MultiModalPFN/mmpfn/data/cbis_ddsm/jpeg/1.3.6.1.4.1.9590.100.1.2.48063916711108973130943786250237727487 does not exist, skipping.
Image /home/sgoli125/workspace/research/MultiModalPFN/mmpfn/data/cbis_ddsm/jpeg/1.3.6.1.4.1.9590.100.1.2.94901026311616840612263927290971997989 does not exist, skipping.
Image /home/sgoli125/workspace/research/MultiModalPFN/mmpfn/data/cbis_ddsm/jpeg/1.3.6.1.4.1.9590.100.1.2.94901026311616840612263927290971997989 does not exist, skipping.
Image /home/sgoli125/workspace/research/MultiModalPFN/mmpfn/data/cbis_ddsm/jpeg/1.3.6.1.4.1.9590.100.1.2.338204715012702385235770277632135927010 does not exist, skipping.
Image /home/sgoli125/workspace/research/MultiModalPFN/mmpfn/data/cbis_ddsm/jpeg/1.3.6.1.4.1.9590.100.1.2.237350682012751576100927118523700516035 does not exist, skipping.
Image /home/sgoli125/workspace/research/MultiModalPFN/mmpfn/data/cbis_ddsm/jpeg/1.3.6.1.4.1.9590.100.1.2.237350682012751576100927118523700516035 does not exist, skipping.
Image /home/sgoli125/workspace/research/MultiModalPFN/mmpfn/data/cbis_ddsm/jpeg/1.3.6.1.4.1.9590.100.1.2.60987364412769303818568808224013997809 does not exist, skipping.
Image /home/sgoli125/workspace/research/MultiModalPFN/mmpfn/data/cbis_ddsm/jpeg/1.3.6.1.4.1.9590.100.1.2.339944297411222939641244294932067046149 does not exist, skipping.
Image /home/sgoli125/workspace/research/MultiModalPFN/mmpfn/data/cbis_ddsm/jpeg/1.3.6.1.4.1.9590.100.1.2.226158167112340098106506899322612442723 does not exist, skipping.
Image /home/sgoli125/workspace/research/MultiModalPFN/mmpfn/data/cbis_ddsm/jpeg/1.3.6.1.4.1.9590.100.1.2.226158167112340098106506899322612442723 does not exist, skipping.
Image /home/sgoli125/workspace/research/MultiModalPFN/mmpfn/data/cbis_ddsm/jpeg/1.3.6.1.4.1.9590.100.1.2.206346444711235191207008280630631108526 does not exist, skipping.
Image /home/sgoli125/workspace/research/MultiModalPFN/mmpfn/data/cbis_ddsm/jpeg/1.3.6.1.4.1.9590.100.1.2.426943805311990016207064454964269155463 does not exist, skipping.
Image /home/sgoli125/workspace/research/MultiModalPFN/mmpfn/data/cbis_ddsm/jpeg/1.3.6.1.4.1.9590.100.1.2.426943805311990016207064454964269155463 does not exist, skipping.
Image /home/sgoli125/workspace/research/MultiModalPFN/mmpfn/data/cbis_ddsm/jpeg/1.3.6.1.4.1.9590.100.1.2.300171913612200222633052591633019678659 does not exist, skipping.
Image /home/sgoli125/workspace/research/MultiModalPFN/mmpfn/data/cbis_ddsm/jpeg/1.3.6.1.4.1.9590.100.1.2.74170535812753869837772530534201007699 does not exist, skipping.
Image /home/sgoli125/workspace/research/MultiModalPFN/mmpfn/data/cbis_ddsm/jpeg/1.3.6.1.4.1.9590.100.1.2.74170535812753869837772530534201007699 does not exist, skipping.
Image /home/sgoli125/workspace/research/MultiModalPFN/mmpfn/data/cbis_ddsm/jpeg/1.3.6.1.4.1.9590.100.1.2.49781736812625749004670107140133025153 does not exist, skipping.
Image /home/sgoli125/workspace/research/MultiModalPFN/mmpfn/data/cbis_ddsm/jpeg/1.3.6.1.4.1.9590.100.1.2.206833656911960363929226077493613098456 does not exist, skipping.
Image /home/sgoli125/workspace/research/MultiModalPFN/mmpfn/data/cbis_ddsm/jpeg/1.3.6.1.4.1.9590.100.1.2.206833656911960363929226077493613098456 does not exist, skipping.
Image /home/sgoli125/workspace/research/MultiModalPFN/mmpfn/data/cbis_ddsm/jpeg/1.3.6.1.4.1.9590.100.1.2.368473184412427127235630703653846669408 does not exist, skipping.
Image /home/sgoli125/workspace/research/MultiModalPFN/mmpfn/data/cbis_ddsm/jpeg/1.3.6.1.4.1.9590.100.1.2.413669876712652391512191407873922574883 does not exist, skipping.
Image /home/sgoli125/workspace/research/MultiModalPFN/mmpfn/data/cbis_ddsm/jpeg/1.3.6.1.4.1.9590.100.1.2.413669876712652391512191407873922574883 does not exist, skipping.
Image /home/sgoli125/workspace/research/MultiModalPFN/mmpfn/data/cbis_ddsm/jpeg/1.3.6.1.4.1.9590.100.1.2.8345832613913482803966749762437997260 does not exist, skipping.
Image /home/sgoli125/workspace/research/MultiModalPFN/mmpfn/data/cbis_ddsm/jpeg/1.3.6.1.4.1.9590.100.1.2.336462602912535888103133699870709519636 does not exist, skipping.
Image /home/sgoli125/workspace/research/MultiModalPFN/mmpfn/data/cbis_ddsm/jpeg/1.3.6.1.4.1.9590.100.1.2.336462602912535888103133699870709519636 does not exist, skipping.
Image /home/sgoli125/workspace/research/MultiModalPFN/mmpfn/data/cbis_ddsm/jpeg/1.3.6.1.4.1.9590.100.1.2.4258120910410897428422437754132883711 does not exist, skipping.
Image /home/sgoli125/workspace/research/MultiModalPFN/mmpfn/data/cbis_ddsm/jpeg/1.3.6.1.4.1.9590.100.1.2.321301320011325872020779457512539076961 does not exist, skipping.
Image /home/sgoli125/workspace/research/MultiModalPFN/mmpfn/data/cbis_ddsm/jpeg/1.3.6.1.4.1.9590.100.1.2.321301320011325872020779457512539076961 does not exist, skipping.
Image /home/sgoli125/workspace/research/MultiModalPFN/mmpfn/data/cbis_ddsm/jpeg/1.3.6.1.4.1.9590.100.1.2.377149226011692185542762303162055367340 does not exist, skipping.
Image /home/sgoli125/workspace/research/MultiModalPFN/mmpfn/data/cbis_ddsm/jpeg/1.3.6.1.4.1.9590.100.1.2.311531595611999190117157602941366158719 does not exist, skipping.
Image /home/sgoli125/workspace/research/MultiModalPFN/mmpfn/data/cbis_ddsm/jpeg/1.3.6.1.4.1.9590.100.1.2.311531595611999190117157602941366158719 does not exist, skipping.
Image /home/sgoli125/workspace/research/MultiModalPFN/mmpfn/data/cbis_ddsm/jpeg/1.3.6.1.4.1.9590.100.1.2.294095083613446236718204333164178523400 does not exist, skipping.
Image /home/sgoli125/workspace/research/MultiModalPFN/mmpfn/data/cbis_ddsm/jpeg/1.3.6.1.4.1.9590.100.1.2.294095083613446236718204333164178523400 does not exist, skipping.
Image /home/sgoli125/workspace/research/MultiModalPFN/mmpfn/data/cbis_ddsm/jpeg/1.3.6.1.4.1.9590.100.1.2.330501209713384637930290014053129368756 does not exist, skipping.
Image /home/sgoli125/workspace/research/MultiModalPFN/mmpfn/data/cbis_ddsm/jpeg/1.3.6.1.4.1.9590.100.1.2.245890820210001505530375369353583933919 does not exist, skipping.
Image /home/sgoli125/workspace/research/MultiModalPFN/mmpfn/data/cbis_ddsm/jpeg/1.3.6.1.4.1.9590.100.1.2.245890820210001505530375369353583933919 does not exist, skipping.
Image /home/sgoli125/workspace/research/MultiModalPFN/mmpfn/data/cbis_ddsm/jpeg/1.3.6.1.4.1.9590.100.1.2.342772282212562596533424078440586634294 does not exist, skipping.
Image /home/sgoli125/workspace/research/MultiModalPFN/mmpfn/data/cbis_ddsm/jpeg/1.3.6.1.4.1.9590.100.1.2.79499652111949049823553709274093131525 does not exist, skipping.
Image /home/sgoli125/workspace/research/MultiModalPFN/mmpfn/data/cbis_ddsm/jpeg/1.3.6.1.4.1.9590.100.1.2.79499652111949049823553709274093131525 does not exist, skipping.
Image /home/sgoli125/workspace/research/MultiModalPFN/mmpfn/data/cbis_ddsm/jpeg/1.3.6.1.4.1.9590.100.1.2.30946803412446097718909326270548961243 does not exist, skipping.
Image /home/sgoli125/workspace/research/MultiModalPFN/mmpfn/data/cbis_ddsm/jpeg/1.3.6.1.4.1.9590.100.1.2.293544472312044196938017678411207859515 does not exist, skipping.
Image /home/sgoli125/workspace/research/MultiModalPFN/mmpfn/data/cbis_ddsm/jpeg/1.3.6.1.4.1.9590.100.1.2.293544472312044196938017678411207859515 does not exist, skipping.
Image /home/sgoli125/workspace/research/MultiModalPFN/mmpfn/data/cbis_ddsm/jpeg/1.3.6.1.4.1.9590.100.1.2.412557731711484790541710247932923951861 does not exist, skipping.
Image /home/sgoli125/workspace/research/MultiModalPFN/mmpfn/data/cbis_ddsm/jpeg/1.3.6.1.4.1.9590.100.1.2.233968655311589874418573451730392535967 does not exist, skipping.
Image /home/sgoli125/workspace/research/MultiModalPFN/mmpfn/data/cbis_ddsm/jpeg/1.3.6.1.4.1.9590.100.1.2.233968655311589874418573451730392535967 does not exist, skipping.
Image /home/sgoli125/workspace/research/MultiModalPFN/mmpfn/data/cbis_ddsm/jpeg/1.3.6.1.4.1.9590.100.1.2.256330807412877366440153727190246662818 does not exist, skipping.
Image /home/sgoli125/workspace/research/MultiModalPFN/mmpfn/data/cbis_ddsm/jpeg/1.3.6.1.4.1.9590.100.1.2.286212602510327696024825204783459108873 does not exist, skipping.
Image /home/sgoli125/workspace/research/MultiModalPFN/mmpfn/data/cbis_ddsm/jpeg/1.3.6.1.4.1.9590.100.1.2.286212602510327696024825204783459108873 does not exist, skipping.
Image /home/sgoli125/workspace/research/MultiModalPFN/mmpfn/data/cbis_ddsm/jpeg/1.3.6.1.4.1.9590.100.1.2.258350419612577688509150109583506305771 does not exist, skipping.
Image /home/sgoli125/workspace/research/MultiModalPFN/mmpfn/data/cbis_ddsm/jpeg/1.3.6.1.4.1.9590.100.1.2.258350419612577688509150109583506305771 does not exist, skipping.
Image /home/sgoli125/workspace/research/MultiModalPFN/mmpfn/data/cbis_ddsm/jpeg/1.3.6.1.4.1.9590.100.1.2.330740809913644315209371578112284206839 does not exist, skipping.
Image /home/sgoli125/workspace/research/MultiModalPFN/mmpfn/data/cbis_ddsm/jpeg/1.3.6.1.4.1.9590.100.1.2.236373548712994183418851990043419770402 does not exist, skipping.
Image /home/sgoli125/workspace/research/MultiModalPFN/mmpfn/data/cbis_ddsm/jpeg/1.3.6.1.4.1.9590.100.1.2.236373548712994183418851990043419770402 does not exist, skipping.
Image /home/sgoli125/workspace/research/MultiModalPFN/mmpfn/data/cbis_ddsm/jpeg/1.3.6.1.4.1.9590.100.1.2.31350754610323269129601260960408318756 does not exist, skipping.
Image /home/sgoli125/workspace/research/MultiModalPFN/mmpfn/data/cbis_ddsm/jpeg/1.3.6.1.4.1.9590.100.1.2.251350240512056831321815843001686984239 does not exist, skipping.
Image /home/sgoli125/workspace/research/MultiModalPFN/mmpfn/data/cbis_ddsm/jpeg/1.3.6.1.4.1.9590.100.1.2.251350240512056831321815843001686984239 does not exist, skipping.
Image /home/sgoli125/workspace/research/MultiModalPFN/mmpfn/data/cbis_ddsm/jpeg/1.3.6.1.4.1.9590.100.1.2.318026917311670026440249335270791185579 does not exist, skipping.
Image /home/sgoli125/workspace/research/MultiModalPFN/mmpfn/data/cbis_ddsm/jpeg/1.3.6.1.4.1.9590.100.1.2.6045256612955420423132983594238432227 does not exist, skipping.
Image /home/sgoli125/workspace/research/MultiModalPFN/mmpfn/data/cbis_ddsm/jpeg/1.3.6.1.4.1.9590.100.1.2.6045256612955420423132983594238432227 does not exist, skipping.
Image /home/sgoli125/workspace/research/MultiModalPFN/mmpfn/data/cbis_ddsm/jpeg/1.3.6.1.4.1.9590.100.1.2.322581976313493693000967310302793899097 does not exist, skipping.
Image /home/sgoli125/workspace/research/MultiModalPFN/mmpfn/data/cbis_ddsm/jpeg/1.3.6.1.4.1.9590.100.1.2.312506190012538112629053861750933663993 does not exist, skipping.
Image /home/sgoli125/workspace/research/MultiModalPFN/mmpfn/data/cbis_ddsm/jpeg/1.3.6.1.4.1.9590.100.1.2.312506190012538112629053861750933663993 does not exist, skipping.
Image /home/sgoli125/workspace/research/MultiModalPFN/mmpfn/data/cbis_ddsm/jpeg/1.3.6.1.4.1.9590.100.1.2.200753917713679520535019007044031244915 does not exist, skipping.
Image /home/sgoli125/workspace/research/MultiModalPFN/mmpfn/data/cbis_ddsm/jpeg/1.3.6.1.4.1.9590.100.1.2.52150460312543935318451424611465351747 does not exist, skipping.
Image /home/sgoli125/workspace/research/MultiModalPFN/mmpfn/data/cbis_ddsm/jpeg/1.3.6.1.4.1.9590.100.1.2.52150460312543935318451424611465351747 does not exist, skipping.
Image /home/sgoli125/workspace/research/MultiModalPFN/mmpfn/data/cbis_ddsm/jpeg/1.3.6.1.4.1.9590.100.1.2.98671316311727287728593409473002771971 does not exist, skipping.
Image /home/sgoli125/workspace/research/MultiModalPFN/mmpfn/data/cbis_ddsm/jpeg/1.3.6.1.4.1.9590.100.1.2.259966361112446734211947398590826946148 does not exist, skipping.
Image /home/sgoli125/workspace/research/MultiModalPFN/mmpfn/data/cbis_ddsm/jpeg/1.3.6.1.4.1.9590.100.1.2.259966361112446734211947398590826946148 does not exist, skipping.
Image /home/sgoli125/workspace/research/MultiModalPFN/mmpfn/data/cbis_ddsm/jpeg/1.3.6.1.4.1.9590.100.1.2.48373758512808386736706922374063585453 does not exist, skipping.
Image /home/sgoli125/workspace/research/MultiModalPFN/mmpfn/data/cbis_ddsm/jpeg/1.3.6.1.4.1.9590.100.1.2.48373758512808386736706922374063585453 does not exist, skipping.
Image /home/sgoli125/workspace/research/MultiModalPFN/mmpfn/data/cbis_ddsm/jpeg/1.3.6.1.4.1.9590.100.1.2.387625671611844817822678534601928099272 does not exist, skipping.
Image /home/sgoli125/workspace/research/MultiModalPFN/mmpfn/data/cbis_ddsm/jpeg/1.3.6.1.4.1.9590.100.1.2.48558812512460475111487571220752669321 does not exist, skipping.
Image /home/sgoli125/workspace/research/MultiModalPFN/mmpfn/data/cbis_ddsm/jpeg/1.3.6.1.4.1.9590.100.1.2.48558812512460475111487571220752669321 does not exist, skipping.
Image /home/sgoli125/workspace/research/MultiModalPFN/mmpfn/data/cbis_ddsm/jpeg/1.3.6.1.4.1.9590.100.1.2.41395477713147966735437077832682828713 does not exist, skipping.
Image /home/sgoli125/workspace/research/MultiModalPFN/mmpfn/data/cbis_ddsm/jpeg/1.3.6.1.4.1.9590.100.1.2.54083065310693877418895561211039571030 does not exist, skipping.
Image /home/sgoli125/workspace/research/MultiModalPFN/mmpfn/data/cbis_ddsm/jpeg/1.3.6.1.4.1.9590.100.1.2.54083065310693877418895561211039571030 does not exist, skipping.
Image /home/sgoli125/workspace/research/MultiModalPFN/mmpfn/data/cbis_ddsm/jpeg/1.3.6.1.4.1.9590.100.1.2.230847457811985905132857803630553450916 does not exist, skipping.
Image /home/sgoli125/workspace/research/MultiModalPFN/mmpfn/data/cbis_ddsm/jpeg/1.3.6.1.4.1.9590.100.1.2.33355931610429994428806391080346623398 does not exist, skipping.
Image /home/sgoli125/workspace/research/MultiModalPFN/mmpfn/data/cbis_ddsm/jpeg/1.3.6.1.4.1.9590.100.1.2.33355931610429994428806391080346623398 does not exist, skipping.
Image /home/sgoli125/workspace/research/MultiModalPFN/mmpfn/data/cbis_ddsm/jpeg/1.3.6.1.4.1.9590.100.1.2.72031052711411811221749052683014455686 does not exist, skipping.
Image /home/sgoli125/workspace/research/MultiModalPFN/mmpfn/data/cbis_ddsm/jpeg/1.3.6.1.4.1.9590.100.1.2.271607941311727470517980197701734211351 does not exist, skipping.
Image /home/sgoli125/workspace/research/MultiModalPFN/mmpfn/data/cbis_ddsm/jpeg/1.3.6.1.4.1.9590.100.1.2.271607941311727470517980197701734211351 does not exist, skipping.
Image /home/sgoli125/workspace/research/MultiModalPFN/mmpfn/data/cbis_ddsm/jpeg/1.3.6.1.4.1.9590.100.1.2.211143567313980572705666984101238760207 does not exist, skipping.
Image /home/sgoli125/workspace/research/MultiModalPFN/mmpfn/data/cbis_ddsm/jpeg/1.3.6.1.4.1.9590.100.1.2.302043706512531689934596629952753769958 does not exist, skipping.
Image /home/sgoli125/workspace/research/MultiModalPFN/mmpfn/data/cbis_ddsm/jpeg/1.3.6.1.4.1.9590.100.1.2.278022131711751825320356179721710838376 does not exist, skipping.
Image /home/sgoli125/workspace/research/MultiModalPFN/mmpfn/data/cbis_ddsm/jpeg/1.3.6.1.4.1.9590.100.1.2.405897973311379745701514072523613060114 does not exist, skipping.
Image /home/sgoli125/workspace/research/MultiModalPFN/mmpfn/data/cbis_ddsm/jpeg/1.3.6.1.4.1.9590.100.1.2.405897973311379745701514072523613060114 does not exist, skipping.
Image /home/sgoli125/workspace/research/MultiModalPFN/mmpfn/data/cbis_ddsm/jpeg/1.3.6.1.4.1.9590.100.1.2.287304805711524041431170965933047146206 does not exist, skipping.
Image /home/sgoli125/workspace/research/MultiModalPFN/mmpfn/data/cbis_ddsm/jpeg/1.3.6.1.4.1.9590.100.1.2.90597918912062821313841053710657931709 does not exist, skipping.
Image /home/sgoli125/workspace/research/MultiModalPFN/mmpfn/data/cbis_ddsm/jpeg/1.3.6.1.4.1.9590.100.1.2.90597918912062821313841053710657931709 does not exist, skipping.
Image /home/sgoli125/workspace/research/MultiModalPFN/mmpfn/data/cbis_ddsm/jpeg/1.3.6.1.4.1.9590.100.1.2.365371676412588907115235634354043674317 does not exist, skipping.
Image /home/sgoli125/workspace/research/MultiModalPFN/mmpfn/data/cbis_ddsm/jpeg/1.3.6.1.4.1.9590.100.1.2.406851690713929110036335307660919142685 does not exist, skipping.
Image /home/sgoli125/workspace/research/MultiModalPFN/mmpfn/data/cbis_ddsm/jpeg/1.3.6.1.4.1.9590.100.1.2.406851690713929110036335307660919142685 does not exist, skipping.
Image /home/sgoli125/workspace/research/MultiModalPFN/mmpfn/data/cbis_ddsm/jpeg/1.3.6.1.4.1.9590.100.1.2.285317105313152046222309992052850234643 does not exist, skipping.
Image /home/sgoli125/workspace/research/MultiModalPFN/mmpfn/data/cbis_ddsm/jpeg/1.3.6.1.4.1.9590.100.1.2.400034186411292665631972788672974935733 does not exist, skipping.
Image /home/sgoli125/workspace/research/MultiModalPFN/mmpfn/data/cbis_ddsm/jpeg/1.3.6.1.4.1.9590.100.1.2.400034186411292665631972788672974935733 does not exist, skipping.
Image /home/sgoli125/workspace/research/MultiModalPFN/mmpfn/data/cbis_ddsm/jpeg/1.3.6.1.4.1.9590.100.1.2.213518949511422551138431651170878058094 does not exist, skipping.
Image /home/sgoli125/workspace/research/MultiModalPFN/mmpfn/data/cbis_ddsm/jpeg/1.3.6.1.4.1.9590.100.1.2.412841229711732634433998050910688769355 does not exist, skipping.
Image /home/sgoli125/workspace/research/MultiModalPFN/mmpfn/data/cbis_ddsm/jpeg/1.3.6.1.4.1.9590.100.1.2.85263153812351482038878780632264894169 does not exist, skipping.
Image /home/sgoli125/workspace/research/MultiModalPFN/mmpfn/data/cbis_ddsm/jpeg/1.3.6.1.4.1.9590.100.1.2.85263153812351482038878780632264894169 does not exist, skipping.
Image /home/sgoli125/workspace/research/MultiModalPFN/mmpfn/data/cbis_ddsm/jpeg/1.3.6.1.4.1.9590.100.1.2.235998682411302642221092187361510184158 does not exist, skipping.
Image /home/sgoli125/workspace/research/MultiModalPFN/mmpfn/data/cbis_ddsm/jpeg/1.3.6.1.4.1.9590.100.1.2.219157189212113616029573495392380980692 does not exist, skipping.
Image /home/sgoli125/workspace/research/MultiModalPFN/mmpfn/data/cbis_ddsm/jpeg/1.3.6.1.4.1.9590.100.1.2.62477624313950073629115651880107415441 does not exist, skipping.
Image /home/sgoli125/workspace/research/MultiModalPFN/mmpfn/data/cbis_ddsm/jpeg/1.3.6.1.4.1.9590.100.1.2.235208716612742186319958432593634355989 does not exist, skipping.
Image /home/sgoli125/workspace/research/MultiModalPFN/mmpfn/data/cbis_ddsm/jpeg/1.3.6.1.4.1.9590.100.1.2.308306388611801688834091539392375023174 does not exist, skipping.
Image /home/sgoli125/workspace/research/MultiModalPFN/mmpfn/data/cbis_ddsm/jpeg/1.3.6.1.4.1.9590.100.1.2.308306388611801688834091539392375023174 does not exist, skipping.
Image /home/sgoli125/workspace/research/MultiModalPFN/mmpfn/data/cbis_ddsm/jpeg/1.3.6.1.4.1.9590.100.1.2.81232568111359446021014486150100416446 does not exist, skipping.
Image /home/sgoli125/workspace/research/MultiModalPFN/mmpfn/data/cbis_ddsm/jpeg/1.3.6.1.4.1.9590.100.1.2.81232568111359446021014486150100416446 does not exist, skipping.
Image /home/sgoli125/workspace/research/MultiModalPFN/mmpfn/data/cbis_ddsm/jpeg/1.3.6.1.4.1.9590.100.1.2.27664704112161009124633468232515447862 does not exist, skipping.
Image /home/sgoli125/workspace/research/MultiModalPFN/mmpfn/data/cbis_ddsm/jpeg/1.3.6.1.4.1.9590.100.1.2.93262706812708085503412661002234752608 does not exist, skipping.
Image /home/sgoli125/workspace/research/MultiModalPFN/mmpfn/data/cbis_ddsm/jpeg/1.3.6.1.4.1.9590.100.1.2.406330346111605075234442997020047649088 does not exist, skipping.
Image /home/sgoli125/workspace/research/MultiModalPFN/mmpfn/data/cbis_ddsm/jpeg/1.3.6.1.4.1.9590.100.1.2.218620318613956716810749252141856797976 does not exist, skipping.
Image /home/sgoli125/workspace/research/MultiModalPFN/mmpfn/data/cbis_ddsm/jpeg/1.3.6.1.4.1.9590.100.1.2.293359047911187270714650133994167840030 does not exist, skipping.
Image /home/sgoli125/workspace/research/MultiModalPFN/mmpfn/data/cbis_ddsm/jpeg/1.3.6.1.4.1.9590.100.1.2.26064974212565869618676087344062262121 does not exist, skipping.
Image /home/sgoli125/workspace/research/MultiModalPFN/mmpfn/data/cbis_ddsm/jpeg/1.3.6.1.4.1.9590.100.1.2.395347017912616091013118601414152815246 does not exist, skipping.
Image /home/sgoli125/workspace/research/MultiModalPFN/mmpfn/data/cbis_ddsm/jpeg/1.3.6.1.4.1.9590.100.1.2.368677889211938858542071548600720272101 does not exist, skipping.
Image /home/sgoli125/workspace/research/MultiModalPFN/mmpfn/data/cbis_ddsm/jpeg/1.3.6.1.4.1.9590.100.1.2.250811985710699486205298405212768968201 does not exist, skipping.
Image /home/sgoli125/workspace/research/MultiModalPFN/mmpfn/data/cbis_ddsm/jpeg/1.3.6.1.4.1.9590.100.1.2.7604728113021161016894457634011223447 does not exist, skipping.
Image /home/sgoli125/workspace/research/MultiModalPFN/mmpfn/data/cbis_ddsm/jpeg/1.3.6.1.4.1.9590.100.1.2.41204990912158912602497970011807286090 does not exist, skipping.
Image /home/sgoli125/workspace/research/MultiModalPFN/mmpfn/data/cbis_ddsm/jpeg/1.3.6.1.4.1.9590.100.1.2.41204990912158912602497970011807286090 does not exist, skipping.
Image /home/sgoli125/workspace/research/MultiModalPFN/mmpfn/data/cbis_ddsm/jpeg/1.3.6.1.4.1.9590.100.1.2.345545206812104500819543448514187002132 does not exist, skipping.
Image /home/sgoli125/workspace/research/MultiModalPFN/mmpfn/data/cbis_ddsm/jpeg/1.3.6.1.4.1.9590.100.1.2.345545206812104500819543448514187002132 does not exist, skipping.
Image /home/sgoli125/workspace/research/MultiModalPFN/mmpfn/data/cbis_ddsm/jpeg/1.3.6.1.4.1.9590.100.1.2.281978325612538236138684876031344761429 does not exist, skipping.
Image /home/sgoli125/workspace/research/MultiModalPFN/mmpfn/data/cbis_ddsm/jpeg/1.3.6.1.4.1.9590.100.1.2.350015940713938391929928687542445659758 does not exist, skipping.
Image /home/sgoli125/workspace/research/MultiModalPFN/mmpfn/data/cbis_ddsm/jpeg/1.3.6.1.4.1.9590.100.1.2.350015940713938391929928687542445659758 does not exist, skipping.
Image /home/sgoli125/workspace/research/MultiModalPFN/mmpfn/data/cbis_ddsm/jpeg/1.3.6.1.4.1.9590.100.1.2.281978325612538236138684876031344761429 does not exist, skipping.
Image /home/sgoli125/workspace/research/MultiModalPFN/mmpfn/data/cbis_ddsm/jpeg/1.3.6.1.4.1.9590.100.1.2.341068420311671969622955514164074452133 does not exist, skipping.
Image /home/sgoli125/workspace/research/MultiModalPFN/mmpfn/data/cbis_ddsm/jpeg/1.3.6.1.4.1.9590.100.1.2.341068420311671969622955514164074452133 does not exist, skipping.
Image /home/sgoli125/workspace/research/MultiModalPFN/mmpfn/data/cbis_ddsm/jpeg/1.3.6.1.4.1.9590.100.1.2.333065888012984608812932148652203645602 does not exist, skipping.
Image /home/sgoli125/workspace/research/MultiModalPFN/mmpfn/data/cbis_ddsm/jpeg/1.3.6.1.4.1.9590.100.1.2.273173348912494211406448636324142999695 does not exist, skipping.
Image /home/sgoli125/workspace/research/MultiModalPFN/mmpfn/data/cbis_ddsm/jpeg/1.3.6.1.4.1.9590.100.1.2.273173348912494211406448636324142999695 does not exist, skipping.
Image /home/sgoli125/workspace/research/MultiModalPFN/mmpfn/data/cbis_ddsm/jpeg/1.3.6.1.4.1.9590.100.1.2.290334146310105051414449527132649523011 does not exist, skipping.
Image /home/sgoli125/workspace/research/MultiModalPFN/mmpfn/data/cbis_ddsm/jpeg/1.3.6.1.4.1.9590.100.1.2.324309622011475628318154737932701357211 does not exist, skipping.
Image /home/sgoli125/workspace/research/MultiModalPFN/mmpfn/data/cbis_ddsm/jpeg/1.3.6.1.4.1.9590.100.1.2.324309622011475628318154737932701357211 does not exist, skipping.
Image /home/sgoli125/workspace/research/MultiModalPFN/mmpfn/data/cbis_ddsm/jpeg/1.3.6.1.4.1.9590.100.1.2.198806094011873394005769283843984674114 does not exist, skipping.
Image /home/sgoli125/workspace/research/MultiModalPFN/mmpfn/data/cbis_ddsm/jpeg/1.3.6.1.4.1.9590.100.1.2.336073222013153279805657235470968488171 does not exist, skipping.
Image /home/sgoli125/workspace/research/MultiModalPFN/mmpfn/data/cbis_ddsm/jpeg/1.3.6.1.4.1.9590.100.1.2.336073222013153279805657235470968488171 does not exist, skipping.
Image /home/sgoli125/workspace/research/MultiModalPFN/mmpfn/data/cbis_ddsm/jpeg/1.3.6.1.4.1.9590.100.1.2.285138900913160236325681278743831954285 does not exist, skipping.
Image /home/sgoli125/workspace/research/MultiModalPFN/mmpfn/data/cbis_ddsm/jpeg/1.3.6.1.4.1.9590.100.1.2.285138900913160236325681278743831954285 does not exist, skipping.
Image /home/sgoli125/workspace/research/MultiModalPFN/mmpfn/data/cbis_ddsm/jpeg/1.3.6.1.4.1.9590.100.1.2.310220346011079442513712769740954804111 does not exist, skipping.
Image /home/sgoli125/workspace/research/MultiModalPFN/mmpfn/data/cbis_ddsm/jpeg/1.3.6.1.4.1.9590.100.1.2.385048669110065366518659298952946874460 does not exist, skipping.
Image /home/sgoli125/workspace/research/MultiModalPFN/mmpfn/data/cbis_ddsm/jpeg/1.3.6.1.4.1.9590.100.1.2.28046978313456547334947447404264538941 does not exist, skipping.
Image /home/sgoli125/workspace/research/MultiModalPFN/mmpfn/data/cbis_ddsm/jpeg/1.3.6.1.4.1.9590.100.1.2.243860853311888271739609542961730453720 does not exist, skipping.
Image /home/sgoli125/workspace/research/MultiModalPFN/mmpfn/data/cbis_ddsm/jpeg/1.3.6.1.4.1.9590.100.1.2.243860853311888271739609542961730453720 does not exist, skipping.
Image /home/sgoli125/workspace/research/MultiModalPFN/mmpfn/data/cbis_ddsm/jpeg/1.3.6.1.4.1.9590.100.1.2.59183152312644983041392313992624938632 does not exist, skipping.
Image /home/sgoli125/workspace/research/MultiModalPFN/mmpfn/data/cbis_ddsm/jpeg/1.3.6.1.4.1.9590.100.1.2.415539666013115713838793314692523355493 does not exist, skipping.
Image /home/sgoli125/workspace/research/MultiModalPFN/mmpfn/data/cbis_ddsm/jpeg/1.3.6.1.4.1.9590.100.1.2.415539666013115713838793314692523355493 does not exist, skipping.
Image /home/sgoli125/workspace/research/MultiModalPFN/mmpfn/data/cbis_ddsm/jpeg/1.3.6.1.4.1.9590.100.1.2.365206534912452997214897378893666156790 does not exist, skipping.
Image /home/sgoli125/workspace/research/MultiModalPFN/mmpfn/data/cbis_ddsm/jpeg/1.3.6.1.4.1.9590.100.1.2.270478860010544400939052256633567547192 does not exist, skipping.
Image /home/sgoli125/workspace/research/MultiModalPFN/mmpfn/data/cbis_ddsm/jpeg/1.3.6.1.4.1.9590.100.1.2.270478860010544400939052256633567547192 does not exist, skipping.
Image /home/sgoli125/workspace/research/MultiModalPFN/mmpfn/data/cbis_ddsm/jpeg/1.3.6.1.4.1.9590.100.1.2.228092873212870547017384383211202398357 does not exist, skipping.
Image /home/sgoli125/workspace/research/MultiModalPFN/mmpfn/data/cbis_ddsm/jpeg/1.3.6.1.4.1.9590.100.1.2.50930977711228568838275834072066028632 does not exist, skipping.
Image /home/sgoli125/workspace/research/MultiModalPFN/mmpfn/data/cbis_ddsm/jpeg/1.3.6.1.4.1.9590.100.1.2.50930977711228568838275834072066028632 does not exist, skipping.
Image /home/sgoli125/workspace/research/MultiModalPFN/mmpfn/data/cbis_ddsm/jpeg/1.3.6.1.4.1.9590.100.1.2.228092873212870547017384383211202398357 does not exist, skipping.
Image /home/sgoli125/workspace/research/MultiModalPFN/mmpfn/data/cbis_ddsm/jpeg/1.3.6.1.4.1.9590.100.1.2.360600165213329661134949692543503873832 does not exist, skipping.
Image /home/sgoli125/workspace/research/MultiModalPFN/mmpfn/data/cbis_ddsm/jpeg/1.3.6.1.4.1.9590.100.1.2.360600165213329661134949692543503873832 does not exist, skipping.
Image /home/sgoli125/workspace/research/MultiModalPFN/mmpfn/data/cbis_ddsm/jpeg/1.3.6.1.4.1.9590.100.1.2.5375905712574640734093978892038034997 does not exist, skipping.
Image /home/sgoli125/workspace/research/MultiModalPFN/mmpfn/data/cbis_ddsm/jpeg/1.3.6.1.4.1.9590.100.1.2.403913185412613681641586569372233606222 does not exist, skipping.
Image /home/sgoli125/workspace/research/MultiModalPFN/mmpfn/data/cbis_ddsm/jpeg/1.3.6.1.4.1.9590.100.1.2.403913185412613681641586569372233606222 does not exist, skipping.
Image /home/sgoli125/workspace/research/MultiModalPFN/mmpfn/data/cbis_ddsm/jpeg/1.3.6.1.4.1.9590.100.1.2.5375905712574640734093978892038034997 does not exist, skipping.
Image /home/sgoli125/workspace/research/MultiModalPFN/mmpfn/data/cbis_ddsm/jpeg/1.3.6.1.4.1.9590.100.1.2.74088365112551230507136001593462769806 does not exist, skipping.
Image /home/sgoli125/workspace/research/MultiModalPFN/mmpfn/data/cbis_ddsm/jpeg/1.3.6.1.4.1.9590.100.1.2.354291287510277509211797459463240251346 does not exist, skipping.
Image /home/sgoli125/workspace/research/MultiModalPFN/mmpfn/data/cbis_ddsm/jpeg/1.3.6.1.4.1.9590.100.1.2.241026906612357548728061914983574276298 does not exist, skipping.
Image /home/sgoli125/workspace/research/MultiModalPFN/mmpfn/data/cbis_ddsm/jpeg/1.3.6.1.4.1.9590.100.1.2.241026906612357548728061914983574276298 does not exist, skipping.
Image /home/sgoli125/workspace/research/MultiModalPFN/mmpfn/data/cbis_ddsm/jpeg/1.3.6.1.4.1.9590.100.1.2.418457498011014875313768610940282872675 does not exist, skipping.
Image /home/sgoli125/workspace/research/MultiModalPFN/mmpfn/data/cbis_ddsm/jpeg/1.3.6.1.4.1.9590.100.1.2.213709339211989106238645984553320169440 does not exist, skipping.
Image /home/sgoli125/workspace/research/MultiModalPFN/mmpfn/data/cbis_ddsm/jpeg/1.3.6.1.4.1.9590.100.1.2.213709339211989106238645984553320169440 does not exist, skipping.
Image /home/sgoli125/workspace/research/MultiModalPFN/mmpfn/data/cbis_ddsm/jpeg/1.3.6.1.4.1.9590.100.1.2.209028941712493109723840065742063283976 does not exist, skipping.
Image /home/sgoli125/workspace/research/MultiModalPFN/mmpfn/data/cbis_ddsm/jpeg/1.3.6.1.4.1.9590.100.1.2.276781632711164698606928383192931648072 does not exist, skipping.
Image /home/sgoli125/workspace/research/MultiModalPFN/mmpfn/data/cbis_ddsm/jpeg/1.3.6.1.4.1.9590.100.1.2.90624542410283528530635439840700599746 does not exist, skipping.
Image /home/sgoli125/workspace/research/MultiModalPFN/mmpfn/data/cbis_ddsm/jpeg/1.3.6.1.4.1.9590.100.1.2.90624542410283528530635439840700599746 does not exist, skipping.
Image /home/sgoli125/workspace/research/MultiModalPFN/mmpfn/data/cbis_ddsm/jpeg/1.3.6.1.4.1.9590.100.1.2.351992760012053402305878306993041365874 does not exist, skipping.
Image /home/sgoli125/workspace/research/MultiModalPFN/mmpfn/data/cbis_ddsm/jpeg/1.3.6.1.4.1.9590.100.1.2.306743297211401286605374765211567197835 does not exist, skipping.
Image /home/sgoli125/workspace/research/MultiModalPFN/mmpfn/data/cbis_ddsm/jpeg/1.3.6.1.4.1.9590.100.1.2.306743297211401286605374765211567197835 does not exist, skipping.
Image /home/sgoli125/workspace/research/MultiModalPFN/mmpfn/data/cbis_ddsm/jpeg/1.3.6.1.4.1.9590.100.1.2.343240554110139708810240861602398769341 does not exist, skipping.
Image /home/sgoli125/workspace/research/MultiModalPFN/mmpfn/data/cbis_ddsm/jpeg/1.3.6.1.4.1.9590.100.1.2.90819488012526571738005620881096024084 does not exist, skipping.
Image /home/sgoli125/workspace/research/MultiModalPFN/mmpfn/data/cbis_ddsm/jpeg/1.3.6.1.4.1.9590.100.1.2.90819488012526571738005620881096024084 does not exist, skipping.
Image /home/sgoli125/workspace/research/MultiModalPFN/mmpfn/data/cbis_ddsm/jpeg/1.3.6.1.4.1.9590.100.1.2.4071275011184216523502721732765963066 does not exist, skipping.
Image /home/sgoli125/workspace/research/MultiModalPFN/mmpfn/data/cbis_ddsm/jpeg/1.3.6.1.4.1.9590.100.1.2.411168598811470485327252253942390358505 does not exist, skipping.
Image /home/sgoli125/workspace/research/MultiModalPFN/mmpfn/data/cbis_ddsm/jpeg/1.3.6.1.4.1.9590.100.1.2.411168598811470485327252253942390358505 does not exist, skipping.
Image /home/sgoli125/workspace/research/MultiModalPFN/mmpfn/data/cbis_ddsm/jpeg/1.3.6.1.4.1.9590.100.1.2.221421638613333700829316122941612334427 does not exist, skipping.
Image /home/sgoli125/workspace/research/MultiModalPFN/mmpfn/data/cbis_ddsm/jpeg/1.3.6.1.4.1.9590.100.1.2.221421638613333700829316122941612334427 does not exist, skipping.
Image /home/sgoli125/workspace/research/MultiModalPFN/mmpfn/data/cbis_ddsm/jpeg/1.3.6.1.4.1.9590.100.1.2.217294520813663622129173556871595465656 does not exist, skipping.
Image /home/sgoli125/workspace/research/MultiModalPFN/mmpfn/data/cbis_ddsm/jpeg/1.3.6.1.4.1.9590.100.1.2.217294520813663622129173556871595465656 does not exist, skipping.
Image /home/sgoli125/workspace/research/MultiModalPFN/mmpfn/data/cbis_ddsm/jpeg/1.3.6.1.4.1.9590.100.1.2.199540652611776353821798207172123079154 does not exist, skipping.
Image /home/sgoli125/workspace/research/MultiModalPFN/mmpfn/data/cbis_ddsm/jpeg/1.3.6.1.4.1.9590.100.1.2.92306183113245123207005034350940892013 does not exist, skipping.
Image /home/sgoli125/workspace/research/MultiModalPFN/mmpfn/data/cbis_ddsm/jpeg/1.3.6.1.4.1.9590.100.1.2.92306183113245123207005034350940892013 does not exist, skipping.
Image /home/sgoli125/workspace/research/MultiModalPFN/mmpfn/data/cbis_ddsm/jpeg/1.3.6.1.4.1.9590.100.1.2.277536201512923192140499372911328359871 does not exist, skipping.
Image /home/sgoli125/workspace/research/MultiModalPFN/mmpfn/data/cbis_ddsm/jpeg/1.3.6.1.4.1.9590.100.1.2.277536201512923192140499372911328359871 does not exist, skipping.
Image /home/sgoli125/workspace/research/MultiModalPFN/mmpfn/data/cbis_ddsm/jpeg/1.3.6.1.4.1.9590.100.1.2.417608135813097018923712441772099200133 does not exist, skipping.
Image /home/sgoli125/workspace/research/MultiModalPFN/mmpfn/data/cbis_ddsm/jpeg/1.3.6.1.4.1.9590.100.1.2.419101916011003267204546254263412360938 does not exist, skipping.
Image /home/sgoli125/workspace/research/MultiModalPFN/mmpfn/data/cbis_ddsm/jpeg/1.3.6.1.4.1.9590.100.1.2.419101916011003267204546254263412360938 does not exist, skipping.
Image /home/sgoli125/workspace/research/MultiModalPFN/mmpfn/data/cbis_ddsm/jpeg/1.3.6.1.4.1.9590.100.1.2.68828333511045311425255190220373462995 does not exist, skipping.
Image /home/sgoli125/workspace/research/MultiModalPFN/mmpfn/data/cbis_ddsm/jpeg/1.3.6.1.4.1.9590.100.1.2.68828333511045311425255190220373462995 does not exist, skipping.
Image /home/sgoli125/workspace/research/MultiModalPFN/mmpfn/data/cbis_ddsm/jpeg/1.3.6.1.4.1.9590.100.1.2.424375028213529712235170387420953707530 does not exist, skipping.
Image /home/sgoli125/workspace/research/MultiModalPFN/mmpfn/data/cbis_ddsm/jpeg/1.3.6.1.4.1.9590.100.1.2.42458779312676658533788074462532808038 does not exist, skipping.
Image /home/sgoli125/workspace/research/MultiModalPFN/mmpfn/data/cbis_ddsm/jpeg/1.3.6.1.4.1.9590.100.1.2.42458779312676658533788074462532808038 does not exist, skipping.
Image /home/sgoli125/workspace/research/MultiModalPFN/mmpfn/data/cbis_ddsm/jpeg/1.3.6.1.4.1.9590.100.1.2.401214379512684833222439968160756943149 does not exist, skipping.
Image /home/sgoli125/workspace/research/MultiModalPFN/mmpfn/data/cbis_ddsm/jpeg/1.3.6.1.4.1.9590.100.1.2.401214379512684833222439968160756943149 does not exist, skipping.
Image /home/sgoli125/workspace/research/MultiModalPFN/mmpfn/data/cbis_ddsm/jpeg/1.3.6.1.4.1.9590.100.1.2.250541129012697000139067193781811131927 does not exist, skipping.
Image /home/sgoli125/workspace/research/MultiModalPFN/mmpfn/data/cbis_ddsm/jpeg/1.3.6.1.4.1.9590.100.1.2.202283445911304389526306403130030487752 does not exist, skipping.
Image /home/sgoli125/workspace/research/MultiModalPFN/mmpfn/data/cbis_ddsm/jpeg/1.3.6.1.4.1.9590.100.1.2.202283445911304389526306403130030487752 does not exist, skipping.
Image /home/sgoli125/workspace/research/MultiModalPFN/mmpfn/data/cbis_ddsm/jpeg/1.3.6.1.4.1.9590.100.1.2.252821879212942603123644343092349853247 does not exist, skipping.
Image /home/sgoli125/workspace/research/MultiModalPFN/mmpfn/data/cbis_ddsm/jpeg/1.3.6.1.4.1.9590.100.1.2.252821879212942603123644343092349853247 does not exist, skipping.
Image /home/sgoli125/workspace/research/MultiModalPFN/mmpfn/data/cbis_ddsm/jpeg/1.3.6.1.4.1.9590.100.1.2.231328534412572441327087717352514897001 does not exist, skipping.
Image /home/sgoli125/workspace/research/MultiModalPFN/mmpfn/data/cbis_ddsm/jpeg/1.3.6.1.4.1.9590.100.1.2.245002691212776218107391387354275491674 does not exist, skipping.
Image /home/sgoli125/workspace/research/MultiModalPFN/mmpfn/data/cbis_ddsm/jpeg/1.3.6.1.4.1.9590.100.1.2.403401426613803963826690592101103825505 does not exist, skipping.
Image /home/sgoli125/workspace/research/MultiModalPFN/mmpfn/data/cbis_ddsm/jpeg/1.3.6.1.4.1.9590.100.1.2.403401426613803963826690592101103825505 does not exist, skipping.
Image /home/sgoli125/workspace/research/MultiModalPFN/mmpfn/data/cbis_ddsm/jpeg/1.3.6.1.4.1.9590.100.1.2.26785943013851897504417315121757689195 does not exist, skipping.
Image /home/sgoli125/workspace/research/MultiModalPFN/mmpfn/data/cbis_ddsm/jpeg/1.3.6.1.4.1.9590.100.1.2.324624303013325829234949800031769939836 does not exist, skipping.
Image /home/sgoli125/workspace/research/MultiModalPFN/mmpfn/data/cbis_ddsm/jpeg/1.3.6.1.4.1.9590.100.1.2.324624303013325829234949800031769939836 does not exist, skipping.
Image /home/sgoli125/workspace/research/MultiModalPFN/mmpfn/data/cbis_ddsm/jpeg/1.3.6.1.4.1.9590.100.1.2.370999277211359885401017875750544572719 does not exist, skipping.
Image /home/sgoli125/workspace/research/MultiModalPFN/mmpfn/data/cbis_ddsm/jpeg/1.3.6.1.4.1.9590.100.1.2.331537760513637157804168239871022697740 does not exist, skipping.
Image /home/sgoli125/workspace/research/MultiModalPFN/mmpfn/data/cbis_ddsm/jpeg/1.3.6.1.4.1.9590.100.1.2.331537760513637157804168239871022697740 does not exist, skipping.
Image /home/sgoli125/workspace/research/MultiModalPFN/mmpfn/data/cbis_ddsm/jpeg/1.3.6.1.4.1.9590.100.1.2.233911555812115637135380650580631967915 does not exist, skipping.
Image /home/sgoli125/workspace/research/MultiModalPFN/mmpfn/data/cbis_ddsm/jpeg/1.3.6.1.4.1.9590.100.1.2.341735794911370312808629615641935545960 does not exist, skipping.
Image /home/sgoli125/workspace/research/MultiModalPFN/mmpfn/data/cbis_ddsm/jpeg/1.3.6.1.4.1.9590.100.1.2.341735794911370312808629615641935545960 does not exist, skipping.
Image /home/sgoli125/workspace/research/MultiModalPFN/mmpfn/data/cbis_ddsm/jpeg/1.3.6.1.4.1.9590.100.1.2.260395375912689985505181352172038713429 does not exist, skipping.
Image /home/sgoli125/workspace/research/MultiModalPFN/mmpfn/data/cbis_ddsm/jpeg/1.3.6.1.4.1.9590.100.1.2.268779240912541060117352111470145931802 does not exist, skipping.
Image /home/sgoli125/workspace/research/MultiModalPFN/mmpfn/data/cbis_ddsm/jpeg/1.3.6.1.4.1.9590.100.1.2.268779240912541060117352111470145931802 does not exist, skipping.
Image /home/sgoli125/workspace/research/MultiModalPFN/mmpfn/data/cbis_ddsm/jpeg/1.3.6.1.4.1.9590.100.1.2.260395375912689985505181352172038713429 does not exist, skipping.
Image /home/sgoli125/workspace/research/MultiModalPFN/mmpfn/data/cbis_ddsm/jpeg/1.3.6.1.4.1.9590.100.1.2.350227954211369092108161914102275089523 does not exist, skipping.
Image /home/sgoli125/workspace/research/MultiModalPFN/mmpfn/data/cbis_ddsm/jpeg/1.3.6.1.4.1.9590.100.1.2.350227954211369092108161914102275089523 does not exist, skipping.
Image /home/sgoli125/workspace/research/MultiModalPFN/mmpfn/data/cbis_ddsm/jpeg/1.3.6.1.4.1.9590.100.1.2.260395375912689985505181352172038713429 does not exist, skipping.
Image /home/sgoli125/workspace/research/MultiModalPFN/mmpfn/data/cbis_ddsm/jpeg/1.3.6.1.4.1.9590.100.1.2.260395375912689985505181352172038713429 does not exist, skipping.
Image /home/sgoli125/workspace/research/MultiModalPFN/mmpfn/data/cbis_ddsm/jpeg/1.3.6.1.4.1.9590.100.1.2.370851536113113901435639308141051812079 does not exist, skipping.
Image /home/sgoli125/workspace/research/MultiModalPFN/mmpfn/data/cbis_ddsm/jpeg/1.3.6.1.4.1.9590.100.1.2.370851536113113901435639308141051812079 does not exist, skipping.
Image /home/sgoli125/workspace/research/MultiModalPFN/mmpfn/data/cbis_ddsm/jpeg/1.3.6.1.4.1.9590.100.1.2.55968524711909111320750324813970130575 does not exist, skipping.
Image /home/sgoli125/workspace/research/MultiModalPFN/mmpfn/data/cbis_ddsm/jpeg/1.3.6.1.4.1.9590.100.1.2.373069056612359097415375305520405492620 does not exist, skipping.
Image /home/sgoli125/workspace/research/MultiModalPFN/mmpfn/data/cbis_ddsm/jpeg/1.3.6.1.4.1.9590.100.1.2.373069056612359097415375305520405492620 does not exist, skipping.
Image /home/sgoli125/workspace/research/MultiModalPFN/mmpfn/data/cbis_ddsm/jpeg/1.3.6.1.4.1.9590.100.1.2.202553131511451858229945913810637396413 does not exist, skipping.
Image /home/sgoli125/workspace/research/MultiModalPFN/mmpfn/data/cbis_ddsm/jpeg/1.3.6.1.4.1.9590.100.1.2.352883294212333654901428978002269850747 does not exist, skipping.
Image /home/sgoli125/workspace/research/MultiModalPFN/mmpfn/data/cbis_ddsm/jpeg/1.3.6.1.4.1.9590.100.1.2.33581058512698762002009391831905636976 does not exist, skipping.
Image /home/sgoli125/workspace/research/MultiModalPFN/mmpfn/data/cbis_ddsm/jpeg/1.3.6.1.4.1.9590.100.1.2.325118084911282407507592713082716430655 does not exist, skipping.
Image /home/sgoli125/workspace/research/MultiModalPFN/mmpfn/data/cbis_ddsm/jpeg/1.3.6.1.4.1.9590.100.1.2.244149282511184643506445666910676855808 does not exist, skipping.
Image /home/sgoli125/workspace/research/MultiModalPFN/mmpfn/data/cbis_ddsm/jpeg/1.3.6.1.4.1.9590.100.1.2.245550762511135550738178630953626561752 does not exist, skipping.
Image /home/sgoli125/workspace/research/MultiModalPFN/mmpfn/data/cbis_ddsm/jpeg/1.3.6.1.4.1.9590.100.1.2.376498523811063883940580673671902052935 does not exist, skipping.
Image /home/sgoli125/workspace/research/MultiModalPFN/mmpfn/data/cbis_ddsm/jpeg/1.3.6.1.4.1.9590.100.1.2.376498523811063883940580673671902052935 does not exist, skipping.
Image /home/sgoli125/workspace/research/MultiModalPFN/mmpfn/data/cbis_ddsm/jpeg/1.3.6.1.4.1.9590.100.1.2.282187186212471477920122594912799518222 does not exist, skipping.
Image /home/sgoli125/workspace/research/MultiModalPFN/mmpfn/data/cbis_ddsm/jpeg/1.3.6.1.4.1.9590.100.1.2.378444115012230886324003447251795950354 does not exist, skipping.
Image /home/sgoli125/workspace/research/MultiModalPFN/mmpfn/data/cbis_ddsm/jpeg/1.3.6.1.4.1.9590.100.1.2.378444115012230886324003447251795950354 does not exist, skipping.
Image /home/sgoli125/workspace/research/MultiModalPFN/mmpfn/data/cbis_ddsm/jpeg/1.3.6.1.4.1.9590.100.1.2.357895865312935232740791412752491722139 does not exist, skipping.
Image /home/sgoli125/workspace/research/MultiModalPFN/mmpfn/data/cbis_ddsm/jpeg/1.3.6.1.4.1.9590.100.1.2.415663584312849055436068768321183852088 does not exist, skipping.
Image /home/sgoli125/workspace/research/MultiModalPFN/mmpfn/data/cbis_ddsm/jpeg/1.3.6.1.4.1.9590.100.1.2.415663584312849055436068768321183852088 does not exist, skipping.
Image /home/sgoli125/workspace/research/MultiModalPFN/mmpfn/data/cbis_ddsm/jpeg/1.3.6.1.4.1.9590.100.1.2.51790071813914520302781173050912065274 does not exist, skipping.
Image /home/sgoli125/workspace/research/MultiModalPFN/mmpfn/data/cbis_ddsm/jpeg/1.3.6.1.4.1.9590.100.1.2.427191221613075024206692586693124926607 does not exist, skipping.
Image /home/sgoli125/workspace/research/MultiModalPFN/mmpfn/data/cbis_ddsm/jpeg/1.3.6.1.4.1.9590.100.1.2.427191221613075024206692586693124926607 does not exist, skipping.
Image /home/sgoli125/workspace/research/MultiModalPFN/mmpfn/data/cbis_ddsm/jpeg/1.3.6.1.4.1.9590.100.1.2.55778548111209969424695307662410813691 does not exist, skipping.
Image /home/sgoli125/workspace/research/MultiModalPFN/mmpfn/data/cbis_ddsm/jpeg/1.3.6.1.4.1.9590.100.1.2.332220304112291686205901600122715192543 does not exist, skipping.
Image /home/sgoli125/workspace/research/MultiModalPFN/mmpfn/data/cbis_ddsm/jpeg/1.3.6.1.4.1.9590.100.1.2.332220304112291686205901600122715192543 does not exist, skipping.
Image /home/sgoli125/workspace/research/MultiModalPFN/mmpfn/data/cbis_ddsm/jpeg/1.3.6.1.4.1.9590.100.1.2.99384845412796395014256477491120965729 does not exist, skipping.
Image /home/sgoli125/workspace/research/MultiModalPFN/mmpfn/data/cbis_ddsm/jpeg/1.3.6.1.4.1.9590.100.1.2.212247167512446522911238214551756773152 does not exist, skipping.
Image /home/sgoli125/workspace/research/MultiModalPFN/mmpfn/data/cbis_ddsm/jpeg/1.3.6.1.4.1.9590.100.1.2.212247167512446522911238214551756773152 does not exist, skipping.
Image /home/sgoli125/workspace/research/MultiModalPFN/mmpfn/data/cbis_ddsm/jpeg/1.3.6.1.4.1.9590.100.1.2.84122280212649020533362604933513296684 does not exist, skipping.
Image /home/sgoli125/workspace/research/MultiModalPFN/mmpfn/data/cbis_ddsm/jpeg/1.3.6.1.4.1.9590.100.1.2.70423778210256041224551809751756782276 does not exist, skipping.
Image /home/sgoli125/workspace/research/MultiModalPFN/mmpfn/data/cbis_ddsm/jpeg/1.3.6.1.4.1.9590.100.1.2.70423778210256041224551809751756782276 does not exist, skipping.
Image /home/sgoli125/workspace/research/MultiModalPFN/mmpfn/data/cbis_ddsm/jpeg/1.3.6.1.4.1.9590.100.1.2.239548739510237429113050679573385847658 does not exist, skipping.
Image /home/sgoli125/workspace/research/MultiModalPFN/mmpfn/data/cbis_ddsm/jpeg/1.3.6.1.4.1.9590.100.1.2.398179546912513799737958373503308688357 does not exist, skipping.
Image /home/sgoli125/workspace/research/MultiModalPFN/mmpfn/data/cbis_ddsm/jpeg/1.3.6.1.4.1.9590.100.1.2.398179546912513799737958373503308688357 does not exist, skipping.
Image /home/sgoli125/workspace/research/MultiModalPFN/mmpfn/data/cbis_ddsm/jpeg/1.3.6.1.4.1.9590.100.1.2.215226313412573905023338082960607706763 does not exist, skipping.
Image /home/sgoli125/workspace/research/MultiModalPFN/mmpfn/data/cbis_ddsm/jpeg/1.3.6.1.4.1.9590.100.1.2.54984100111963561607042712801943493016 does not exist, skipping.
Image /home/sgoli125/workspace/research/MultiModalPFN/mmpfn/data/cbis_ddsm/jpeg/1.3.6.1.4.1.9590.100.1.2.54984100111963561607042712801943493016 does not exist, skipping.
Image /home/sgoli125/workspace/research/MultiModalPFN/mmpfn/data/cbis_ddsm/jpeg/1.3.6.1.4.1.9590.100.1.2.296558944912772058418981961040600019022 does not exist, skipping.
Image /home/sgoli125/workspace/research/MultiModalPFN/mmpfn/data/cbis_ddsm/jpeg/1.3.6.1.4.1.9590.100.1.2.426578226012353341625938149703656638104 does not exist, skipping.
Image /home/sgoli125/workspace/research/MultiModalPFN/mmpfn/data/cbis_ddsm/jpeg/1.3.6.1.4.1.9590.100.1.2.74909457910984074340559072083196768301 does not exist, skipping.
Image /home/sgoli125/workspace/research/MultiModalPFN/mmpfn/data/cbis_ddsm/jpeg/1.3.6.1.4.1.9590.100.1.2.74909457910984074340559072083196768301 does not exist, skipping.
Image /home/sgoli125/workspace/research/MultiModalPFN/mmpfn/data/cbis_ddsm/jpeg/1.3.6.1.4.1.9590.100.1.2.398858551812156698220010707420848276001 does not exist, skipping.
Image /home/sgoli125/workspace/research/MultiModalPFN/mmpfn/data/cbis_ddsm/jpeg/1.3.6.1.4.1.9590.100.1.2.279051539510100096011922323483550767594 does not exist, skipping.
Image /home/sgoli125/workspace/research/MultiModalPFN/mmpfn/data/cbis_ddsm/jpeg/1.3.6.1.4.1.9590.100.1.2.279051539510100096011922323483550767594 does not exist, skipping.
Image /home/sgoli125/workspace/research/MultiModalPFN/mmpfn/data/cbis_ddsm/jpeg/1.3.6.1.4.1.9590.100.1.2.75915096813909549403343655801659493741 does not exist, skipping.
Image /home/sgoli125/workspace/research/MultiModalPFN/mmpfn/data/cbis_ddsm/jpeg/1.3.6.1.4.1.9590.100.1.2.75915096813909549403343655801659493741 does not exist, skipping.
Image /home/sgoli125/workspace/research/MultiModalPFN/mmpfn/data/cbis_ddsm/jpeg/1.3.6.1.4.1.9590.100.1.2.355328535612372456313498574361444093418 does not exist, skipping.
Image /home/sgoli125/workspace/research/MultiModalPFN/mmpfn/data/cbis_ddsm/jpeg/1.3.6.1.4.1.9590.100.1.2.355328535612372456313498574361444093418 does not exist, skipping.
Image /home/sgoli125/workspace/research/MultiModalPFN/mmpfn/data/cbis_ddsm/jpeg/1.3.6.1.4.1.9590.100.1.2.398753834012362028440498190652411025281 does not exist, skipping.
Image /home/sgoli125/workspace/research/MultiModalPFN/mmpfn/data/cbis_ddsm/jpeg/1.3.6.1.4.1.9590.100.1.2.368109149111602677032156676321470046148 does not exist, skipping.
Image /home/sgoli125/workspace/research/MultiModalPFN/mmpfn/data/cbis_ddsm/jpeg/1.3.6.1.4.1.9590.100.1.2.368109149111602677032156676321470046148 does not exist, skipping.
Image /home/sgoli125/workspace/research/MultiModalPFN/mmpfn/data/cbis_ddsm/jpeg/1.3.6.1.4.1.9590.100.1.2.98014403712287585625770364683727259546 does not exist, skipping.
Image /home/sgoli125/workspace/research/MultiModalPFN/mmpfn/data/cbis_ddsm/jpeg/1.3.6.1.4.1.9590.100.1.2.376918381812465861922345488763551558666 does not exist, skipping.
Image /home/sgoli125/workspace/research/MultiModalPFN/mmpfn/data/cbis_ddsm/jpeg/1.3.6.1.4.1.9590.100.1.2.421605805411613478235673271291349704748 does not exist, skipping.
Image /home/sgoli125/workspace/research/MultiModalPFN/mmpfn/data/cbis_ddsm/jpeg/1.3.6.1.4.1.9590.100.1.2.421605805411613478235673271291349704748 does not exist, skipping.
Image /home/sgoli125/workspace/research/MultiModalPFN/mmpfn/data/cbis_ddsm/jpeg/1.3.6.1.4.1.9590.100.1.2.407402812911531329240590412090892284844 does not exist, skipping.
Image /home/sgoli125/workspace/research/MultiModalPFN/mmpfn/data/cbis_ddsm/jpeg/1.3.6.1.4.1.9590.100.1.2.407402812911531329240590412090892284844 does not exist, skipping.
Image /home/sgoli125/workspace/research/MultiModalPFN/mmpfn/data/cbis_ddsm/jpeg/1.3.6.1.4.1.9590.100.1.2.90778433812357959042532489360994707924 does not exist, skipping.
Image /home/sgoli125/workspace/research/MultiModalPFN/mmpfn/data/cbis_ddsm/jpeg/1.3.6.1.4.1.9590.100.1.2.394770329712127335215198368031088501156 does not exist, skipping.
Image /home/sgoli125/workspace/research/MultiModalPFN/mmpfn/data/cbis_ddsm/jpeg/1.3.6.1.4.1.9590.100.1.2.394770329712127335215198368031088501156 does not exist, skipping.
Image /home/sgoli125/workspace/research/MultiModalPFN/mmpfn/data/cbis_ddsm/jpeg/1.3.6.1.4.1.9590.100.1.2.351318274912677102505949449482183813292 does not exist, skipping.
Image /home/sgoli125/workspace/research/MultiModalPFN/mmpfn/data/cbis_ddsm/jpeg/1.3.6.1.4.1.9590.100.1.2.264360226812502591412468604320964315435 does not exist, skipping.
Image /home/sgoli125/workspace/research/MultiModalPFN/mmpfn/data/cbis_ddsm/jpeg/1.3.6.1.4.1.9590.100.1.2.264360226812502591412468604320964315435 does not exist, skipping.
Image /home/sgoli125/workspace/research/MultiModalPFN/mmpfn/data/cbis_ddsm/jpeg/1.3.6.1.4.1.9590.100.1.2.251098045911979762921708304802076525274 does not exist, skipping.
Image /home/sgoli125/workspace/research/MultiModalPFN/mmpfn/data/cbis_ddsm/jpeg/1.3.6.1.4.1.9590.100.1.2.251098045911979762921708304802076525274 does not exist, skipping.
Image /home/sgoli125/workspace/research/MultiModalPFN/mmpfn/data/cbis_ddsm/jpeg/1.3.6.1.4.1.9590.100.1.2.400932724010615651437830867700414025448 does not exist, skipping.
Image /home/sgoli125/workspace/research/MultiModalPFN/mmpfn/data/cbis_ddsm/jpeg/1.3.6.1.4.1.9590.100.1.2.256092653510382439619272441782239245199 does not exist, skipping.
Image /home/sgoli125/workspace/research/MultiModalPFN/mmpfn/data/cbis_ddsm/jpeg/1.3.6.1.4.1.9590.100.1.2.256092653510382439619272441782239245199 does not exist, skipping.
Image /home/sgoli125/workspace/research/MultiModalPFN/mmpfn/data/cbis_ddsm/jpeg/1.3.6.1.4.1.9590.100.1.2.366116135913081041342774347930367938902 does not exist, skipping.
Image /home/sgoli125/workspace/research/MultiModalPFN/mmpfn/data/cbis_ddsm/jpeg/1.3.6.1.4.1.9590.100.1.2.295807637410843301238684320563835532703 does not exist, skipping.
Image /home/sgoli125/workspace/research/MultiModalPFN/mmpfn/data/cbis_ddsm/jpeg/1.3.6.1.4.1.9590.100.1.2.295807637410843301238684320563835532703 does not exist, skipping.
Image /home/sgoli125/workspace/research/MultiModalPFN/mmpfn/data/cbis_ddsm/jpeg/1.3.6.1.4.1.9590.100.1.2.219986664510765910400707998013789457913 does not exist, skipping.
Image /home/sgoli125/workspace/research/MultiModalPFN/mmpfn/data/cbis_ddsm/jpeg/1.3.6.1.4.1.9590.100.1.2.296931352612305599800425693833437698626 does not exist, skipping.
Image /home/sgoli125/workspace/research/MultiModalPFN/mmpfn/data/cbis_ddsm/jpeg/1.3.6.1.4.1.9590.100.1.2.296931352612305599800425693833437698626 does not exist, skipping.
Image /home/sgoli125/workspace/research/MultiModalPFN/mmpfn/data/cbis_ddsm/jpeg/1.3.6.1.4.1.9590.100.1.2.367538824911271703840592313643968598953 does not exist, skipping.
Image /home/sgoli125/workspace/research/MultiModalPFN/mmpfn/data/cbis_ddsm/jpeg/1.3.6.1.4.1.9590.100.1.2.367538824911271703840592313643968598953 does not exist, skipping.
Image /home/sgoli125/workspace/research/MultiModalPFN/mmpfn/data/cbis_ddsm/jpeg/1.3.6.1.4.1.9590.100.1.2.417009583312382634503537924402100480108 does not exist, skipping.
Image /home/sgoli125/workspace/research/MultiModalPFN/mmpfn/data/cbis_ddsm/jpeg/1.3.6.1.4.1.9590.100.1.2.417009583312382634503537924402100480108 does not exist, skipping.
Image /home/sgoli125/workspace/research/MultiModalPFN/mmpfn/data/cbis_ddsm/jpeg/1.3.6.1.4.1.9590.100.1.2.72724605212412925123701405661626433580 does not exist, skipping.
Image /home/sgoli125/workspace/research/MultiModalPFN/mmpfn/data/cbis_ddsm/jpeg/1.3.6.1.4.1.9590.100.1.2.349093992611829526227133065363606696531 does not exist, skipping.
Image /home/sgoli125/workspace/research/MultiModalPFN/mmpfn/data/cbis_ddsm/jpeg/1.3.6.1.4.1.9590.100.1.2.349093992611829526227133065363606696531 does not exist, skipping.
Image /home/sgoli125/workspace/research/MultiModalPFN/mmpfn/data/cbis_ddsm/jpeg/1.3.6.1.4.1.9590.100.1.2.72724605212412925123701405661626433580 does not exist, skipping.
Image /home/sgoli125/workspace/research/MultiModalPFN/mmpfn/data/cbis_ddsm/jpeg/1.3.6.1.4.1.9590.100.1.2.243518844011228052739967093022317182429 does not exist, skipping.
Image /home/sgoli125/workspace/research/MultiModalPFN/mmpfn/data/cbis_ddsm/jpeg/1.3.6.1.4.1.9590.100.1.2.264179637112971682317429510723682311282 does not exist, skipping.
Image /home/sgoli125/workspace/research/MultiModalPFN/mmpfn/data/cbis_ddsm/jpeg/1.3.6.1.4.1.9590.100.1.2.264179637112971682317429510723682311282 does not exist, skipping.
Image /home/sgoli125/workspace/research/MultiModalPFN/mmpfn/data/cbis_ddsm/jpeg/1.3.6.1.4.1.9590.100.1.2.63984074411094294028093746000894797256 does not exist, skipping.
Image /home/sgoli125/workspace/research/MultiModalPFN/mmpfn/data/cbis_ddsm/jpeg/1.3.6.1.4.1.9590.100.1.2.211629141211103617228997413703619800272 does not exist, skipping.
Image /home/sgoli125/workspace/research/MultiModalPFN/mmpfn/data/cbis_ddsm/jpeg/1.3.6.1.4.1.9590.100.1.2.211629141211103617228997413703619800272 does not exist, skipping.
Image /home/sgoli125/workspace/research/MultiModalPFN/mmpfn/data/cbis_ddsm/jpeg/1.3.6.1.4.1.9590.100.1.2.19730326712587641042131094143642946060 does not exist, skipping.
Image /home/sgoli125/workspace/research/MultiModalPFN/mmpfn/data/cbis_ddsm/jpeg/1.3.6.1.4.1.9590.100.1.2.302500213512328883620695471942399820367 does not exist, skipping.
Image /home/sgoli125/workspace/research/MultiModalPFN/mmpfn/data/cbis_ddsm/jpeg/1.3.6.1.4.1.9590.100.1.2.302500213512328883620695471942399820367 does not exist, skipping.
Image /home/sgoli125/workspace/research/MultiModalPFN/mmpfn/data/cbis_ddsm/jpeg/1.3.6.1.4.1.9590.100.1.2.19730326712587641042131094143642946060 does not exist, skipping.
Image /home/sgoli125/workspace/research/MultiModalPFN/mmpfn/data/cbis_ddsm/jpeg/1.3.6.1.4.1.9590.100.1.2.259503506612946864929373141773212981759 does not exist, skipping.
Image /home/sgoli125/workspace/research/MultiModalPFN/mmpfn/data/cbis_ddsm/jpeg/1.3.6.1.4.1.9590.100.1.2.259503506612946864929373141773212981759 does not exist, skipping.
Image /home/sgoli125/workspace/research/MultiModalPFN/mmpfn/data/cbis_ddsm/jpeg/1.3.6.1.4.1.9590.100.1.2.381976643013069766914531749641434314807 does not exist, skipping.
Image /home/sgoli125/workspace/research/MultiModalPFN/mmpfn/data/cbis_ddsm/jpeg/1.3.6.1.4.1.9590.100.1.2.21880847611551467921724338502747551952 does not exist, skipping.
Image /home/sgoli125/workspace/research/MultiModalPFN/mmpfn/data/cbis_ddsm/jpeg/1.3.6.1.4.1.9590.100.1.2.21880847611551467921724338502747551952 does not exist, skipping.
Image /home/sgoli125/workspace/research/MultiModalPFN/mmpfn/data/cbis_ddsm/jpeg/1.3.6.1.4.1.9590.100.1.2.381976643013069766914531749641434314807 does not exist, skipping.
Image /home/sgoli125/workspace/research/MultiModalPFN/mmpfn/data/cbis_ddsm/jpeg/1.3.6.1.4.1.9590.100.1.2.217251302612401701737828896573116741101 does not exist, skipping.
Image /home/sgoli125/workspace/research/MultiModalPFN/mmpfn/data/cbis_ddsm/jpeg/1.3.6.1.4.1.9590.100.1.2.217251302612401701737828896573116741101 does not exist, skipping.
Image /home/sgoli125/workspace/research/MultiModalPFN/mmpfn/data/cbis_ddsm/jpeg/1.3.6.1.4.1.9590.100.1.2.398436206112075190335811098902545958874 does not exist, skipping.
Image /home/sgoli125/workspace/research/MultiModalPFN/mmpfn/data/cbis_ddsm/jpeg/1.3.6.1.4.1.9590.100.1.2.48867718511375325803873320201559493875 does not exist, skipping.
Image /home/sgoli125/workspace/research/MultiModalPFN/mmpfn/data/cbis_ddsm/jpeg/1.3.6.1.4.1.9590.100.1.2.48867718511375325803873320201559493875 does not exist, skipping.
Image /home/sgoli125/workspace/research/MultiModalPFN/mmpfn/data/cbis_ddsm/jpeg/1.3.6.1.4.1.9590.100.1.2.403824995113685855926042098451429311853 does not exist, skipping.
Image /home/sgoli125/workspace/research/MultiModalPFN/mmpfn/data/cbis_ddsm/jpeg/1.3.6.1.4.1.9590.100.1.2.73714346712740818321514602263961334100 does not exist, skipping.
Image /home/sgoli125/workspace/research/MultiModalPFN/mmpfn/data/cbis_ddsm/jpeg/1.3.6.1.4.1.9590.100.1.2.314464728511187336827930930542593487621 does not exist, skipping.
Image /home/sgoli125/workspace/research/MultiModalPFN/mmpfn/data/cbis_ddsm/jpeg/1.3.6.1.4.1.9590.100.1.2.310343042212571725139090395242913592142 does not exist, skipping.
Image /home/sgoli125/workspace/research/MultiModalPFN/mmpfn/data/cbis_ddsm/jpeg/1.3.6.1.4.1.9590.100.1.2.278751293312112492613108122923242306167 does not exist, skipping.
Image /home/sgoli125/workspace/research/MultiModalPFN/mmpfn/data/cbis_ddsm/jpeg/1.3.6.1.4.1.9590.100.1.2.266407746911029259038188299753927009234 does not exist, skipping.
Image /home/sgoli125/workspace/research/MultiModalPFN/mmpfn/data/cbis_ddsm/jpeg/1.3.6.1.4.1.9590.100.1.2.266407746911029259038188299753927009234 does not exist, skipping.
Image /home/sgoli125/workspace/research/MultiModalPFN/mmpfn/data/cbis_ddsm/jpeg/1.3.6.1.4.1.9590.100.1.2.26770521411620079009394768741064441231 does not exist, skipping.
Image /home/sgoli125/workspace/research/MultiModalPFN/mmpfn/data/cbis_ddsm/jpeg/1.3.6.1.4.1.9590.100.1.2.295277916211911119142087169484243835466 does not exist, skipping.
Image /home/sgoli125/workspace/research/MultiModalPFN/mmpfn/data/cbis_ddsm/jpeg/1.3.6.1.4.1.9590.100.1.2.295277916211911119142087169484243835466 does not exist, skipping.
Image /home/sgoli125/workspace/research/MultiModalPFN/mmpfn/data/cbis_ddsm/jpeg/1.3.6.1.4.1.9590.100.1.2.78060109511881183214215719874238829012 does not exist, skipping.
Image /home/sgoli125/workspace/research/MultiModalPFN/mmpfn/data/cbis_ddsm/jpeg/1.3.6.1.4.1.9590.100.1.2.246591470012088856007701482732199881761 does not exist, skipping.
Image /home/sgoli125/workspace/research/MultiModalPFN/mmpfn/data/cbis_ddsm/jpeg/1.3.6.1.4.1.9590.100.1.2.388636067512527636836953061311268483123 does not exist, skipping.
Image /home/sgoli125/workspace/research/MultiModalPFN/mmpfn/data/cbis_ddsm/jpeg/1.3.6.1.4.1.9590.100.1.2.388636067512527636836953061311268483123 does not exist, skipping.
Image /home/sgoli125/workspace/research/MultiModalPFN/mmpfn/data/cbis_ddsm/jpeg/1.3.6.1.4.1.9590.100.1.2.381552435213022182420381569321704069961 does not exist, skipping.
Image /home/sgoli125/workspace/research/MultiModalPFN/mmpfn/data/cbis_ddsm/jpeg/1.3.6.1.4.1.9590.100.1.2.52148459113514152322346669372212361205 does not exist, skipping.
Image /home/sgoli125/workspace/research/MultiModalPFN/mmpfn/data/cbis_ddsm/jpeg/1.3.6.1.4.1.9590.100.1.2.52148459113514152322346669372212361205 does not exist, skipping.
Image /home/sgoli125/workspace/research/MultiModalPFN/mmpfn/data/cbis_ddsm/jpeg/1.3.6.1.4.1.9590.100.1.2.32675452911072787614912185933063088720 does not exist, skipping.
Image /home/sgoli125/workspace/research/MultiModalPFN/mmpfn/data/cbis_ddsm/jpeg/1.3.6.1.4.1.9590.100.1.2.32675452911072787614912185933063088720 does not exist, skipping.
Image /home/sgoli125/workspace/research/MultiModalPFN/mmpfn/data/cbis_ddsm/jpeg/1.3.6.1.4.1.9590.100.1.2.425182509912779827704955040293854758529 does not exist, skipping.
Image /home/sgoli125/workspace/research/MultiModalPFN/mmpfn/data/cbis_ddsm/jpeg/1.3.6.1.4.1.9590.100.1.2.311313415912769148235686849460609112304 does not exist, skipping.
Image /home/sgoli125/workspace/research/MultiModalPFN/mmpfn/data/cbis_ddsm/jpeg/1.3.6.1.4.1.9590.100.1.2.311313415912769148235686849460609112304 does not exist, skipping.
Image /home/sgoli125/workspace/research/MultiModalPFN/mmpfn/data/cbis_ddsm/jpeg/1.3.6.1.4.1.9590.100.1.2.389817989411024663139102163343345717561 does not exist, skipping.
Image /home/sgoli125/workspace/research/MultiModalPFN/mmpfn/data/cbis_ddsm/jpeg/1.3.6.1.4.1.9590.100.1.2.33361130912939157527632779564042791666 does not exist, skipping.
Image /home/sgoli125/workspace/research/MultiModalPFN/mmpfn/data/cbis_ddsm/jpeg/1.3.6.1.4.1.9590.100.1.2.33361130912939157527632779564042791666 does not exist, skipping.
Image /home/sgoli125/workspace/research/MultiModalPFN/mmpfn/data/cbis_ddsm/jpeg/1.3.6.1.4.1.9590.100.1.2.389817989411024663139102163343345717561 does not exist, skipping.
Image /home/sgoli125/workspace/research/MultiModalPFN/mmpfn/data/cbis_ddsm/jpeg/1.3.6.1.4.1.9590.100.1.2.281568501410620347214390762822174314683 does not exist, skipping.
Image /home/sgoli125/workspace/research/MultiModalPFN/mmpfn/data/cbis_ddsm/jpeg/1.3.6.1.4.1.9590.100.1.2.281568501410620347214390762822174314683 does not exist, skipping.
Image /home/sgoli125/workspace/research/MultiModalPFN/mmpfn/data/cbis_ddsm/jpeg/1.3.6.1.4.1.9590.100.1.2.233777767912748968404047665952437047110 does not exist, skipping.
Image /home/sgoli125/workspace/research/MultiModalPFN/mmpfn/data/cbis_ddsm/jpeg/1.3.6.1.4.1.9590.100.1.2.233777767912748968404047665952437047110 does not exist, skipping.
Image /home/sgoli125/workspace/research/MultiModalPFN/mmpfn/data/cbis_ddsm/jpeg/1.3.6.1.4.1.9590.100.1.2.33525463311604309520509720512605682139 does not exist, skipping.
Image /home/sgoli125/workspace/research/MultiModalPFN/mmpfn/data/cbis_ddsm/jpeg/1.3.6.1.4.1.9590.100.1.2.254830555613359911614823837744282171458 does not exist, skipping.
Image /home/sgoli125/workspace/research/MultiModalPFN/mmpfn/data/cbis_ddsm/jpeg/1.3.6.1.4.1.9590.100.1.2.254830555613359911614823837744282171458 does not exist, skipping.
Image /home/sgoli125/workspace/research/MultiModalPFN/mmpfn/data/cbis_ddsm/jpeg/1.3.6.1.4.1.9590.100.1.2.392713810013832904138964135680759194917 does not exist, skipping.
Image /home/sgoli125/workspace/research/MultiModalPFN/mmpfn/data/cbis_ddsm/jpeg/1.3.6.1.4.1.9590.100.1.2.247842049013790350501636015890767326415 does not exist, skipping.
Image /home/sgoli125/workspace/research/MultiModalPFN/mmpfn/data/cbis_ddsm/jpeg/1.3.6.1.4.1.9590.100.1.2.282589057612957708106733336421961502025 does not exist, skipping.
Image /home/sgoli125/workspace/research/MultiModalPFN/mmpfn/data/cbis_ddsm/jpeg/1.3.6.1.4.1.9590.100.1.2.411331615012087254927690983874138256843 does not exist, skipping.
Image /home/sgoli125/workspace/research/MultiModalPFN/mmpfn/data/cbis_ddsm/jpeg/1.3.6.1.4.1.9590.100.1.2.73053162312438131020773490103284510281 does not exist, skipping.
Image /home/sgoli125/workspace/research/MultiModalPFN/mmpfn/data/cbis_ddsm/jpeg/1.3.6.1.4.1.9590.100.1.2.281961437213188582700339444571620094246 does not exist, skipping.
Image /home/sgoli125/workspace/research/MultiModalPFN/mmpfn/data/cbis_ddsm/jpeg/1.3.6.1.4.1.9590.100.1.2.304554673611780248912552398121973624483 does not exist, skipping.
Image /home/sgoli125/workspace/research/MultiModalPFN/mmpfn/data/cbis_ddsm/jpeg/1.3.6.1.4.1.9590.100.1.2.217960090412145197127377721882421658586 does not exist, skipping.
Image /home/sgoli125/workspace/research/MultiModalPFN/mmpfn/data/cbis_ddsm/jpeg/1.3.6.1.4.1.9590.100.1.2.417805589012069056131665837120044721729 does not exist, skipping.
Image /home/sgoli125/workspace/research/MultiModalPFN/mmpfn/data/cbis_ddsm/jpeg/1.3.6.1.4.1.9590.100.1.2.417805589012069056131665837120044721729 does not exist, skipping.
Image /home/sgoli125/workspace/research/MultiModalPFN/mmpfn/data/cbis_ddsm/jpeg/1.3.6.1.4.1.9590.100.1.2.359651751012073327113353570971821678923 does not exist, skipping.
Image /home/sgoli125/workspace/research/MultiModalPFN/mmpfn/data/cbis_ddsm/jpeg/1.3.6.1.4.1.9590.100.1.2.261958381511541504402812683842057706997 does not exist, skipping.
Image /home/sgoli125/workspace/research/MultiModalPFN/mmpfn/data/cbis_ddsm/jpeg/1.3.6.1.4.1.9590.100.1.2.261958381511541504402812683842057706997 does not exist, skipping.
Image /home/sgoli125/workspace/research/MultiModalPFN/mmpfn/data/cbis_ddsm/jpeg/1.3.6.1.4.1.9590.100.1.2.223200299211434089119224646431205382397 does not exist, skipping.
Image /home/sgoli125/workspace/research/MultiModalPFN/mmpfn/data/cbis_ddsm/jpeg/1.3.6.1.4.1.9590.100.1.2.355443644213509372509526542403536048863 does not exist, skipping.
Image /home/sgoli125/workspace/research/MultiModalPFN/mmpfn/data/cbis_ddsm/jpeg/1.3.6.1.4.1.9590.100.1.2.355443644213509372509526542403536048863 does not exist, skipping.
Image /home/sgoli125/workspace/research/MultiModalPFN/mmpfn/data/cbis_ddsm/jpeg/1.3.6.1.4.1.9590.100.1.2.425362600412777362523296697782054659961 does not exist, skipping.
Image /home/sgoli125/workspace/research/MultiModalPFN/mmpfn/data/cbis_ddsm/jpeg/1.3.6.1.4.1.9590.100.1.2.257313112412279783116569543002616396160 does not exist, skipping.
Image /home/sgoli125/workspace/research/MultiModalPFN/mmpfn/data/cbis_ddsm/jpeg/1.3.6.1.4.1.9590.100.1.2.257313112412279783116569543002616396160 does not exist, skipping.
Image /home/sgoli125/workspace/research/MultiModalPFN/mmpfn/data/cbis_ddsm/jpeg/1.3.6.1.4.1.9590.100.1.2.401023586412655416321348819711950708264 does not exist, skipping.
Image /home/sgoli125/workspace/research/MultiModalPFN/mmpfn/data/cbis_ddsm/jpeg/1.3.6.1.4.1.9590.100.1.2.80152416612713350235932476272052967746 does not exist, skipping.
Image /home/sgoli125/workspace/research/MultiModalPFN/mmpfn/data/cbis_ddsm/jpeg/1.3.6.1.4.1.9590.100.1.2.80152416612713350235932476272052967746 does not exist, skipping.
Image /home/sgoli125/workspace/research/MultiModalPFN/mmpfn/data/cbis_ddsm/jpeg/1.3.6.1.4.1.9590.100.1.2.3943379511070400605058474241082098892 does not exist, skipping.
Image /home/sgoli125/workspace/research/MultiModalPFN/mmpfn/data/cbis_ddsm/jpeg/1.3.6.1.4.1.9590.100.1.2.242688627112395349124555043112721835015 does not exist, skipping.
Image /home/sgoli125/workspace/research/MultiModalPFN/mmpfn/data/cbis_ddsm/jpeg/1.3.6.1.4.1.9590.100.1.2.242688627112395349124555043112721835015 does not exist, skipping.
Image /home/sgoli125/workspace/research/MultiModalPFN/mmpfn/data/cbis_ddsm/jpeg/1.3.6.1.4.1.9590.100.1.2.96119558211202328929132875902651692103 does not exist, skipping.
Image /home/sgoli125/workspace/research/MultiModalPFN/mmpfn/data/cbis_ddsm/jpeg/1.3.6.1.4.1.9590.100.1.2.296502375111567603140815409972383605349 does not exist, skipping.
Image /home/sgoli125/workspace/research/MultiModalPFN/mmpfn/data/cbis_ddsm/jpeg/1.3.6.1.4.1.9590.100.1.2.296502375111567603140815409972383605349 does not exist, skipping.
Image /home/sgoli125/workspace/research/MultiModalPFN/mmpfn/data/cbis_ddsm/jpeg/1.3.6.1.4.1.9590.100.1.2.56526196612878022942647118353975254976 does not exist, skipping.
Image /home/sgoli125/workspace/research/MultiModalPFN/mmpfn/data/cbis_ddsm/jpeg/1.3.6.1.4.1.9590.100.1.2.380288181210425070324186538241291164764 does not exist, skipping.
Image /home/sgoli125/workspace/research/MultiModalPFN/mmpfn/data/cbis_ddsm/jpeg/1.3.6.1.4.1.9590.100.1.2.380288181210425070324186538241291164764 does not exist, skipping.
Image /home/sgoli125/workspace/research/MultiModalPFN/mmpfn/data/cbis_ddsm/jpeg/1.3.6.1.4.1.9590.100.1.2.272394953112232453521094915882547194874 does not exist, skipping.
Image /home/sgoli125/workspace/research/MultiModalPFN/mmpfn/data/cbis_ddsm/jpeg/1.3.6.1.4.1.9590.100.1.2.235374120113637578220521432902529921297 does not exist, skipping.
Image /home/sgoli125/workspace/research/MultiModalPFN/mmpfn/data/cbis_ddsm/jpeg/1.3.6.1.4.1.9590.100.1.2.235374120113637578220521432902529921297 does not exist, skipping.
Image /home/sgoli125/workspace/research/MultiModalPFN/mmpfn/data/cbis_ddsm/jpeg/1.3.6.1.4.1.9590.100.1.2.51680477013386093424976498511921408428 does not exist, skipping.
Image /home/sgoli125/workspace/research/MultiModalPFN/mmpfn/data/cbis_ddsm/jpeg/1.3.6.1.4.1.9590.100.1.2.337372969413997493515788537824040419536 does not exist, skipping.
Image /home/sgoli125/workspace/research/MultiModalPFN/mmpfn/data/cbis_ddsm/jpeg/1.3.6.1.4.1.9590.100.1.2.337372969413997493515788537824040419536 does not exist, skipping.
Image /home/sgoli125/workspace/research/MultiModalPFN/mmpfn/data/cbis_ddsm/jpeg/1.3.6.1.4.1.9590.100.1.2.353281365811097567213184531400611557306 does not exist, skipping.
Image /home/sgoli125/workspace/research/MultiModalPFN/mmpfn/data/cbis_ddsm/jpeg/1.3.6.1.4.1.9590.100.1.2.287268392410728423220392208833183947061 does not exist, skipping.
Image /home/sgoli125/workspace/research/MultiModalPFN/mmpfn/data/cbis_ddsm/jpeg/1.3.6.1.4.1.9590.100.1.2.209980959012423225216733444381694261455 does not exist, skipping.
Image /home/sgoli125/workspace/research/MultiModalPFN/mmpfn/data/cbis_ddsm/jpeg/1.3.6.1.4.1.9590.100.1.2.91636816713637396015385020390955400606 does not exist, skipping.
Image /home/sgoli125/workspace/research/MultiModalPFN/mmpfn/data/cbis_ddsm/jpeg/1.3.6.1.4.1.9590.100.1.2.390567474013224873401992073280403336260 does not exist, skipping.
Image /home/sgoli125/workspace/research/MultiModalPFN/mmpfn/data/cbis_ddsm/jpeg/1.3.6.1.4.1.9590.100.1.2.308877441113730856414305104920677800792 does not exist, skipping.
Image /home/sgoli125/workspace/research/MultiModalPFN/mmpfn/data/cbis_ddsm/jpeg/1.3.6.1.4.1.9590.100.1.2.358165867612139094711425816593127560440 does not exist, skipping.
Image /home/sgoli125/workspace/research/MultiModalPFN/mmpfn/data/cbis_ddsm/jpeg/1.3.6.1.4.1.9590.100.1.2.358165867612139094711425816593127560440 does not exist, skipping.
Image /home/sgoli125/workspace/research/MultiModalPFN/mmpfn/data/cbis_ddsm/jpeg/1.3.6.1.4.1.9590.100.1.2.284195333512847807316022877833484395283 does not exist, skipping.
Image /home/sgoli125/workspace/research/MultiModalPFN/mmpfn/data/cbis_ddsm/jpeg/1.3.6.1.4.1.9590.100.1.2.284195333512847807316022877833484395283 does not exist, skipping.
Image /home/sgoli125/workspace/research/MultiModalPFN/mmpfn/data/cbis_ddsm/jpeg/1.3.6.1.4.1.9590.100.1.2.74118182511203115438320774433815814204 does not exist, skipping.
Image /home/sgoli125/workspace/research/MultiModalPFN/mmpfn/data/cbis_ddsm/jpeg/1.3.6.1.4.1.9590.100.1.2.291570481913498840921190273752745496022 does not exist, skipping.
Image /home/sgoli125/workspace/research/MultiModalPFN/mmpfn/data/cbis_ddsm/jpeg/1.3.6.1.4.1.9590.100.1.2.291570481913498840921190273752745496022 does not exist, skipping.
Image /home/sgoli125/workspace/research/MultiModalPFN/mmpfn/data/cbis_ddsm/jpeg/1.3.6.1.4.1.9590.100.1.2.371783004411526408311110038102127225772 does not exist, skipping.
Image /home/sgoli125/workspace/research/MultiModalPFN/mmpfn/data/cbis_ddsm/jpeg/1.3.6.1.4.1.9590.100.1.2.371783004411526408311110038102127225772 does not exist, skipping.
Image /home/sgoli125/workspace/research/MultiModalPFN/mmpfn/data/cbis_ddsm/jpeg/1.3.6.1.4.1.9590.100.1.2.340266841313977995203946546213529529422 does not exist, skipping.
Image /home/sgoli125/workspace/research/MultiModalPFN/mmpfn/data/cbis_ddsm/jpeg/1.3.6.1.4.1.9590.100.1.2.233521070810935913321337850232085126025 does not exist, skipping.
Image /home/sgoli125/workspace/research/MultiModalPFN/mmpfn/data/cbis_ddsm/jpeg/1.3.6.1.4.1.9590.100.1.2.233521070810935913321337850232085126025 does not exist, skipping.
Image /home/sgoli125/workspace/research/MultiModalPFN/mmpfn/data/cbis_ddsm/jpeg/1.3.6.1.4.1.9590.100.1.2.325288108512150052532174140443271983757 does not exist, skipping.
Image /home/sgoli125/workspace/research/MultiModalPFN/mmpfn/data/cbis_ddsm/jpeg/1.3.6.1.4.1.9590.100.1.2.325288108512150052532174140443271983757 does not exist, skipping.
Image /home/sgoli125/workspace/research/MultiModalPFN/mmpfn/data/cbis_ddsm/jpeg/1.3.6.1.4.1.9590.100.1.2.220316302711097599628755669793690089945 does not exist, skipping.
Image /home/sgoli125/workspace/research/MultiModalPFN/mmpfn/data/cbis_ddsm/jpeg/1.3.6.1.4.1.9590.100.1.2.270086467412393139712268135733081098491 does not exist, skipping.
Image /home/sgoli125/workspace/research/MultiModalPFN/mmpfn/data/cbis_ddsm/jpeg/1.3.6.1.4.1.9590.100.1.2.270086467412393139712268135733081098491 does not exist, skipping.
Image /home/sgoli125/workspace/research/MultiModalPFN/mmpfn/data/cbis_ddsm/jpeg/1.3.6.1.4.1.9590.100.1.2.83922906010046159016146177544009704460 does not exist, skipping.
Image /home/sgoli125/workspace/research/MultiModalPFN/mmpfn/data/cbis_ddsm/jpeg/1.3.6.1.4.1.9590.100.1.2.83922906010046159016146177544009704460 does not exist, skipping.
Image /home/sgoli125/workspace/research/MultiModalPFN/mmpfn/data/cbis_ddsm/jpeg/1.3.6.1.4.1.9590.100.1.2.413088469711470025941886931291637990823 does not exist, skipping.
Image /home/sgoli125/workspace/research/MultiModalPFN/mmpfn/data/cbis_ddsm/jpeg/1.3.6.1.4.1.9590.100.1.2.413088469711470025941886931291637990823 does not exist, skipping.
Image /home/sgoli125/workspace/research/MultiModalPFN/mmpfn/data/cbis_ddsm/jpeg/1.3.6.1.4.1.9590.100.1.2.231831818811415582731258200921511188276 does not exist, skipping.
Image /home/sgoli125/workspace/research/MultiModalPFN/mmpfn/data/cbis_ddsm/jpeg/1.3.6.1.4.1.9590.100.1.2.3707170310756826234724890924094328172 does not exist, skipping.
Image /home/sgoli125/workspace/research/MultiModalPFN/mmpfn/data/cbis_ddsm/jpeg/1.3.6.1.4.1.9590.100.1.2.3707170310756826234724890924094328172 does not exist, skipping.
Image /home/sgoli125/workspace/research/MultiModalPFN/mmpfn/data/cbis_ddsm/jpeg/1.3.6.1.4.1.9590.100.1.2.54547139512930604222803797881848684519 does not exist, skipping.
Image /home/sgoli125/workspace/research/MultiModalPFN/mmpfn/data/cbis_ddsm/jpeg/1.3.6.1.4.1.9590.100.1.2.29311160712389259405206009670437493400 does not exist, skipping.
Image /home/sgoli125/workspace/research/MultiModalPFN/mmpfn/data/cbis_ddsm/jpeg/1.3.6.1.4.1.9590.100.1.2.409681833711869108018655978263637772686 does not exist, skipping.
Image /home/sgoli125/workspace/research/MultiModalPFN/mmpfn/data/cbis_ddsm/jpeg/1.3.6.1.4.1.9590.100.1.2.91232995713439227540013615981636925166 does not exist, skipping.
Image /home/sgoli125/workspace/research/MultiModalPFN/mmpfn/data/cbis_ddsm/jpeg/1.3.6.1.4.1.9590.100.1.2.91232995713439227540013615981636925166 does not exist, skipping.
Image /home/sgoli125/workspace/research/MultiModalPFN/mmpfn/data/cbis_ddsm/jpeg/1.3.6.1.4.1.9590.100.1.2.269564891313536052004463789432019496516 does not exist, skipping.
Image /home/sgoli125/workspace/research/MultiModalPFN/mmpfn/data/cbis_ddsm/jpeg/1.3.6.1.4.1.9590.100.1.2.386992131510094051516261805222282461756 does not exist, skipping.
Image /home/sgoli125/workspace/research/MultiModalPFN/mmpfn/data/cbis_ddsm/jpeg/1.3.6.1.4.1.9590.100.1.2.386992131510094051516261805222282461756 does not exist, skipping.
Image /home/sgoli125/workspace/research/MultiModalPFN/mmpfn/data/cbis_ddsm/jpeg/1.3.6.1.4.1.9590.100.1.2.250275422011623389225389659003310583360 does not exist, skipping.
Image /home/sgoli125/workspace/research/MultiModalPFN/mmpfn/data/cbis_ddsm/jpeg/1.3.6.1.4.1.9590.100.1.2.221148981211846409333335489581115764054 does not exist, skipping.
Image /home/sgoli125/workspace/research/MultiModalPFN/mmpfn/data/cbis_ddsm/jpeg/1.3.6.1.4.1.9590.100.1.2.221148981211846409333335489581115764054 does not exist, skipping.
Image /home/sgoli125/workspace/research/MultiModalPFN/mmpfn/data/cbis_ddsm/jpeg/1.3.6.1.4.1.9590.100.1.2.390843496812621682700566813810960393425 does not exist, skipping.
Image /home/sgoli125/workspace/research/MultiModalPFN/mmpfn/data/cbis_ddsm/jpeg/1.3.6.1.4.1.9590.100.1.2.94367475612147773232791540991004647141 does not exist, skipping.
Image /home/sgoli125/workspace/research/MultiModalPFN/mmpfn/data/cbis_ddsm/jpeg/1.3.6.1.4.1.9590.100.1.2.94367475612147773232791540991004647141 does not exist, skipping.
Image /home/sgoli125/workspace/research/MultiModalPFN/mmpfn/data/cbis_ddsm/jpeg/1.3.6.1.4.1.9590.100.1.2.380347895112115358107486887901484368941 does not exist, skipping.
Image /home/sgoli125/workspace/research/MultiModalPFN/mmpfn/data/cbis_ddsm/jpeg/1.3.6.1.4.1.9590.100.1.2.380347895112115358107486887901484368941 does not exist, skipping.
Image /home/sgoli125/workspace/research/MultiModalPFN/mmpfn/data/cbis_ddsm/jpeg/1.3.6.1.4.1.9590.100.1.2.407994987213146477526717676850464563074 does not exist, skipping.
Image /home/sgoli125/workspace/research/MultiModalPFN/mmpfn/data/cbis_ddsm/jpeg/1.3.6.1.4.1.9590.100.1.2.407994987213146477526717676850464563074 does not exist, skipping.
Image /home/sgoli125/workspace/research/MultiModalPFN/mmpfn/data/cbis_ddsm/jpeg/1.3.6.1.4.1.9590.100.1.2.423826099811738434838887578882093148420 does not exist, skipping.
Image /home/sgoli125/workspace/research/MultiModalPFN/mmpfn/data/cbis_ddsm/jpeg/1.3.6.1.4.1.9590.100.1.2.278120339712544174710677784370473996861 does not exist, skipping.
Image /home/sgoli125/workspace/research/MultiModalPFN/mmpfn/data/cbis_ddsm/jpeg/1.3.6.1.4.1.9590.100.1.2.278120339712544174710677784370473996861 does not exist, skipping.
Image /home/sgoli125/workspace/research/MultiModalPFN/mmpfn/data/cbis_ddsm/jpeg/1.3.6.1.4.1.9590.100.1.2.317213562911173877740615561593769151663 does not exist, skipping.
Image /home/sgoli125/workspace/research/MultiModalPFN/mmpfn/data/cbis_ddsm/jpeg/1.3.6.1.4.1.9590.100.1.2.55649899613066650706388256610764355140 does not exist, skipping.
Image /home/sgoli125/workspace/research/MultiModalPFN/mmpfn/data/cbis_ddsm/jpeg/1.3.6.1.4.1.9590.100.1.2.55649899613066650706388256610764355140 does not exist, skipping.
Image /home/sgoli125/workspace/research/MultiModalPFN/mmpfn/data/cbis_ddsm/jpeg/1.3.6.1.4.1.9590.100.1.2.418001721011981377438050049473048360620 does not exist, skipping.
Image /home/sgoli125/workspace/research/MultiModalPFN/mmpfn/data/cbis_ddsm/jpeg/1.3.6.1.4.1.9590.100.1.2.418001721011981377438050049473048360620 does not exist, skipping.
Image /home/sgoli125/workspace/research/MultiModalPFN/mmpfn/data/cbis_ddsm/jpeg/1.3.6.1.4.1.9590.100.1.2.259041355510373410809308494113160902084 does not exist, skipping.
Image /home/sgoli125/workspace/research/MultiModalPFN/mmpfn/data/cbis_ddsm/jpeg/1.3.6.1.4.1.9590.100.1.2.281000681213815353236009168880663459615 does not exist, skipping.
Image /home/sgoli125/workspace/research/MultiModalPFN/mmpfn/data/cbis_ddsm/jpeg/1.3.6.1.4.1.9590.100.1.2.281000681213815353236009168880663459615 does not exist, skipping.
Image /home/sgoli125/workspace/research/MultiModalPFN/mmpfn/data/cbis_ddsm/jpeg/1.3.6.1.4.1.9590.100.1.2.345478268011747236017220276900327463114 does not exist, skipping.
Image /home/sgoli125/workspace/research/MultiModalPFN/mmpfn/data/cbis_ddsm/jpeg/1.3.6.1.4.1.9590.100.1.2.345478268011747236017220276900327463114 does not exist, skipping.
Image /home/sgoli125/workspace/research/MultiModalPFN/mmpfn/data/cbis_ddsm/jpeg/1.3.6.1.4.1.9590.100.1.2.340665936411356812507638995460448410961 does not exist, skipping.
Image /home/sgoli125/workspace/research/MultiModalPFN/mmpfn/data/cbis_ddsm/jpeg/1.3.6.1.4.1.9590.100.1.2.251899542012006355503844407213130739907 does not exist, skipping.
Image /home/sgoli125/workspace/research/MultiModalPFN/mmpfn/data/cbis_ddsm/jpeg/1.3.6.1.4.1.9590.100.1.2.251899542012006355503844407213130739907 does not exist, skipping.
Image /home/sgoli125/workspace/research/MultiModalPFN/mmpfn/data/cbis_ddsm/jpeg/1.3.6.1.4.1.9590.100.1.2.305154505411048789204328800092367297498 does not exist, skipping.
Image /home/sgoli125/workspace/research/MultiModalPFN/mmpfn/data/cbis_ddsm/jpeg/1.3.6.1.4.1.9590.100.1.2.305154505411048789204328800092367297498 does not exist, skipping.
Image /home/sgoli125/workspace/research/MultiModalPFN/mmpfn/data/cbis_ddsm/jpeg/1.3.6.1.4.1.9590.100.1.2.197409487811240317103254043050060119820 does not exist, skipping.
Image /home/sgoli125/workspace/research/MultiModalPFN/mmpfn/data/cbis_ddsm/jpeg/1.3.6.1.4.1.9590.100.1.2.397716189412021206209859104030103071713 does not exist, skipping.
Image /home/sgoli125/workspace/research/MultiModalPFN/mmpfn/data/cbis_ddsm/jpeg/1.3.6.1.4.1.9590.100.1.2.201145919911086372303649663153638311250 does not exist, skipping.
Image /home/sgoli125/workspace/research/MultiModalPFN/mmpfn/data/cbis_ddsm/jpeg/1.3.6.1.4.1.9590.100.1.2.201145919911086372303649663153638311250 does not exist, skipping.
Image /home/sgoli125/workspace/research/MultiModalPFN/mmpfn/data/cbis_ddsm/jpeg/1.3.6.1.4.1.9590.100.1.2.321655278812000292600386510613246068421 does not exist, skipping.
Image /home/sgoli125/workspace/research/MultiModalPFN/mmpfn/data/cbis_ddsm/jpeg/1.3.6.1.4.1.9590.100.1.2.338146621710515808723481844541194721981 does not exist, skipping.
Image /home/sgoli125/workspace/research/MultiModalPFN/mmpfn/data/cbis_ddsm/jpeg/1.3.6.1.4.1.9590.100.1.2.338146621710515808723481844541194721981 does not exist, skipping.
Image /home/sgoli125/workspace/research/MultiModalPFN/mmpfn/data/cbis_ddsm/jpeg/1.3.6.1.4.1.9590.100.1.2.36842644312642216221184262591254081222 does not exist, skipping.
Image /home/sgoli125/workspace/research/MultiModalPFN/mmpfn/data/cbis_ddsm/jpeg/1.3.6.1.4.1.9590.100.1.2.417351957613575871426976155384000787517 does not exist, skipping.
Image /home/sgoli125/workspace/research/MultiModalPFN/mmpfn/data/cbis_ddsm/jpeg/1.3.6.1.4.1.9590.100.1.2.417351957613575871426976155384000787517 does not exist, skipping.
Image /home/sgoli125/workspace/research/MultiModalPFN/mmpfn/data/cbis_ddsm/jpeg/1.3.6.1.4.1.9590.100.1.2.245633900110007082034118990512969470333 does not exist, skipping.
Image /home/sgoli125/workspace/research/MultiModalPFN/mmpfn/data/cbis_ddsm/jpeg/1.3.6.1.4.1.9590.100.1.2.245633900110007082034118990512969470333 does not exist, skipping.
Image /home/sgoli125/workspace/research/MultiModalPFN/mmpfn/data/cbis_ddsm/jpeg/1.3.6.1.4.1.9590.100.1.2.209537318712189970238147959111109384951 does not exist, skipping.
Image /home/sgoli125/workspace/research/MultiModalPFN/mmpfn/data/cbis_ddsm/jpeg/1.3.6.1.4.1.9590.100.1.2.379858858912217148525608311402161208311 does not exist, skipping.
Image /home/sgoli125/workspace/research/MultiModalPFN/mmpfn/data/cbis_ddsm/jpeg/1.3.6.1.4.1.9590.100.1.2.379858858912217148525608311402161208311 does not exist, skipping.
Image /home/sgoli125/workspace/research/MultiModalPFN/mmpfn/data/cbis_ddsm/jpeg/1.3.6.1.4.1.9590.100.1.2.410803283411662897622552380793164070495 does not exist, skipping.
Image /home/sgoli125/workspace/research/MultiModalPFN/mmpfn/data/cbis_ddsm/jpeg/1.3.6.1.4.1.9590.100.1.2.42355355612386170134319725220840882507 does not exist, skipping.
Image /home/sgoli125/workspace/research/MultiModalPFN/mmpfn/data/cbis_ddsm/jpeg/1.3.6.1.4.1.9590.100.1.2.68530981111298511433726816353081765969 does not exist, skipping.
Image /home/sgoli125/workspace/research/MultiModalPFN/mmpfn/data/cbis_ddsm/jpeg/1.3.6.1.4.1.9590.100.1.2.68530981111298511433726816353081765969 does not exist, skipping.
Image /home/sgoli125/workspace/research/MultiModalPFN/mmpfn/data/cbis_ddsm/jpeg/1.3.6.1.4.1.9590.100.1.2.56409915911497420438183697022964604975 does not exist, skipping.
Image /home/sgoli125/workspace/research/MultiModalPFN/mmpfn/data/cbis_ddsm/jpeg/1.3.6.1.4.1.9590.100.1.2.56409915911497420438183697022964604975 does not exist, skipping.
Image /home/sgoli125/workspace/research/MultiModalPFN/mmpfn/data/cbis_ddsm/jpeg/1.3.6.1.4.1.9590.100.1.2.300923782910197218504751812062199906674 does not exist, skipping.
Image /home/sgoli125/workspace/research/MultiModalPFN/mmpfn/data/cbis_ddsm/jpeg/1.3.6.1.4.1.9590.100.1.2.300923782910197218504751812062199906674 does not exist, skipping.
Image /home/sgoli125/workspace/research/MultiModalPFN/mmpfn/data/cbis_ddsm/jpeg/1.3.6.1.4.1.9590.100.1.2.69102481911614345738992761764104656383 does not exist, skipping.
Image /home/sgoli125/workspace/research/MultiModalPFN/mmpfn/data/cbis_ddsm/jpeg/1.3.6.1.4.1.9590.100.1.2.366379132012403074113789068001199114019 does not exist, skipping.
Image /home/sgoli125/workspace/research/MultiModalPFN/mmpfn/data/cbis_ddsm/jpeg/1.3.6.1.4.1.9590.100.1.2.366379132012403074113789068001199114019 does not exist, skipping.
Image /home/sgoli125/workspace/research/MultiModalPFN/mmpfn/data/cbis_ddsm/jpeg/1.3.6.1.4.1.9590.100.1.2.304367431411912603926305125522818822209 does not exist, skipping.
Image /home/sgoli125/workspace/research/MultiModalPFN/mmpfn/data/cbis_ddsm/jpeg/1.3.6.1.4.1.9590.100.1.2.304367431411912603926305125522818822209 does not exist, skipping.
Image /home/sgoli125/workspace/research/MultiModalPFN/mmpfn/data/cbis_ddsm/jpeg/1.3.6.1.4.1.9590.100.1.2.269210048412690034713740176811690000781 does not exist, skipping.
Image /home/sgoli125/workspace/research/MultiModalPFN/mmpfn/data/cbis_ddsm/jpeg/1.3.6.1.4.1.9590.100.1.2.75920974811241988723222022511903138247 does not exist, skipping.
Image /home/sgoli125/workspace/research/MultiModalPFN/mmpfn/data/cbis_ddsm/jpeg/1.3.6.1.4.1.9590.100.1.2.75920974811241988723222022511903138247 does not exist, skipping.
Image /home/sgoli125/workspace/research/MultiModalPFN/mmpfn/data/cbis_ddsm/jpeg/1.3.6.1.4.1.9590.100.1.2.282643815813319863942915396103090027674 does not exist, skipping.
Image /home/sgoli125/workspace/research/MultiModalPFN/mmpfn/data/cbis_ddsm/jpeg/1.3.6.1.4.1.9590.100.1.2.282643815813319863942915396103090027674 does not exist, skipping.
Image /home/sgoli125/workspace/research/MultiModalPFN/mmpfn/data/cbis_ddsm/jpeg/1.3.6.1.4.1.9590.100.1.2.6326146212137720929099055383856573953 does not exist, skipping.
Image /home/sgoli125/workspace/research/MultiModalPFN/mmpfn/data/cbis_ddsm/jpeg/1.3.6.1.4.1.9590.100.1.2.237669151213237243500763665164289305405 does not exist, skipping.
Image /home/sgoli125/workspace/research/MultiModalPFN/mmpfn/data/cbis_ddsm/jpeg/1.3.6.1.4.1.9590.100.1.2.237669151213237243500763665164289305405 does not exist, skipping.
Image /home/sgoli125/workspace/research/MultiModalPFN/mmpfn/data/cbis_ddsm/jpeg/1.3.6.1.4.1.9590.100.1.2.90291682411836172013412949860473884915 does not exist, skipping.
Image /home/sgoli125/workspace/research/MultiModalPFN/mmpfn/data/cbis_ddsm/jpeg/1.3.6.1.4.1.9590.100.1.2.204160554212569649201688795141206203135 does not exist, skipping.
Image /home/sgoli125/workspace/research/MultiModalPFN/mmpfn/data/cbis_ddsm/jpeg/1.3.6.1.4.1.9590.100.1.2.254813811712039226207989201062033536160 does not exist, skipping.
Image /home/sgoli125/workspace/research/MultiModalPFN/mmpfn/data/cbis_ddsm/jpeg/1.3.6.1.4.1.9590.100.1.2.254813811712039226207989201062033536160 does not exist, skipping.
Image /home/sgoli125/workspace/research/MultiModalPFN/mmpfn/data/cbis_ddsm/jpeg/1.3.6.1.4.1.9590.100.1.2.336291577012427810542728610771005346221 does not exist, skipping.
Image /home/sgoli125/workspace/research/MultiModalPFN/mmpfn/data/cbis_ddsm/jpeg/1.3.6.1.4.1.9590.100.1.2.258122848711932114229110145764023097059 does not exist, skipping.
Image /home/sgoli125/workspace/research/MultiModalPFN/mmpfn/data/cbis_ddsm/jpeg/1.3.6.1.4.1.9590.100.1.2.302933455011192630233759725181052212039 does not exist, skipping.
Image /home/sgoli125/workspace/research/MultiModalPFN/mmpfn/data/cbis_ddsm/jpeg/1.3.6.1.4.1.9590.100.1.2.302933455011192630233759725181052212039 does not exist, skipping.
Image /home/sgoli125/workspace/research/MultiModalPFN/mmpfn/data/cbis_ddsm/jpeg/1.3.6.1.4.1.9590.100.1.2.79445476212153576729504976763833479096 does not exist, skipping.
Image /home/sgoli125/workspace/research/MultiModalPFN/mmpfn/data/cbis_ddsm/jpeg/1.3.6.1.4.1.9590.100.1.2.79445476212153576729504976763833479096 does not exist, skipping.
Image /home/sgoli125/workspace/research/MultiModalPFN/mmpfn/data/cbis_ddsm/jpeg/1.3.6.1.4.1.9590.100.1.2.321225274412631915214047330560159121583 does not exist, skipping.
Image /home/sgoli125/workspace/research/MultiModalPFN/mmpfn/data/cbis_ddsm/jpeg/1.3.6.1.4.1.9590.100.1.2.321225274412631915214047330560159121583 does not exist, skipping.
Image /home/sgoli125/workspace/research/MultiModalPFN/mmpfn/data/cbis_ddsm/jpeg/1.3.6.1.4.1.9590.100.1.2.362737852710203464022705977903812790645 does not exist, skipping.
Image /home/sgoli125/workspace/research/MultiModalPFN/mmpfn/data/cbis_ddsm/jpeg/1.3.6.1.4.1.9590.100.1.2.362737852710203464022705977903812790645 does not exist, skipping.
Image /home/sgoli125/workspace/research/MultiModalPFN/mmpfn/data/cbis_ddsm/jpeg/1.3.6.1.4.1.9590.100.1.2.342600026512933645822016521512175311837 does not exist, skipping.
Image /home/sgoli125/workspace/research/MultiModalPFN/mmpfn/data/cbis_ddsm/jpeg/1.3.6.1.4.1.9590.100.1.2.302420650411888077614874910023771774936 does not exist, skipping.
Image /home/sgoli125/workspace/research/MultiModalPFN/mmpfn/data/cbis_ddsm/jpeg/1.3.6.1.4.1.9590.100.1.2.380802946511359057803970881591645816056 does not exist, skipping.
Image /home/sgoli125/workspace/research/MultiModalPFN/mmpfn/data/cbis_ddsm/jpeg/1.3.6.1.4.1.9590.100.1.2.380802946511359057803970881591645816056 does not exist, skipping.
Image /home/sgoli125/workspace/research/MultiModalPFN/mmpfn/data/cbis_ddsm/jpeg/1.3.6.1.4.1.9590.100.1.2.218321316012957107204041473871210500392 does not exist, skipping.
Image /home/sgoli125/workspace/research/MultiModalPFN/mmpfn/data/cbis_ddsm/jpeg/1.3.6.1.4.1.9590.100.1.2.218321316012957107204041473871210500392 does not exist, skipping.
Image /home/sgoli125/workspace/research/MultiModalPFN/mmpfn/data/cbis_ddsm/jpeg/1.3.6.1.4.1.9590.100.1.2.257109459711930095307785066690545050995 does not exist, skipping.
Image /home/sgoli125/workspace/research/MultiModalPFN/mmpfn/data/cbis_ddsm/jpeg/1.3.6.1.4.1.9590.100.1.2.422142794011896226117236778301735214520 does not exist, skipping.
Image /home/sgoli125/workspace/research/MultiModalPFN/mmpfn/data/cbis_ddsm/jpeg/1.3.6.1.4.1.9590.100.1.2.422142794011896226117236778301735214520 does not exist, skipping.
Image /home/sgoli125/workspace/research/MultiModalPFN/mmpfn/data/cbis_ddsm/jpeg/1.3.6.1.4.1.9590.100.1.2.210231618913087592731205561683852807183 does not exist, skipping.
Image /home/sgoli125/workspace/research/MultiModalPFN/mmpfn/data/cbis_ddsm/jpeg/1.3.6.1.4.1.9590.100.1.2.313562478011355763629549277670041239361 does not exist, skipping.
Image /home/sgoli125/workspace/research/MultiModalPFN/mmpfn/data/cbis_ddsm/jpeg/1.3.6.1.4.1.9590.100.1.2.313562478011355763629549277670041239361 does not exist, skipping.
Image /home/sgoli125/workspace/research/MultiModalPFN/mmpfn/data/cbis_ddsm/jpeg/1.3.6.1.4.1.9590.100.1.2.394648311912566071238280930881976855164 does not exist, skipping.
Image /home/sgoli125/workspace/research/MultiModalPFN/mmpfn/data/cbis_ddsm/jpeg/1.3.6.1.4.1.9590.100.1.2.20817360711303226409338228663795747718 does not exist, skipping.
Image /home/sgoli125/workspace/research/MultiModalPFN/mmpfn/data/cbis_ddsm/jpeg/1.3.6.1.4.1.9590.100.1.2.20817360711303226409338228663795747718 does not exist, skipping.
Image /home/sgoli125/workspace/research/MultiModalPFN/mmpfn/data/cbis_ddsm/jpeg/1.3.6.1.4.1.9590.100.1.2.35227256511002591233301746064002485438 does not exist, skipping.
Image /home/sgoli125/workspace/research/MultiModalPFN/mmpfn/data/cbis_ddsm/jpeg/1.3.6.1.4.1.9590.100.1.2.88182922711280236336981188251083316740 does not exist, skipping.
Image /home/sgoli125/workspace/research/MultiModalPFN/mmpfn/data/cbis_ddsm/jpeg/1.3.6.1.4.1.9590.100.1.2.88182922711280236336981188251083316740 does not exist, skipping.
Image /home/sgoli125/workspace/research/MultiModalPFN/mmpfn/data/cbis_ddsm/jpeg/1.3.6.1.4.1.9590.100.1.2.36259365311741726020089002403114757577 does not exist, skipping.
Image /home/sgoli125/workspace/research/MultiModalPFN/mmpfn/data/cbis_ddsm/jpeg/1.3.6.1.4.1.9590.100.1.2.36259365311741726020089002403114757577 does not exist, skipping.
Image /home/sgoli125/workspace/research/MultiModalPFN/mmpfn/data/cbis_ddsm/jpeg/1.3.6.1.4.1.9590.100.1.2.53726691512340029908387322080785275422 does not exist, skipping.
Image /home/sgoli125/workspace/research/MultiModalPFN/mmpfn/data/cbis_ddsm/jpeg/1.3.6.1.4.1.9590.100.1.2.36582689711545303020029955910628568671 does not exist, skipping.
Image /home/sgoli125/workspace/research/MultiModalPFN/mmpfn/data/cbis_ddsm/jpeg/1.3.6.1.4.1.9590.100.1.2.36582689711545303020029955910628568671 does not exist, skipping.
Image /home/sgoli125/workspace/research/MultiModalPFN/mmpfn/data/cbis_ddsm/jpeg/1.3.6.1.4.1.9590.100.1.2.47799982311011314500438990482232588932 does not exist, skipping.
Image /home/sgoli125/workspace/research/MultiModalPFN/mmpfn/data/cbis_ddsm/jpeg/1.3.6.1.4.1.9590.100.1.2.233956377611541061703882187721164203058 does not exist, skipping.
Image /home/sgoli125/workspace/research/MultiModalPFN/mmpfn/data/cbis_ddsm/jpeg/1.3.6.1.4.1.9590.100.1.2.233956377611541061703882187721164203058 does not exist, skipping.
Image /home/sgoli125/workspace/research/MultiModalPFN/mmpfn/data/cbis_ddsm/jpeg/1.3.6.1.4.1.9590.100.1.2.393771264411417188609118947190478662588 does not exist, skipping.
Image /home/sgoli125/workspace/research/MultiModalPFN/mmpfn/data/cbis_ddsm/jpeg/1.3.6.1.4.1.9590.100.1.2.393771264411417188609118947190478662588 does not exist, skipping.
Image /home/sgoli125/workspace/research/MultiModalPFN/mmpfn/data/cbis_ddsm/jpeg/1.3.6.1.4.1.9590.100.1.2.358756856812756598804885462243832024866 does not exist, skipping.
Image /home/sgoli125/workspace/research/MultiModalPFN/mmpfn/data/cbis_ddsm/jpeg/1.3.6.1.4.1.9590.100.1.2.393786502811015598827815584163012329622 does not exist, skipping.
Image /home/sgoli125/workspace/research/MultiModalPFN/mmpfn/data/cbis_ddsm/jpeg/1.3.6.1.4.1.9590.100.1.2.309000193512773377426712572242315746177 does not exist, skipping.
Image /home/sgoli125/workspace/research/MultiModalPFN/mmpfn/data/cbis_ddsm/jpeg/1.3.6.1.4.1.9590.100.1.2.309000193512773377426712572242315746177 does not exist, skipping.
Image /home/sgoli125/workspace/research/MultiModalPFN/mmpfn/data/cbis_ddsm/jpeg/1.3.6.1.4.1.9590.100.1.2.49183768712581123835656982133105823315 does not exist, skipping.
Image /home/sgoli125/workspace/research/MultiModalPFN/mmpfn/data/cbis_ddsm/jpeg/1.3.6.1.4.1.9590.100.1.2.345919480011577581036244773132668941332 does not exist, skipping.
Image /home/sgoli125/workspace/research/MultiModalPFN/mmpfn/data/cbis_ddsm/jpeg/1.3.6.1.4.1.9590.100.1.2.345919480011577581036244773132668941332 does not exist, skipping.
Image /home/sgoli125/workspace/research/MultiModalPFN/mmpfn/data/cbis_ddsm/jpeg/1.3.6.1.4.1.9590.100.1.2.290690460212241731206899183621313608449 does not exist, skipping.
Image /home/sgoli125/workspace/research/MultiModalPFN/mmpfn/data/cbis_ddsm/jpeg/1.3.6.1.4.1.9590.100.1.2.290690460212241731206899183621313608449 does not exist, skipping.
Image /home/sgoli125/workspace/research/MultiModalPFN/mmpfn/data/cbis_ddsm/jpeg/1.3.6.1.4.1.9590.100.1.2.290418661411413064827439218081759758021 does not exist, skipping.
Image /home/sgoli125/workspace/research/MultiModalPFN/mmpfn/data/cbis_ddsm/jpeg/1.3.6.1.4.1.9590.100.1.2.255312473212229532702282892130171327680 does not exist, skipping.
Image /home/sgoli125/workspace/research/MultiModalPFN/mmpfn/data/cbis_ddsm/jpeg/1.3.6.1.4.1.9590.100.1.2.255312473212229532702282892130171327680 does not exist, skipping.
Image /home/sgoli125/workspace/research/MultiModalPFN/mmpfn/data/cbis_ddsm/jpeg/1.3.6.1.4.1.9590.100.1.2.260358200912160591136730728193628472216 does not exist, skipping.
Image /home/sgoli125/workspace/research/MultiModalPFN/mmpfn/data/cbis_ddsm/jpeg/1.3.6.1.4.1.9590.100.1.2.221898644811330022503208746271520759890 does not exist, skipping.
Image /home/sgoli125/workspace/research/MultiModalPFN/mmpfn/data/cbis_ddsm/jpeg/1.3.6.1.4.1.9590.100.1.2.221898644811330022503208746271520759890 does not exist, skipping.
Image /home/sgoli125/workspace/research/MultiModalPFN/mmpfn/data/cbis_ddsm/jpeg/1.3.6.1.4.1.9590.100.1.2.355036956112947954921699528972708259467 does not exist, skipping.
Image /home/sgoli125/workspace/research/MultiModalPFN/mmpfn/data/cbis_ddsm/jpeg/1.3.6.1.4.1.9590.100.1.2.201213451711926913518569352964257958816 does not exist, skipping.
Image /home/sgoli125/workspace/research/MultiModalPFN/mmpfn/data/cbis_ddsm/jpeg/1.3.6.1.4.1.9590.100.1.2.201213451711926913518569352964257958816 does not exist, skipping.
Image /home/sgoli125/workspace/research/MultiModalPFN/mmpfn/data/cbis_ddsm/jpeg/1.3.6.1.4.1.9590.100.1.2.359848710110099373118786740480810927828 does not exist, skipping.
Image /home/sgoli125/workspace/research/MultiModalPFN/mmpfn/data/cbis_ddsm/jpeg/1.3.6.1.4.1.9590.100.1.2.359848710110099373118786740480810927828 does not exist, skipping.
Image /home/sgoli125/workspace/research/MultiModalPFN/mmpfn/data/cbis_ddsm/jpeg/1.3.6.1.4.1.9590.100.1.2.205685838711319002518128631403756253966 does not exist, skipping.
Image /home/sgoli125/workspace/research/MultiModalPFN/mmpfn/data/cbis_ddsm/jpeg/1.3.6.1.4.1.9590.100.1.2.205685838711319002518128631403756253966 does not exist, skipping.
Image /home/sgoli125/workspace/research/MultiModalPFN/mmpfn/data/cbis_ddsm/jpeg/1.3.6.1.4.1.9590.100.1.2.388721083313285222217770141913502774487 does not exist, skipping.
Image /home/sgoli125/workspace/research/MultiModalPFN/mmpfn/data/cbis_ddsm/jpeg/1.3.6.1.4.1.9590.100.1.2.416567927211826776012333072673345141427 does not exist, skipping.
Image /home/sgoli125/workspace/research/MultiModalPFN/mmpfn/data/cbis_ddsm/jpeg/1.3.6.1.4.1.9590.100.1.2.416567927211826776012333072673345141427 does not exist, skipping.
Image /home/sgoli125/workspace/research/MultiModalPFN/mmpfn/data/cbis_ddsm/jpeg/1.3.6.1.4.1.9590.100.1.2.377906764912016454741711177561418190125 does not exist, skipping.
Image /home/sgoli125/workspace/research/MultiModalPFN/mmpfn/data/cbis_ddsm/jpeg/1.3.6.1.4.1.9590.100.1.2.244503101712587802605838624413046738290 does not exist, skipping.
Image /home/sgoli125/workspace/research/MultiModalPFN/mmpfn/data/cbis_ddsm/jpeg/1.3.6.1.4.1.9590.100.1.2.244503101712587802605838624413046738290 does not exist, skipping.
Image /home/sgoli125/workspace/research/MultiModalPFN/mmpfn/data/cbis_ddsm/jpeg/1.3.6.1.4.1.9590.100.1.2.421970993912021610408979780473860736804 does not exist, skipping.
Image /home/sgoli125/workspace/research/MultiModalPFN/mmpfn/data/cbis_ddsm/jpeg/1.3.6.1.4.1.9590.100.1.2.371739864613089761719883355291307551226 does not exist, skipping.
Image /home/sgoli125/workspace/research/MultiModalPFN/mmpfn/data/cbis_ddsm/jpeg/1.3.6.1.4.1.9590.100.1.2.99933945612504876136587449881888946699 does not exist, skipping.
Image /home/sgoli125/workspace/research/MultiModalPFN/mmpfn/data/cbis_ddsm/jpeg/1.3.6.1.4.1.9590.100.1.2.99933945612504876136587449881888946699 does not exist, skipping.
Image /home/sgoli125/workspace/research/MultiModalPFN/mmpfn/data/cbis_ddsm/jpeg/1.3.6.1.4.1.9590.100.1.2.322634389813148758635024178522023060832 does not exist, skipping.
Image /home/sgoli125/workspace/research/MultiModalPFN/mmpfn/data/cbis_ddsm/jpeg/1.3.6.1.4.1.9590.100.1.2.52333820413841568638235716392631169350 does not exist, skipping.
Image /home/sgoli125/workspace/research/MultiModalPFN/mmpfn/data/cbis_ddsm/jpeg/1.3.6.1.4.1.9590.100.1.2.412727621912975826620876952461161907663 does not exist, skipping.
Image /home/sgoli125/workspace/research/MultiModalPFN/mmpfn/data/cbis_ddsm/jpeg/1.3.6.1.4.1.9590.100.1.2.412727621912975826620876952461161907663 does not exist, skipping.
Image /home/sgoli125/workspace/research/MultiModalPFN/mmpfn/data/cbis_ddsm/jpeg/1.3.6.1.4.1.9590.100.1.2.309015187311024462635921081873116029283 does not exist, skipping.
Image /home/sgoli125/workspace/research/MultiModalPFN/mmpfn/data/cbis_ddsm/jpeg/1.3.6.1.4.1.9590.100.1.2.309015187311024462635921081873116029283 does not exist, skipping.
Image /home/sgoli125/workspace/research/MultiModalPFN/mmpfn/data/cbis_ddsm/jpeg/1.3.6.1.4.1.9590.100.1.2.227516356612929524630378161941575339586 does not exist, skipping.
Image /home/sgoli125/workspace/research/MultiModalPFN/mmpfn/data/cbis_ddsm/jpeg/1.3.6.1.4.1.9590.100.1.2.227516356612929524630378161941575339586 does not exist, skipping.
Image /home/sgoli125/workspace/research/MultiModalPFN/mmpfn/data/cbis_ddsm/jpeg/1.3.6.1.4.1.9590.100.1.2.235220303613128401917357295780294851812 does not exist, skipping.
Image /home/sgoli125/workspace/research/MultiModalPFN/mmpfn/data/cbis_ddsm/jpeg/1.3.6.1.4.1.9590.100.1.2.208219273913424898017061999780007737402 does not exist, skipping.
Image /home/sgoli125/workspace/research/MultiModalPFN/mmpfn/data/cbis_ddsm/jpeg/1.3.6.1.4.1.9590.100.1.2.208219273913424898017061999780007737402 does not exist, skipping.
Image /home/sgoli125/workspace/research/MultiModalPFN/mmpfn/data/cbis_ddsm/jpeg/1.3.6.1.4.1.9590.100.1.2.86887135913770958205927292532591246008 does not exist, skipping.
Image /home/sgoli125/workspace/research/MultiModalPFN/mmpfn/data/cbis_ddsm/jpeg/1.3.6.1.4.1.9590.100.1.2.251650028312478903408829190604206558239 does not exist, skipping.
Image /home/sgoli125/workspace/research/MultiModalPFN/mmpfn/data/cbis_ddsm/jpeg/1.3.6.1.4.1.9590.100.1.2.251650028312478903408829190604206558239 does not exist, skipping.
Image /home/sgoli125/workspace/research/MultiModalPFN/mmpfn/data/cbis_ddsm/jpeg/1.3.6.1.4.1.9590.100.1.2.364841270211286368911474551233835698232 does not exist, skipping.
Image /home/sgoli125/workspace/research/MultiModalPFN/mmpfn/data/cbis_ddsm/jpeg/1.3.6.1.4.1.9590.100.1.2.364841270211286368911474551233835698232 does not exist, skipping.
Image /home/sgoli125/workspace/research/MultiModalPFN/mmpfn/data/cbis_ddsm/jpeg/1.3.6.1.4.1.9590.100.1.2.67185813213398209629425406780559052249 does not exist, skipping.
Image /home/sgoli125/workspace/research/MultiModalPFN/mmpfn/data/cbis_ddsm/jpeg/1.3.6.1.4.1.9590.100.1.2.308549144813973400717226991883085456960 does not exist, skipping.
Image /home/sgoli125/workspace/research/MultiModalPFN/mmpfn/data/cbis_ddsm/jpeg/1.3.6.1.4.1.9590.100.1.2.426774094013742053816957912770661857707 does not exist, skipping.
Image /home/sgoli125/workspace/research/MultiModalPFN/mmpfn/data/cbis_ddsm/jpeg/1.3.6.1.4.1.9590.100.1.2.426774094013742053816957912770661857707 does not exist, skipping.
Image /home/sgoli125/workspace/research/MultiModalPFN/mmpfn/data/cbis_ddsm/jpeg/1.3.6.1.4.1.9590.100.1.2.44354553611120086116092433180902992105 does not exist, skipping.
Image /home/sgoli125/workspace/research/MultiModalPFN/mmpfn/data/cbis_ddsm/jpeg/1.3.6.1.4.1.9590.100.1.2.248738930412691761604421157150827036779 does not exist, skipping.
Image /home/sgoli125/workspace/research/MultiModalPFN/mmpfn/data/cbis_ddsm/jpeg/1.3.6.1.4.1.9590.100.1.2.248738930412691761604421157150827036779 does not exist, skipping.
Image /home/sgoli125/workspace/research/MultiModalPFN/mmpfn/data/cbis_ddsm/jpeg/1.3.6.1.4.1.9590.100.1.2.206799902513631066924398294370648340874 does not exist, skipping.
Image /home/sgoli125/workspace/research/MultiModalPFN/mmpfn/data/cbis_ddsm/jpeg/1.3.6.1.4.1.9590.100.1.2.422898989410333062402705791044133714485 does not exist, skipping.
Image /home/sgoli125/workspace/research/MultiModalPFN/mmpfn/data/cbis_ddsm/jpeg/1.3.6.1.4.1.9590.100.1.2.422898989410333062402705791044133714485 does not exist, skipping.
Image /home/sgoli125/workspace/research/MultiModalPFN/mmpfn/data/cbis_ddsm/jpeg/1.3.6.1.4.1.9590.100.1.2.96085149011653638841617314732671061337 does not exist, skipping.
Image /home/sgoli125/workspace/research/MultiModalPFN/mmpfn/data/cbis_ddsm/jpeg/1.3.6.1.4.1.9590.100.1.2.96085149011653638841617314732671061337 does not exist, skipping.
Image /home/sgoli125/workspace/research/MultiModalPFN/mmpfn/data/cbis_ddsm/jpeg/1.3.6.1.4.1.9590.100.1.2.414259873612565136137779949381451878088 does not exist, skipping.
Image /home/sgoli125/workspace/research/MultiModalPFN/mmpfn/data/cbis_ddsm/jpeg/1.3.6.1.4.1.9590.100.1.2.406519401712404452627759486903243942246 does not exist, skipping.
Image /home/sgoli125/workspace/research/MultiModalPFN/mmpfn/data/cbis_ddsm/jpeg/1.3.6.1.4.1.9590.100.1.2.406519401712404452627759486903243942246 does not exist, skipping.
Image /home/sgoli125/workspace/research/MultiModalPFN/mmpfn/data/cbis_ddsm/jpeg/1.3.6.1.4.1.9590.100.1.2.6685111711409612721941851441484936638 does not exist, skipping.
Image /home/sgoli125/workspace/research/MultiModalPFN/mmpfn/data/cbis_ddsm/jpeg/1.3.6.1.4.1.9590.100.1.2.409200990110466416215781546621650433721 does not exist, skipping.
Image /home/sgoli125/workspace/research/MultiModalPFN/mmpfn/data/cbis_ddsm/jpeg/1.3.6.1.4.1.9590.100.1.2.409200990110466416215781546621650433721 does not exist, skipping.
Image /home/sgoli125/workspace/research/MultiModalPFN/mmpfn/data/cbis_ddsm/jpeg/1.3.6.1.4.1.9590.100.1.2.83748848211897641311753926793600384304 does not exist, skipping.
Image /home/sgoli125/workspace/research/MultiModalPFN/mmpfn/data/cbis_ddsm/jpeg/1.3.6.1.4.1.9590.100.1.2.267637345512115130300688411291756802410 does not exist, skipping.
Image /home/sgoli125/workspace/research/MultiModalPFN/mmpfn/data/cbis_ddsm/jpeg/1.3.6.1.4.1.9590.100.1.2.267637345512115130300688411291756802410 does not exist, skipping.
Image /home/sgoli125/workspace/research/MultiModalPFN/mmpfn/data/cbis_ddsm/jpeg/1.3.6.1.4.1.9590.100.1.2.368550413612135128741508960232793073139 does not exist, skipping.
Image /home/sgoli125/workspace/research/MultiModalPFN/mmpfn/data/cbis_ddsm/jpeg/1.3.6.1.4.1.9590.100.1.2.302882614412603902327039591953465565137 does not exist, skipping.
Image /home/sgoli125/workspace/research/MultiModalPFN/mmpfn/data/cbis_ddsm/jpeg/1.3.6.1.4.1.9590.100.1.2.302882614412603902327039591953465565137 does not exist, skipping.
Image /home/sgoli125/workspace/research/MultiModalPFN/mmpfn/data/cbis_ddsm/jpeg/1.3.6.1.4.1.9590.100.1.2.40250972412448376517848311090880415053 does not exist, skipping.
Image /home/sgoli125/workspace/research/MultiModalPFN/mmpfn/data/cbis_ddsm/jpeg/1.3.6.1.4.1.9590.100.1.2.416917310513793676805691654493724855962 does not exist, skipping.
Image /home/sgoli125/workspace/research/MultiModalPFN/mmpfn/data/cbis_ddsm/jpeg/1.3.6.1.4.1.9590.100.1.2.416917310513793676805691654493724855962 does not exist, skipping.
Image /home/sgoli125/workspace/research/MultiModalPFN/mmpfn/data/cbis_ddsm/jpeg/1.3.6.1.4.1.9590.100.1.2.406124346911419317213489606964022388284 does not exist, skipping.
Image /home/sgoli125/workspace/research/MultiModalPFN/mmpfn/data/cbis_ddsm/jpeg/1.3.6.1.4.1.9590.100.1.2.406124346911419317213489606964022388284 does not exist, skipping.
Image /home/sgoli125/workspace/research/MultiModalPFN/mmpfn/data/cbis_ddsm/jpeg/1.3.6.1.4.1.9590.100.1.2.324963147612023115031983461640816402093 does not exist, skipping.
Image /home/sgoli125/workspace/research/MultiModalPFN/mmpfn/data/cbis_ddsm/jpeg/1.3.6.1.4.1.9590.100.1.2.76741674113167646338262765132488965294 does not exist, skipping.
Image /home/sgoli125/workspace/research/MultiModalPFN/mmpfn/data/cbis_ddsm/jpeg/1.3.6.1.4.1.9590.100.1.2.76741674113167646338262765132488965294 does not exist, skipping.
Image /home/sgoli125/workspace/research/MultiModalPFN/mmpfn/data/cbis_ddsm/jpeg/1.3.6.1.4.1.9590.100.1.2.247016316011452705709729959990659650549 does not exist, skipping.
Image /home/sgoli125/workspace/research/MultiModalPFN/mmpfn/data/cbis_ddsm/jpeg/1.3.6.1.4.1.9590.100.1.2.265611533010846495727116535192635229344 does not exist, skipping.
Image /home/sgoli125/workspace/research/MultiModalPFN/mmpfn/data/cbis_ddsm/jpeg/1.3.6.1.4.1.9590.100.1.2.265611533010846495727116535192635229344 does not exist, skipping.
Image /home/sgoli125/workspace/research/MultiModalPFN/mmpfn/data/cbis_ddsm/jpeg/1.3.6.1.4.1.9590.100.1.2.288980828511203708511066530843699446563 does not exist, skipping.
Image /home/sgoli125/workspace/research/MultiModalPFN/mmpfn/data/cbis_ddsm/jpeg/1.3.6.1.4.1.9590.100.1.2.259390003513323131915839699342563286867 does not exist, skipping.
Image /home/sgoli125/workspace/research/MultiModalPFN/mmpfn/data/cbis_ddsm/jpeg/1.3.6.1.4.1.9590.100.1.2.259390003513323131915839699342563286867 does not exist, skipping.
Image /home/sgoli125/workspace/research/MultiModalPFN/mmpfn/data/cbis_ddsm/jpeg/1.3.6.1.4.1.9590.100.1.2.237359660911213163728288122201482438379 does not exist, skipping.
Image /home/sgoli125/workspace/research/MultiModalPFN/mmpfn/data/cbis_ddsm/jpeg/1.3.6.1.4.1.9590.100.1.2.232655664111867764900916015764258363014 does not exist, skipping.
Image /home/sgoli125/workspace/research/MultiModalPFN/mmpfn/data/cbis_ddsm/jpeg/1.3.6.1.4.1.9590.100.1.2.232655664111867764900916015764258363014 does not exist, skipping.
Image /home/sgoli125/workspace/research/MultiModalPFN/mmpfn/data/cbis_ddsm/jpeg/1.3.6.1.4.1.9590.100.1.2.216820283213818005421900437772111995033 does not exist, skipping.
Image /home/sgoli125/workspace/research/MultiModalPFN/mmpfn/data/cbis_ddsm/jpeg/1.3.6.1.4.1.9590.100.1.2.37662519113285806712838465573101290074 does not exist, skipping.
Image /home/sgoli125/workspace/research/MultiModalPFN/mmpfn/data/cbis_ddsm/jpeg/1.3.6.1.4.1.9590.100.1.2.37662519113285806712838465573101290074 does not exist, skipping.
Image /home/sgoli125/workspace/research/MultiModalPFN/mmpfn/data/cbis_ddsm/jpeg/1.3.6.1.4.1.9590.100.1.2.238090837412902571926841401701921392882 does not exist, skipping.
Image /home/sgoli125/workspace/research/MultiModalPFN/mmpfn/data/cbis_ddsm/jpeg/1.3.6.1.4.1.9590.100.1.2.54564072213114569524351512840994793450 does not exist, skipping.
Image /home/sgoli125/workspace/research/MultiModalPFN/mmpfn/data/cbis_ddsm/jpeg/1.3.6.1.4.1.9590.100.1.2.54564072213114569524351512840994793450 does not exist, skipping.
Image /home/sgoli125/workspace/research/MultiModalPFN/mmpfn/data/cbis_ddsm/jpeg/1.3.6.1.4.1.9590.100.1.2.21045172911956892237670949680043476807 does not exist, skipping.
Image /home/sgoli125/workspace/research/MultiModalPFN/mmpfn/data/cbis_ddsm/jpeg/1.3.6.1.4.1.9590.100.1.2.261957008911103630713289363572534002076 does not exist, skipping.
Image /home/sgoli125/workspace/research/MultiModalPFN/mmpfn/data/cbis_ddsm/jpeg/1.3.6.1.4.1.9590.100.1.2.261957008911103630713289363572534002076 does not exist, skipping.
Image /home/sgoli125/workspace/research/MultiModalPFN/mmpfn/data/cbis_ddsm/jpeg/1.3.6.1.4.1.9590.100.1.2.21045172911956892237670949680043476807 does not exist, skipping.
Image /home/sgoli125/workspace/research/MultiModalPFN/mmpfn/data/cbis_ddsm/jpeg/1.3.6.1.4.1.9590.100.1.2.411095952212692237629318683272215323779 does not exist, skipping.
Image /home/sgoli125/workspace/research/MultiModalPFN/mmpfn/data/cbis_ddsm/jpeg/1.3.6.1.4.1.9590.100.1.2.411095952212692237629318683272215323779 does not exist, skipping.
Image /home/sgoli125/workspace/research/MultiModalPFN/mmpfn/data/cbis_ddsm/jpeg/1.3.6.1.4.1.9590.100.1.2.255470422012641957411262465611415885514 does not exist, skipping.
Image /home/sgoli125/workspace/research/MultiModalPFN/mmpfn/data/cbis_ddsm/jpeg/1.3.6.1.4.1.9590.100.1.2.255470422012641957411262465611415885514 does not exist, skipping.
Image /home/sgoli125/workspace/research/MultiModalPFN/mmpfn/data/cbis_ddsm/jpeg/1.3.6.1.4.1.9590.100.1.2.398266572012522112736467293691708196145 does not exist, skipping.
Image /home/sgoli125/workspace/research/MultiModalPFN/mmpfn/data/cbis_ddsm/jpeg/1.3.6.1.4.1.9590.100.1.2.398266572012522112736467293691708196145 does not exist, skipping.
Image /home/sgoli125/workspace/research/MultiModalPFN/mmpfn/data/cbis_ddsm/jpeg/1.3.6.1.4.1.9590.100.1.2.39960116911231377730808314211583975948 does not exist, skipping.
Image /home/sgoli125/workspace/research/MultiModalPFN/mmpfn/data/cbis_ddsm/jpeg/1.3.6.1.4.1.9590.100.1.2.357008050412534761329866492500201501919 does not exist, skipping.
Image /home/sgoli125/workspace/research/MultiModalPFN/mmpfn/data/cbis_ddsm/jpeg/1.3.6.1.4.1.9590.100.1.2.357008050412534761329866492500201501919 does not exist, skipping.
Image /home/sgoli125/workspace/research/MultiModalPFN/mmpfn/data/cbis_ddsm/jpeg/1.3.6.1.4.1.9590.100.1.2.428352419311893519614700937242425762758 does not exist, skipping.
Image /home/sgoli125/workspace/research/MultiModalPFN/mmpfn/data/cbis_ddsm/jpeg/1.3.6.1.4.1.9590.100.1.2.5443013411725375126198864850093120508 does not exist, skipping.
Image /home/sgoli125/workspace/research/MultiModalPFN/mmpfn/data/cbis_ddsm/jpeg/1.3.6.1.4.1.9590.100.1.2.5443013411725375126198864850093120508 does not exist, skipping.
Image /home/sgoli125/workspace/research/MultiModalPFN/mmpfn/data/cbis_ddsm/jpeg/1.3.6.1.4.1.9590.100.1.2.245377154412826927500193191950851192419 does not exist, skipping.
Image /home/sgoli125/workspace/research/MultiModalPFN/mmpfn/data/cbis_ddsm/jpeg/1.3.6.1.4.1.9590.100.1.2.357579170612042427234923969793037186925 does not exist, skipping.
Image /home/sgoli125/workspace/research/MultiModalPFN/mmpfn/data/cbis_ddsm/jpeg/1.3.6.1.4.1.9590.100.1.2.357579170612042427234923969793037186925 does not exist, skipping.
Image /home/sgoli125/workspace/research/MultiModalPFN/mmpfn/data/cbis_ddsm/jpeg/1.3.6.1.4.1.9590.100.1.2.200948278212842430531410154721256979027 does not exist, skipping.
Image /home/sgoli125/workspace/research/MultiModalPFN/mmpfn/data/cbis_ddsm/jpeg/1.3.6.1.4.1.9590.100.1.2.358637202612132265739909999922066344965 does not exist, skipping.
Image /home/sgoli125/workspace/research/MultiModalPFN/mmpfn/data/cbis_ddsm/jpeg/1.3.6.1.4.1.9590.100.1.2.358637202612132265739909999922066344965 does not exist, skipping.
Image /home/sgoli125/workspace/research/MultiModalPFN/mmpfn/data/cbis_ddsm/jpeg/1.3.6.1.4.1.9590.100.1.2.20046388113868299525188172063855362095 does not exist, skipping.
Image /home/sgoli125/workspace/research/MultiModalPFN/mmpfn/data/cbis_ddsm/jpeg/1.3.6.1.4.1.9590.100.1.2.252513606010798015021300537904205297935 does not exist, skipping.
Image /home/sgoli125/workspace/research/MultiModalPFN/mmpfn/data/cbis_ddsm/jpeg/1.3.6.1.4.1.9590.100.1.2.252513606010798015021300537904205297935 does not exist, skipping.
Image /home/sgoli125/workspace/research/MultiModalPFN/mmpfn/data/cbis_ddsm/jpeg/1.3.6.1.4.1.9590.100.1.2.364070243511921550101340386794199125508 does not exist, skipping.
Image /home/sgoli125/workspace/research/MultiModalPFN/mmpfn/data/cbis_ddsm/jpeg/1.3.6.1.4.1.9590.100.1.2.403249842912482807608031953090899102748 does not exist, skipping.
Image /home/sgoli125/workspace/research/MultiModalPFN/mmpfn/data/cbis_ddsm/jpeg/1.3.6.1.4.1.9590.100.1.2.305054151412349101600511138772005865407 does not exist, skipping.
Image /home/sgoli125/workspace/research/MultiModalPFN/mmpfn/data/cbis_ddsm/jpeg/1.3.6.1.4.1.9590.100.1.2.305054151412349101600511138772005865407 does not exist, skipping.
Image /home/sgoli125/workspace/research/MultiModalPFN/mmpfn/data/cbis_ddsm/jpeg/1.3.6.1.4.1.9590.100.1.2.351637844112977159624279190321843261053 does not exist, skipping.
Image /home/sgoli125/workspace/research/MultiModalPFN/mmpfn/data/cbis_ddsm/jpeg/1.3.6.1.4.1.9590.100.1.2.42735092711319399014278079280467461805 does not exist, skipping.
Image /home/sgoli125/workspace/research/MultiModalPFN/mmpfn/data/cbis_ddsm/jpeg/1.3.6.1.4.1.9590.100.1.2.213306223412919057922055310353393543698 does not exist, skipping.
Image /home/sgoli125/workspace/research/MultiModalPFN/mmpfn/data/cbis_ddsm/jpeg/1.3.6.1.4.1.9590.100.1.2.213306223412919057922055310353393543698 does not exist, skipping.
Image /home/sgoli125/workspace/research/MultiModalPFN/mmpfn/data/cbis_ddsm/jpeg/1.3.6.1.4.1.9590.100.1.2.328674133712476956503940632921646941420 does not exist, skipping.
Image /home/sgoli125/workspace/research/MultiModalPFN/mmpfn/data/cbis_ddsm/jpeg/1.3.6.1.4.1.9590.100.1.2.402932589913842097930372862912420259107 does not exist, skipping.
Image /home/sgoli125/workspace/research/MultiModalPFN/mmpfn/data/cbis_ddsm/jpeg/1.3.6.1.4.1.9590.100.1.2.370173314213157931430623420622392863680 does not exist, skipping.
Image /home/sgoli125/workspace/research/MultiModalPFN/mmpfn/data/cbis_ddsm/jpeg/1.3.6.1.4.1.9590.100.1.2.370173314213157931430623420622392863680 does not exist, skipping.
Image /home/sgoli125/workspace/research/MultiModalPFN/mmpfn/data/cbis_ddsm/jpeg/1.3.6.1.4.1.9590.100.1.2.237409032611023985639369599012586872468 does not exist, skipping.
Image /home/sgoli125/workspace/research/MultiModalPFN/mmpfn/data/cbis_ddsm/jpeg/1.3.6.1.4.1.9590.100.1.2.366441649213826529828811232162877765642 does not exist, skipping.
Image /home/sgoli125/workspace/research/MultiModalPFN/mmpfn/data/cbis_ddsm/jpeg/1.3.6.1.4.1.9590.100.1.2.366441649213826529828811232162877765642 does not exist, skipping.
Image /home/sgoli125/workspace/research/MultiModalPFN/mmpfn/data/cbis_ddsm/jpeg/1.3.6.1.4.1.9590.100.1.2.64007989411147157931424785093161048871 does not exist, skipping.
Image /home/sgoli125/workspace/research/MultiModalPFN/mmpfn/data/cbis_ddsm/jpeg/1.3.6.1.4.1.9590.100.1.2.303062737611491457923063402253838355080 does not exist, skipping.
Image /home/sgoli125/workspace/research/MultiModalPFN/mmpfn/data/cbis_ddsm/jpeg/1.3.6.1.4.1.9590.100.1.2.422086567111627369409346661153874489265 does not exist, skipping.
Image /home/sgoli125/workspace/research/MultiModalPFN/mmpfn/data/cbis_ddsm/jpeg/1.3.6.1.4.1.9590.100.1.2.422086567111627369409346661153874489265 does not exist, skipping.
Image /home/sgoli125/workspace/research/MultiModalPFN/mmpfn/data/cbis_ddsm/jpeg/1.3.6.1.4.1.9590.100.1.2.370920373213998366810048183042514597276 does not exist, skipping.
Image /home/sgoli125/workspace/research/MultiModalPFN/mmpfn/data/cbis_ddsm/jpeg/1.3.6.1.4.1.9590.100.1.2.236234414511610825527153660610660728538 does not exist, skipping.
Image /home/sgoli125/workspace/research/MultiModalPFN/mmpfn/data/cbis_ddsm/jpeg/1.3.6.1.4.1.9590.100.1.2.81771837412785953435583669110753690294 does not exist, skipping.
Image /home/sgoli125/workspace/research/MultiModalPFN/mmpfn/data/cbis_ddsm/jpeg/1.3.6.1.4.1.9590.100.1.2.364106180611135714608055515470826120133 does not exist, skipping.
Image /home/sgoli125/workspace/research/MultiModalPFN/mmpfn/data/cbis_ddsm/jpeg/1.3.6.1.4.1.9590.100.1.2.364106180611135714608055515470826120133 does not exist, skipping.
Image /home/sgoli125/workspace/research/MultiModalPFN/mmpfn/data/cbis_ddsm/jpeg/1.3.6.1.4.1.9590.100.1.2.198750559710573280808358051043492762640 does not exist, skipping.
Image /home/sgoli125/workspace/research/MultiModalPFN/mmpfn/data/cbis_ddsm/jpeg/1.3.6.1.4.1.9590.100.1.2.198750559710573280808358051043492762640 does not exist, skipping.
Image /home/sgoli125/workspace/research/MultiModalPFN/mmpfn/data/cbis_ddsm/jpeg/1.3.6.1.4.1.9590.100.1.2.88886372611812195428352690450990697351 does not exist, skipping.
Image /home/sgoli125/workspace/research/MultiModalPFN/mmpfn/data/cbis_ddsm/jpeg/1.3.6.1.4.1.9590.100.1.2.232201783013717409333434162201376882562 does not exist, skipping.
Image /home/sgoli125/workspace/research/MultiModalPFN/mmpfn/data/cbis_ddsm/jpeg/1.3.6.1.4.1.9590.100.1.2.232201783013717409333434162201376882562 does not exist, skipping.
Image /home/sgoli125/workspace/research/MultiModalPFN/mmpfn/data/cbis_ddsm/jpeg/1.3.6.1.4.1.9590.100.1.2.218106266111142500028245753941200491644 does not exist, skipping.
Image /home/sgoli125/workspace/research/MultiModalPFN/mmpfn/data/cbis_ddsm/jpeg/1.3.6.1.4.1.9590.100.1.2.349504173712862535704286567751526799904 does not exist, skipping.
Image /home/sgoli125/workspace/research/MultiModalPFN/mmpfn/data/cbis_ddsm/jpeg/1.3.6.1.4.1.9590.100.1.2.23259330410508317100100015861960353025 does not exist, skipping.
Image /home/sgoli125/workspace/research/MultiModalPFN/mmpfn/data/cbis_ddsm/jpeg/1.3.6.1.4.1.9590.100.1.2.23259330410508317100100015861960353025 does not exist, skipping.
Image /home/sgoli125/workspace/research/MultiModalPFN/mmpfn/data/cbis_ddsm/jpeg/1.3.6.1.4.1.9590.100.1.2.378317074812068310428493792181692991336 does not exist, skipping.
Image /home/sgoli125/workspace/research/MultiModalPFN/mmpfn/data/cbis_ddsm/jpeg/1.3.6.1.4.1.9590.100.1.2.296984356112973186339130000701974531472 does not exist, skipping.
Image /home/sgoli125/workspace/research/MultiModalPFN/mmpfn/data/cbis_ddsm/jpeg/1.3.6.1.4.1.9590.100.1.2.201522562711496443720752570002776479535 does not exist, skipping.
Image /home/sgoli125/workspace/research/MultiModalPFN/mmpfn/data/cbis_ddsm/jpeg/1.3.6.1.4.1.9590.100.1.2.201522562711496443720752570002776479535 does not exist, skipping.
Image /home/sgoli125/workspace/research/MultiModalPFN/mmpfn/data/cbis_ddsm/jpeg/1.3.6.1.4.1.9590.100.1.2.8590696211161191830624347500733657660 does not exist, skipping.
Image /home/sgoli125/workspace/research/MultiModalPFN/mmpfn/data/cbis_ddsm/jpeg/1.3.6.1.4.1.9590.100.1.2.71929632313399545618195892783933638957 does not exist, skipping.
Image /home/sgoli125/workspace/research/MultiModalPFN/mmpfn/data/cbis_ddsm/jpeg/1.3.6.1.4.1.9590.100.1.2.280517788511023283029173195861835211647 does not exist, skipping.
Image /home/sgoli125/workspace/research/MultiModalPFN/mmpfn/data/cbis_ddsm/jpeg/1.3.6.1.4.1.9590.100.1.2.311141337311026124238270647592124957147 does not exist, skipping.
Image /home/sgoli125/workspace/research/MultiModalPFN/mmpfn/data/cbis_ddsm/jpeg/1.3.6.1.4.1.9590.100.1.2.398258976712483192035853720641860573126 does not exist, skipping.
Image /home/sgoli125/workspace/research/MultiModalPFN/mmpfn/data/cbis_ddsm/jpeg/1.3.6.1.4.1.9590.100.1.2.397905095411644199813214286301444388617 does not exist, skipping.
Image /home/sgoli125/workspace/research/MultiModalPFN/mmpfn/data/cbis_ddsm/jpeg/1.3.6.1.4.1.9590.100.1.2.29874535413588066822824838883550729379 does not exist, skipping.
Image /home/sgoli125/workspace/research/MultiModalPFN/mmpfn/data/cbis_ddsm/jpeg/1.3.6.1.4.1.9590.100.1.2.207726435513456082225524896262435179450 does not exist, skipping.
Image /home/sgoli125/workspace/research/MultiModalPFN/mmpfn/data/cbis_ddsm/jpeg/1.3.6.1.4.1.9590.100.1.2.27726771912637198317032339743153201060 does not exist, skipping.
Image /home/sgoli125/workspace/research/MultiModalPFN/mmpfn/data/cbis_ddsm/jpeg/1.3.6.1.4.1.9590.100.1.2.251872183712067758830824012051583087146 does not exist, skipping.
Image /home/sgoli125/workspace/research/MultiModalPFN/mmpfn/data/cbis_ddsm/jpeg/1.3.6.1.4.1.9590.100.1.2.419105484612765353125653224301479837209 does not exist, skipping.
Image /home/sgoli125/workspace/research/MultiModalPFN/mmpfn/data/cbis_ddsm/jpeg/1.3.6.1.4.1.9590.100.1.2.27953444711693870518443009471767038842 does not exist, skipping.
Image /home/sgoli125/workspace/research/MultiModalPFN/mmpfn/data/cbis_ddsm/jpeg/1.3.6.1.4.1.9590.100.1.2.345272310611212109513584997603121811208 does not exist, skipping.
Image /home/sgoli125/workspace/research/MultiModalPFN/mmpfn/data/cbis_ddsm/jpeg/1.3.6.1.4.1.9590.100.1.2.345272310611212109513584997603121811208 does not exist, skipping.
Image /home/sgoli125/workspace/research/MultiModalPFN/mmpfn/data/cbis_ddsm/jpeg/1.3.6.1.4.1.9590.100.1.2.335388666412725163012729529621089398344 does not exist, skipping.
Image /home/sgoli125/workspace/research/MultiModalPFN/mmpfn/data/cbis_ddsm/jpeg/1.3.6.1.4.1.9590.100.1.2.221018627511902492720139037951327455759 does not exist, skipping.
Image /home/sgoli125/workspace/research/MultiModalPFN/mmpfn/data/cbis_ddsm/jpeg/1.3.6.1.4.1.9590.100.1.2.25675010911265175932026938004227312743 does not exist, skipping.
Image /home/sgoli125/workspace/research/MultiModalPFN/mmpfn/data/cbis_ddsm/jpeg/1.3.6.1.4.1.9590.100.1.2.342542181413172878013377714112774536289 does not exist, skipping.
Image /home/sgoli125/workspace/research/MultiModalPFN/mmpfn/data/cbis_ddsm/jpeg/1.3.6.1.4.1.9590.100.1.2.63569235411594409607214585841671276939 does not exist, skipping.
Image /home/sgoli125/workspace/research/MultiModalPFN/mmpfn/data/cbis_ddsm/jpeg/1.3.6.1.4.1.9590.100.1.2.269090020912271881612869996851061481178 does not exist, skipping.
Image /home/sgoli125/workspace/research/MultiModalPFN/mmpfn/data/cbis_ddsm/jpeg/1.3.6.1.4.1.9590.100.1.2.378796778212450057832206319390337800478 does not exist, skipping.
Image /home/sgoli125/workspace/research/MultiModalPFN/mmpfn/data/cbis_ddsm/jpeg/1.3.6.1.4.1.9590.100.1.2.378796778212450057832206319390337800478 does not exist, skipping.
Image /home/sgoli125/workspace/research/MultiModalPFN/mmpfn/data/cbis_ddsm/jpeg/1.3.6.1.4.1.9590.100.1.2.54433975111687328009467363033835709188 does not exist, skipping.
Image /home/sgoli125/workspace/research/MultiModalPFN/mmpfn/data/cbis_ddsm/jpeg/1.3.6.1.4.1.9590.100.1.2.46212174511746655636762093061174071559 does not exist, skipping.
Image /home/sgoli125/workspace/research/MultiModalPFN/mmpfn/data/cbis_ddsm/jpeg/1.3.6.1.4.1.9590.100.1.2.46212174511746655636762093061174071559 does not exist, skipping.
Image /home/sgoli125/workspace/research/MultiModalPFN/mmpfn/data/cbis_ddsm/jpeg/1.3.6.1.4.1.9590.100.1.2.425162930912384986839410113794133819497 does not exist, skipping.
Image /home/sgoli125/workspace/research/MultiModalPFN/mmpfn/data/cbis_ddsm/jpeg/1.3.6.1.4.1.9590.100.1.2.202675500012341890639589579582926153492 does not exist, skipping.
Image /home/sgoli125/workspace/research/MultiModalPFN/mmpfn/data/cbis_ddsm/jpeg/1.3.6.1.4.1.9590.100.1.2.44924265911262530126862166120456636591 does not exist, skipping.
Image /home/sgoli125/workspace/research/MultiModalPFN/mmpfn/data/cbis_ddsm/jpeg/1.3.6.1.4.1.9590.100.1.2.405418520913113377021793824510072876557 does not exist, skipping.
Image /home/sgoli125/workspace/research/MultiModalPFN/mmpfn/data/cbis_ddsm/jpeg/1.3.6.1.4.1.9590.100.1.2.405418520913113377021793824510072876557 does not exist, skipping.
Image /home/sgoli125/workspace/research/MultiModalPFN/mmpfn/data/cbis_ddsm/jpeg/1.3.6.1.4.1.9590.100.1.2.397197585712576980835218625502162434719 does not exist, skipping.
Image /home/sgoli125/workspace/research/MultiModalPFN/mmpfn/data/cbis_ddsm/jpeg/1.3.6.1.4.1.9590.100.1.2.237226740511457824723686921453765620907 does not exist, skipping.
Image /home/sgoli125/workspace/research/MultiModalPFN/mmpfn/data/cbis_ddsm/jpeg/1.3.6.1.4.1.9590.100.1.2.237226740511457824723686921453765620907 does not exist, skipping.
Image /home/sgoli125/workspace/research/MultiModalPFN/mmpfn/data/cbis_ddsm/jpeg/1.3.6.1.4.1.9590.100.1.2.211319738412455647428653548983017209766 does not exist, skipping.
Image /home/sgoli125/workspace/research/MultiModalPFN/mmpfn/data/cbis_ddsm/jpeg/1.3.6.1.4.1.9590.100.1.2.200877199010883633131989495271471001852 does not exist, skipping.
Image /home/sgoli125/workspace/research/MultiModalPFN/mmpfn/data/cbis_ddsm/jpeg/1.3.6.1.4.1.9590.100.1.2.200877199010883633131989495271471001852 does not exist, skipping.
Image /home/sgoli125/workspace/research/MultiModalPFN/mmpfn/data/cbis_ddsm/jpeg/1.3.6.1.4.1.9590.100.1.2.385132842112234370219192252632712589242 does not exist, skipping.
Image /home/sgoli125/workspace/research/MultiModalPFN/mmpfn/data/cbis_ddsm/jpeg/1.3.6.1.4.1.9590.100.1.2.253002196012708182229226385020612041972 does not exist, skipping.
Image /home/sgoli125/workspace/research/MultiModalPFN/mmpfn/data/cbis_ddsm/jpeg/1.3.6.1.4.1.9590.100.1.2.253002196012708182229226385020612041972 does not exist, skipping.
Image /home/sgoli125/workspace/research/MultiModalPFN/mmpfn/data/cbis_ddsm/jpeg/1.3.6.1.4.1.9590.100.1.2.387581711310058550336157943220309949932 does not exist, skipping.
Image /home/sgoli125/workspace/research/MultiModalPFN/mmpfn/data/cbis_ddsm/jpeg/1.3.6.1.4.1.9590.100.1.2.54279983511903824414067810691024511970 does not exist, skipping.
Image /home/sgoli125/workspace/research/MultiModalPFN/mmpfn/data/cbis_ddsm/jpeg/1.3.6.1.4.1.9590.100.1.2.54279983511903824414067810691024511970 does not exist, skipping.
Image /home/sgoli125/workspace/research/MultiModalPFN/mmpfn/data/cbis_ddsm/jpeg/1.3.6.1.4.1.9590.100.1.2.387581711310058550336157943220309949932 does not exist, skipping.
Image /home/sgoli125/workspace/research/MultiModalPFN/mmpfn/data/cbis_ddsm/jpeg/1.3.6.1.4.1.9590.100.1.2.310802915211715856517535090122621973469 does not exist, skipping.
Image /home/sgoli125/workspace/research/MultiModalPFN/mmpfn/data/cbis_ddsm/jpeg/1.3.6.1.4.1.9590.100.1.2.338029874512574502207451580360111511222 does not exist, skipping.
Image /home/sgoli125/workspace/research/MultiModalPFN/mmpfn/data/cbis_ddsm/jpeg/1.3.6.1.4.1.9590.100.1.2.413645133911354825305726757613355885998 does not exist, skipping.
Image /home/sgoli125/workspace/research/MultiModalPFN/mmpfn/data/cbis_ddsm/jpeg/1.3.6.1.4.1.9590.100.1.2.413645133911354825305726757613355885998 does not exist, skipping.
Image /home/sgoli125/workspace/research/MultiModalPFN/mmpfn/data/cbis_ddsm/jpeg/1.3.6.1.4.1.9590.100.1.2.263918199211476516622099513693475115311 does not exist, skipping.
Image /home/sgoli125/workspace/research/MultiModalPFN/mmpfn/data/cbis_ddsm/jpeg/1.3.6.1.4.1.9590.100.1.2.269215817811308995925548233261470082735 does not exist, skipping.
Image /home/sgoli125/workspace/research/MultiModalPFN/mmpfn/data/cbis_ddsm/jpeg/1.3.6.1.4.1.9590.100.1.2.269215817811308995925548233261470082735 does not exist, skipping.
Image /home/sgoli125/workspace/research/MultiModalPFN/mmpfn/data/cbis_ddsm/jpeg/1.3.6.1.4.1.9590.100.1.2.328253460012380782218954280112815341561 does not exist, skipping.
Image /home/sgoli125/workspace/research/MultiModalPFN/mmpfn/data/cbis_ddsm/jpeg/1.3.6.1.4.1.9590.100.1.2.328562269210429133327752295793440681562 does not exist, skipping.
Image /home/sgoli125/workspace/research/MultiModalPFN/mmpfn/data/cbis_ddsm/jpeg/1.3.6.1.4.1.9590.100.1.2.328562269210429133327752295793440681562 does not exist, skipping.
Image /home/sgoli125/workspace/research/MultiModalPFN/mmpfn/data/cbis_ddsm/jpeg/1.3.6.1.4.1.9590.100.1.2.269700135212590534804433368343189580373 does not exist, skipping.
Image /home/sgoli125/workspace/research/MultiModalPFN/mmpfn/data/cbis_ddsm/jpeg/1.3.6.1.4.1.9590.100.1.2.227471708411613582819556072153552711297 does not exist, skipping.
Image /home/sgoli125/workspace/research/MultiModalPFN/mmpfn/data/cbis_ddsm/jpeg/1.3.6.1.4.1.9590.100.1.2.227471708411613582819556072153552711297 does not exist, skipping.
Image /home/sgoli125/workspace/research/MultiModalPFN/mmpfn/data/cbis_ddsm/jpeg/1.3.6.1.4.1.9590.100.1.2.84486407611625551628275480543178418993 does not exist, skipping.
Image /home/sgoli125/workspace/research/MultiModalPFN/mmpfn/data/cbis_ddsm/jpeg/1.3.6.1.4.1.9590.100.1.2.84486407611625551628275480543178418993 does not exist, skipping.
Image /home/sgoli125/workspace/research/MultiModalPFN/mmpfn/data/cbis_ddsm/jpeg/1.3.6.1.4.1.9590.100.1.2.43039619213514817829894793153018120834 does not exist, skipping.
Image /home/sgoli125/workspace/research/MultiModalPFN/mmpfn/data/cbis_ddsm/jpeg/1.3.6.1.4.1.9590.100.1.2.39194036011823625811572909260453372676 does not exist, skipping.
Image /home/sgoli125/workspace/research/MultiModalPFN/mmpfn/data/cbis_ddsm/jpeg/1.3.6.1.4.1.9590.100.1.2.39194036011823625811572909260453372676 does not exist, skipping.
Image /home/sgoli125/workspace/research/MultiModalPFN/mmpfn/data/cbis_ddsm/jpeg/1.3.6.1.4.1.9590.100.1.2.84979282111169186110355127162031674632 does not exist, skipping.
Image /home/sgoli125/workspace/research/MultiModalPFN/mmpfn/data/cbis_ddsm/jpeg/1.3.6.1.4.1.9590.100.1.2.308183410113218061709558091841282060108 does not exist, skipping.
Image /home/sgoli125/workspace/research/MultiModalPFN/mmpfn/data/cbis_ddsm/jpeg/1.3.6.1.4.1.9590.100.1.2.411319493511774803517705112503718165282 does not exist, skipping.
Image /home/sgoli125/workspace/research/MultiModalPFN/mmpfn/data/cbis_ddsm/jpeg/1.3.6.1.4.1.9590.100.1.2.291970834411466767515548699420271393213 does not exist, skipping.
Image /home/sgoli125/workspace/research/MultiModalPFN/mmpfn/data/cbis_ddsm/jpeg/1.3.6.1.4.1.9590.100.1.2.393764639811214800108462073842058892008 does not exist, skipping.
Image /home/sgoli125/workspace/research/MultiModalPFN/mmpfn/data/cbis_ddsm/jpeg/1.3.6.1.4.1.9590.100.1.2.40709178712504957212877331210046495938 does not exist, skipping.
Image /home/sgoli125/workspace/research/MultiModalPFN/mmpfn/data/cbis_ddsm/jpeg/1.3.6.1.4.1.9590.100.1.2.251959442711106006203057952592380038668 does not exist, skipping.
Image /home/sgoli125/workspace/research/MultiModalPFN/mmpfn/data/cbis_ddsm/jpeg/1.3.6.1.4.1.9590.100.1.2.251959442711106006203057952592380038668 does not exist, skipping.
Image /home/sgoli125/workspace/research/MultiModalPFN/mmpfn/data/cbis_ddsm/jpeg/1.3.6.1.4.1.9590.100.1.2.408053815012156684010240636493066172601 does not exist, skipping.
Image /home/sgoli125/workspace/research/MultiModalPFN/mmpfn/data/cbis_ddsm/jpeg/1.3.6.1.4.1.9590.100.1.2.207930511898412841448342150322938749 does not exist, skipping.
Image /home/sgoli125/workspace/research/MultiModalPFN/mmpfn/data/cbis_ddsm/jpeg/1.3.6.1.4.1.9590.100.1.2.207930511898412841448342150322938749 does not exist, skipping.
Image /home/sgoli125/workspace/research/MultiModalPFN/mmpfn/data/cbis_ddsm/jpeg/1.3.6.1.4.1.9590.100.1.2.39470937012392746110917390223661128906 does not exist, skipping.
Image /home/sgoli125/workspace/research/MultiModalPFN/mmpfn/data/cbis_ddsm/jpeg/1.3.6.1.4.1.9590.100.1.2.378090434512413088140570011084136978333 does not exist, skipping.
Image /home/sgoli125/workspace/research/MultiModalPFN/mmpfn/data/cbis_ddsm/jpeg/1.3.6.1.4.1.9590.100.1.2.252094742812928936411242525910635167978 does not exist, skipping.
Image /home/sgoli125/workspace/research/MultiModalPFN/mmpfn/data/cbis_ddsm/jpeg/1.3.6.1.4.1.9590.100.1.2.241483359613697055007511978734165208653 does not exist, skipping.
Image /home/sgoli125/workspace/research/MultiModalPFN/mmpfn/data/cbis_ddsm/jpeg/1.3.6.1.4.1.9590.100.1.2.241483359613697055007511978734165208653 does not exist, skipping.
Image /home/sgoli125/workspace/research/MultiModalPFN/mmpfn/data/cbis_ddsm/jpeg/1.3.6.1.4.1.9590.100.1.2.334573074812706485505698039213419799542 does not exist, skipping.
Image /home/sgoli125/workspace/research/MultiModalPFN/mmpfn/data/cbis_ddsm/jpeg/1.3.6.1.4.1.9590.100.1.2.334573074812706485505698039213419799542 does not exist, skipping.
Image /home/sgoli125/workspace/research/MultiModalPFN/mmpfn/data/cbis_ddsm/jpeg/1.3.6.1.4.1.9590.100.1.2.243938124911541462523094069004113622084 does not exist, skipping.
Image /home/sgoli125/workspace/research/MultiModalPFN/mmpfn/data/cbis_ddsm/jpeg/1.3.6.1.4.1.9590.100.1.2.325224933312998954634605554321184222890 does not exist, skipping.
Image /home/sgoli125/workspace/research/MultiModalPFN/mmpfn/data/cbis_ddsm/jpeg/1.3.6.1.4.1.9590.100.1.2.325224933312998954634605554321184222890 does not exist, skipping.
Image /home/sgoli125/workspace/research/MultiModalPFN/mmpfn/data/cbis_ddsm/jpeg/1.3.6.1.4.1.9590.100.1.2.309230399411448383131478767721709723162 does not exist, skipping.
Image /home/sgoli125/workspace/research/MultiModalPFN/mmpfn/data/cbis_ddsm/jpeg/1.3.6.1.4.1.9590.100.1.2.428003548612841233422315221804120169416 does not exist, skipping.
Image /home/sgoli125/workspace/research/MultiModalPFN/mmpfn/data/cbis_ddsm/jpeg/1.3.6.1.4.1.9590.100.1.2.293243082312342963921710629433171137475 does not exist, skipping.
Image /home/sgoli125/workspace/research/MultiModalPFN/mmpfn/data/cbis_ddsm/jpeg/1.3.6.1.4.1.9590.100.1.2.263713351013050806016726035710201924200 does not exist, skipping.
Image /home/sgoli125/workspace/research/MultiModalPFN/mmpfn/data/cbis_ddsm/jpeg/1.3.6.1.4.1.9590.100.1.2.263713351013050806016726035710201924200 does not exist, skipping.
Image /home/sgoli125/workspace/research/MultiModalPFN/mmpfn/data/cbis_ddsm/jpeg/1.3.6.1.4.1.9590.100.1.2.356736051912504701111877477291844813740 does not exist, skipping.
Image /home/sgoli125/workspace/research/MultiModalPFN/mmpfn/data/cbis_ddsm/jpeg/1.3.6.1.4.1.9590.100.1.2.356736051912504701111877477291844813740 does not exist, skipping.
Image /home/sgoli125/workspace/research/MultiModalPFN/mmpfn/data/cbis_ddsm/jpeg/1.3.6.1.4.1.9590.100.1.2.363029544813841568923411647342397830538 does not exist, skipping.
Image /home/sgoli125/workspace/research/MultiModalPFN/mmpfn/data/cbis_ddsm/jpeg/1.3.6.1.4.1.9590.100.1.2.408647449612787171540318555500958691381 does not exist, skipping.
Image /home/sgoli125/workspace/research/MultiModalPFN/mmpfn/data/cbis_ddsm/jpeg/1.3.6.1.4.1.9590.100.1.2.408647449612787171540318555500958691381 does not exist, skipping.
Image /home/sgoli125/workspace/research/MultiModalPFN/mmpfn/data/cbis_ddsm/jpeg/1.3.6.1.4.1.9590.100.1.2.319754234513367087713627616273085135657 does not exist, skipping.
Image /home/sgoli125/workspace/research/MultiModalPFN/mmpfn/data/cbis_ddsm/jpeg/1.3.6.1.4.1.9590.100.1.2.319754234513367087713627616273085135657 does not exist, skipping.
Image /home/sgoli125/workspace/research/MultiModalPFN/mmpfn/data/cbis_ddsm/jpeg/1.3.6.1.4.1.9590.100.1.2.46228080811339703822182406561482041808 does not exist, skipping.
Image /home/sgoli125/workspace/research/MultiModalPFN/mmpfn/data/cbis_ddsm/jpeg/1.3.6.1.4.1.9590.100.1.2.333362308411589208708977437493741984587 does not exist, skipping.
Image /home/sgoli125/workspace/research/MultiModalPFN/mmpfn/data/cbis_ddsm/jpeg/1.3.6.1.4.1.9590.100.1.2.332272146812573840028939596050259322131 does not exist, skipping.
Image /home/sgoli125/workspace/research/MultiModalPFN/mmpfn/data/cbis_ddsm/jpeg/1.3.6.1.4.1.9590.100.1.2.332272146812573840028939596050259322131 does not exist, skipping.
Image /home/sgoli125/workspace/research/MultiModalPFN/mmpfn/data/cbis_ddsm/jpeg/1.3.6.1.4.1.9590.100.1.2.349077986111384069430642085273339561542 does not exist, skipping.
Image /home/sgoli125/workspace/research/MultiModalPFN/mmpfn/data/cbis_ddsm/jpeg/1.3.6.1.4.1.9590.100.1.2.219469582411034211617833427590641917643 does not exist, skipping.
Image /home/sgoli125/workspace/research/MultiModalPFN/mmpfn/data/cbis_ddsm/jpeg/1.3.6.1.4.1.9590.100.1.2.270934426611366883900499270491308786787 does not exist, skipping.
Image /home/sgoli125/workspace/research/MultiModalPFN/mmpfn/data/cbis_ddsm/jpeg/1.3.6.1.4.1.9590.100.1.2.270934426611366883900499270491308786787 does not exist, skipping.
Image /home/sgoli125/workspace/research/MultiModalPFN/mmpfn/data/cbis_ddsm/jpeg/1.3.6.1.4.1.9590.100.1.2.91840514411983515414151699274196331730 does not exist, skipping.
Image /home/sgoli125/workspace/research/MultiModalPFN/mmpfn/data/cbis_ddsm/jpeg/1.3.6.1.4.1.9590.100.1.2.283588686412546865619599935273607013705 does not exist, skipping.
Image /home/sgoli125/workspace/research/MultiModalPFN/mmpfn/data/cbis_ddsm/jpeg/1.3.6.1.4.1.9590.100.1.2.357100080312454887228694944233322819940 does not exist, skipping.
Image /home/sgoli125/workspace/research/MultiModalPFN/mmpfn/data/cbis_ddsm/jpeg/1.3.6.1.4.1.9590.100.1.2.357100080312454887228694944233322819940 does not exist, skipping.
Image /home/sgoli125/workspace/research/MultiModalPFN/mmpfn/data/cbis_ddsm/jpeg/1.3.6.1.4.1.9590.100.1.2.370315874913495676207201903751794384276 does not exist, skipping.
Image /home/sgoli125/workspace/research/MultiModalPFN/mmpfn/data/cbis_ddsm/jpeg/1.3.6.1.4.1.9590.100.1.2.344244298112027209533481291843681547544 does not exist, skipping.
Image /home/sgoli125/workspace/research/MultiModalPFN/mmpfn/data/cbis_ddsm/jpeg/1.3.6.1.4.1.9590.100.1.2.344244298112027209533481291843681547544 does not exist, skipping.
Image /home/sgoli125/workspace/research/MultiModalPFN/mmpfn/data/cbis_ddsm/jpeg/1.3.6.1.4.1.9590.100.1.2.257322799311547582831716010290933840442 does not exist, skipping.
Image /home/sgoli125/workspace/research/MultiModalPFN/mmpfn/data/cbis_ddsm/jpeg/1.3.6.1.4.1.9590.100.1.2.233400998011480505525834077563429943066 does not exist, skipping.
Image /home/sgoli125/workspace/research/MultiModalPFN/mmpfn/data/cbis_ddsm/jpeg/1.3.6.1.4.1.9590.100.1.2.233400998011480505525834077563429943066 does not exist, skipping.
Image /home/sgoli125/workspace/research/MultiModalPFN/mmpfn/data/cbis_ddsm/jpeg/1.3.6.1.4.1.9590.100.1.2.204173776013736332214262798293950507299 does not exist, skipping.
Image /home/sgoli125/workspace/research/MultiModalPFN/mmpfn/data/cbis_ddsm/jpeg/1.3.6.1.4.1.9590.100.1.2.272588980113480308311711845212203385190 does not exist, skipping.
Image /home/sgoli125/workspace/research/MultiModalPFN/mmpfn/data/cbis_ddsm/jpeg/1.3.6.1.4.1.9590.100.1.2.272588980113480308311711845212203385190 does not exist, skipping.
Image /home/sgoli125/workspace/research/MultiModalPFN/mmpfn/data/cbis_ddsm/jpeg/1.3.6.1.4.1.9590.100.1.2.91570117812812523625275319313414873776 does not exist, skipping.
Image /home/sgoli125/workspace/research/MultiModalPFN/mmpfn/data/cbis_ddsm/jpeg/1.3.6.1.4.1.9590.100.1.2.346869293112555145536043219483346275837 does not exist, skipping.
Image /home/sgoli125/workspace/research/MultiModalPFN/mmpfn/data/cbis_ddsm/jpeg/1.3.6.1.4.1.9590.100.1.2.346869293112555145536043219483346275837 does not exist, skipping.
Image /home/sgoli125/workspace/research/MultiModalPFN/mmpfn/data/cbis_ddsm/jpeg/1.3.6.1.4.1.9590.100.1.2.293036738511661316730251641901152044991 does not exist, skipping.
Image /home/sgoli125/workspace/research/MultiModalPFN/mmpfn/data/cbis_ddsm/jpeg/1.3.6.1.4.1.9590.100.1.2.402815265611629865241636617122340744227 does not exist, skipping.
Image /home/sgoli125/workspace/research/MultiModalPFN/mmpfn/data/cbis_ddsm/jpeg/1.3.6.1.4.1.9590.100.1.2.402815265611629865241636617122340744227 does not exist, skipping.
Image /home/sgoli125/workspace/research/MultiModalPFN/mmpfn/data/cbis_ddsm/jpeg/1.3.6.1.4.1.9590.100.1.2.90170714912130855842081649943451041289 does not exist, skipping.
Image /home/sgoli125/workspace/research/MultiModalPFN/mmpfn/data/cbis_ddsm/jpeg/1.3.6.1.4.1.9590.100.1.2.404492079310175899904958398973193895553 does not exist, skipping.
Image /home/sgoli125/workspace/research/MultiModalPFN/mmpfn/data/cbis_ddsm/jpeg/1.3.6.1.4.1.9590.100.1.2.404492079310175899904958398973193895553 does not exist, skipping.
Image /home/sgoli125/workspace/research/MultiModalPFN/mmpfn/data/cbis_ddsm/jpeg/1.3.6.1.4.1.9590.100.1.2.355127472712403304314624541740404650609 does not exist, skipping.
Image /home/sgoli125/workspace/research/MultiModalPFN/mmpfn/data/cbis_ddsm/jpeg/1.3.6.1.4.1.9590.100.1.2.355127472712403304314624541740404650609 does not exist, skipping.
Image /home/sgoli125/workspace/research/MultiModalPFN/mmpfn/data/cbis_ddsm/jpeg/1.3.6.1.4.1.9590.100.1.2.22043661411987800935615497223367894395 does not exist, skipping.
Image /home/sgoli125/workspace/research/MultiModalPFN/mmpfn/data/cbis_ddsm/jpeg/1.3.6.1.4.1.9590.100.1.2.38795085511220710016918867800525668598 does not exist, skipping.
Image /home/sgoli125/workspace/research/MultiModalPFN/mmpfn/data/cbis_ddsm/jpeg/1.3.6.1.4.1.9590.100.1.2.71123070012960879727507941592264250406 does not exist, skipping.
Image /home/sgoli125/workspace/research/MultiModalPFN/mmpfn/data/cbis_ddsm/jpeg/1.3.6.1.4.1.9590.100.1.2.71123070012960879727507941592264250406 does not exist, skipping.
Image /home/sgoli125/workspace/research/MultiModalPFN/mmpfn/data/cbis_ddsm/jpeg/1.3.6.1.4.1.9590.100.1.2.423616791811899014340987718632410208612 does not exist, skipping.
Image /home/sgoli125/workspace/research/MultiModalPFN/mmpfn/data/cbis_ddsm/jpeg/1.3.6.1.4.1.9590.100.1.2.237205040113055983132758660471841993282 does not exist, skipping.
Image /home/sgoli125/workspace/research/MultiModalPFN/mmpfn/data/cbis_ddsm/jpeg/1.3.6.1.4.1.9590.100.1.2.332971390911248752026271123792534962950 does not exist, skipping.
Image /home/sgoli125/workspace/research/MultiModalPFN/mmpfn/data/cbis_ddsm/jpeg/1.3.6.1.4.1.9590.100.1.2.332971390911248752026271123792534962950 does not exist, skipping.
Image /home/sgoli125/workspace/research/MultiModalPFN/mmpfn/data/cbis_ddsm/jpeg/1.3.6.1.4.1.9590.100.1.2.99615833713361508323080027142333720400 does not exist, skipping.
Image /home/sgoli125/workspace/research/MultiModalPFN/mmpfn/data/cbis_ddsm/jpeg/1.3.6.1.4.1.9590.100.1.2.391195498012104141006460448243492391195 does not exist, skipping.
Image /home/sgoli125/workspace/research/MultiModalPFN/mmpfn/data/cbis_ddsm/jpeg/1.3.6.1.4.1.9590.100.1.2.391195498012104141006460448243492391195 does not exist, skipping.
Image /home/sgoli125/workspace/research/MultiModalPFN/mmpfn/data/cbis_ddsm/jpeg/1.3.6.1.4.1.9590.100.1.2.354393322011557367835928690122016618367 does not exist, skipping.
Image /home/sgoli125/workspace/research/MultiModalPFN/mmpfn/data/cbis_ddsm/jpeg/1.3.6.1.4.1.9590.100.1.2.91146663411815978620962792060900953996 does not exist, skipping.
Image /home/sgoli125/workspace/research/MultiModalPFN/mmpfn/data/cbis_ddsm/jpeg/1.3.6.1.4.1.9590.100.1.2.359217025112290562103270375683711958263 does not exist, skipping.
Image /home/sgoli125/workspace/research/MultiModalPFN/mmpfn/data/cbis_ddsm/jpeg/1.3.6.1.4.1.9590.100.1.2.320866693113864447514884110163742534443 does not exist, skipping.
Image /home/sgoli125/workspace/research/MultiModalPFN/mmpfn/data/cbis_ddsm/jpeg/1.3.6.1.4.1.9590.100.1.2.4232907711466039515615889070251658363 does not exist, skipping.
Image /home/sgoli125/workspace/research/MultiModalPFN/mmpfn/data/cbis_ddsm/jpeg/1.3.6.1.4.1.9590.100.1.2.4232907711466039515615889070251658363 does not exist, skipping.
Image /home/sgoli125/workspace/research/MultiModalPFN/mmpfn/data/cbis_ddsm/jpeg/1.3.6.1.4.1.9590.100.1.2.92678305411961022015629405623671856133 does not exist, skipping.
Image /home/sgoli125/workspace/research/MultiModalPFN/mmpfn/data/cbis_ddsm/jpeg/1.3.6.1.4.1.9590.100.1.2.297412451111880214939701103642282631107 does not exist, skipping.
Image /home/sgoli125/workspace/research/MultiModalPFN/mmpfn/data/cbis_ddsm/jpeg/1.3.6.1.4.1.9590.100.1.2.297412451111880214939701103642282631107 does not exist, skipping.
Image /home/sgoli125/workspace/research/MultiModalPFN/mmpfn/data/cbis_ddsm/jpeg/1.3.6.1.4.1.9590.100.1.2.248818536712655075239420322983346000377 does not exist, skipping.
Image /home/sgoli125/workspace/research/MultiModalPFN/mmpfn/data/cbis_ddsm/jpeg/1.3.6.1.4.1.9590.100.1.2.308672021511009006434555943951584575862 does not exist, skipping.
Image /home/sgoli125/workspace/research/MultiModalPFN/mmpfn/data/cbis_ddsm/jpeg/1.3.6.1.4.1.9590.100.1.2.330747080711769919833245080600788652010 does not exist, skipping.
Image /home/sgoli125/workspace/research/MultiModalPFN/mmpfn/data/cbis_ddsm/jpeg/1.3.6.1.4.1.9590.100.1.2.330747080711769919833245080600788652010 does not exist, skipping.
Image /home/sgoli125/workspace/research/MultiModalPFN/mmpfn/data/cbis_ddsm/jpeg/1.3.6.1.4.1.9590.100.1.2.266759617211127337602460456230753803059 does not exist, skipping.
Image /home/sgoli125/workspace/research/MultiModalPFN/mmpfn/data/cbis_ddsm/jpeg/1.3.6.1.4.1.9590.100.1.2.82561792613001327726695136203809609465 does not exist, skipping.
Image /home/sgoli125/workspace/research/MultiModalPFN/mmpfn/data/cbis_ddsm/jpeg/1.3.6.1.4.1.9590.100.1.2.82561792613001327726695136203809609465 does not exist, skipping.
Image /home/sgoli125/workspace/research/MultiModalPFN/mmpfn/data/cbis_ddsm/jpeg/1.3.6.1.4.1.9590.100.1.2.372477449213206994517311205642014458234 does not exist, skipping.
Image /home/sgoli125/workspace/research/MultiModalPFN/mmpfn/data/cbis_ddsm/jpeg/1.3.6.1.4.1.9590.100.1.2.387688489412360093215426625711985563030 does not exist, skipping.
Image /home/sgoli125/workspace/research/MultiModalPFN/mmpfn/data/cbis_ddsm/jpeg/1.3.6.1.4.1.9590.100.1.2.387688489412360093215426625711985563030 does not exist, skipping.
Image /home/sgoli125/workspace/research/MultiModalPFN/mmpfn/data/cbis_ddsm/jpeg/1.3.6.1.4.1.9590.100.1.2.372477449213206994517311205642014458234 does not exist, skipping.
Image /home/sgoli125/workspace/research/MultiModalPFN/mmpfn/data/cbis_ddsm/jpeg/1.3.6.1.4.1.9590.100.1.2.251646843112941197023646504213294530558 does not exist, skipping.
Image /home/sgoli125/workspace/research/MultiModalPFN/mmpfn/data/cbis_ddsm/jpeg/1.3.6.1.4.1.9590.100.1.2.251646843112941197023646504213294530558 does not exist, skipping.
Image /home/sgoli125/workspace/research/MultiModalPFN/mmpfn/data/cbis_ddsm/jpeg/1.3.6.1.4.1.9590.100.1.2.37443696213477719541152546684205642873 does not exist, skipping.
Image /home/sgoli125/workspace/research/MultiModalPFN/mmpfn/data/cbis_ddsm/jpeg/1.3.6.1.4.1.9590.100.1.2.53859535012239876630037559282671349104 does not exist, skipping.
Image /home/sgoli125/workspace/research/MultiModalPFN/mmpfn/data/cbis_ddsm/jpeg/1.3.6.1.4.1.9590.100.1.2.53859535012239876630037559282671349104 does not exist, skipping.
Image /home/sgoli125/workspace/research/MultiModalPFN/mmpfn/data/cbis_ddsm/jpeg/1.3.6.1.4.1.9590.100.1.2.37443696213477719541152546684205642873 does not exist, skipping.
Image /home/sgoli125/workspace/research/MultiModalPFN/mmpfn/data/cbis_ddsm/jpeg/1.3.6.1.4.1.9590.100.1.2.32971912211369189923654695832946246204 does not exist, skipping.
Image /home/sgoli125/workspace/research/MultiModalPFN/mmpfn/data/cbis_ddsm/jpeg/1.3.6.1.4.1.9590.100.1.2.32971912211369189923654695832946246204 does not exist, skipping.
Image /home/sgoli125/workspace/research/MultiModalPFN/mmpfn/data/cbis_ddsm/jpeg/1.3.6.1.4.1.9590.100.1.2.247344306013953089135970481920086034660 does not exist, skipping.
Image /home/sgoli125/workspace/research/MultiModalPFN/mmpfn/data/cbis_ddsm/jpeg/1.3.6.1.4.1.9590.100.1.2.247344306013953089135970481920086034660 does not exist, skipping.
Image /home/sgoli125/workspace/research/MultiModalPFN/mmpfn/data/cbis_ddsm/jpeg/1.3.6.1.4.1.9590.100.1.2.252709765911313151607841657963087943771 does not exist, skipping.
Image /home/sgoli125/workspace/research/MultiModalPFN/mmpfn/data/cbis_ddsm/jpeg/1.3.6.1.4.1.9590.100.1.2.252709765911313151607841657963087943771 does not exist, skipping.
Image /home/sgoli125/workspace/research/MultiModalPFN/mmpfn/data/cbis_ddsm/jpeg/1.3.6.1.4.1.9590.100.1.2.398384850811351926606361013022374103853 does not exist, skipping.
Image /home/sgoli125/workspace/research/MultiModalPFN/mmpfn/data/cbis_ddsm/jpeg/1.3.6.1.4.1.9590.100.1.2.374467146111101869235379099101911987377 does not exist, skipping.
Image /home/sgoli125/workspace/research/MultiModalPFN/mmpfn/data/cbis_ddsm/jpeg/1.3.6.1.4.1.9590.100.1.2.374467146111101869235379099101911987377 does not exist, skipping.
Image /home/sgoli125/workspace/research/MultiModalPFN/mmpfn/data/cbis_ddsm/jpeg/1.3.6.1.4.1.9590.100.1.2.236836035411338215725380904091803534324 does not exist, skipping.
Image /home/sgoli125/workspace/research/MultiModalPFN/mmpfn/data/cbis_ddsm/jpeg/1.3.6.1.4.1.9590.100.1.2.236836035411338215725380904091803534324 does not exist, skipping.
Image /home/sgoli125/workspace/research/MultiModalPFN/mmpfn/data/cbis_ddsm/jpeg/1.3.6.1.4.1.9590.100.1.2.73898800613320269625592651560791507194 does not exist, skipping.
Image /home/sgoli125/workspace/research/MultiModalPFN/mmpfn/data/cbis_ddsm/jpeg/1.3.6.1.4.1.9590.100.1.2.398519079512363168827806972161822892706 does not exist, skipping.
Image /home/sgoli125/workspace/research/MultiModalPFN/mmpfn/data/cbis_ddsm/jpeg/1.3.6.1.4.1.9590.100.1.2.398519079512363168827806972161822892706 does not exist, skipping.
Image /home/sgoli125/workspace/research/MultiModalPFN/mmpfn/data/cbis_ddsm/jpeg/1.3.6.1.4.1.9590.100.1.2.35451977612757625124127781390100525898 does not exist, skipping.
Image /home/sgoli125/workspace/research/MultiModalPFN/mmpfn/data/cbis_ddsm/jpeg/1.3.6.1.4.1.9590.100.1.2.344685813512624034731178912622428173807 does not exist, skipping.
Image /home/sgoli125/workspace/research/MultiModalPFN/mmpfn/data/cbis_ddsm/jpeg/1.3.6.1.4.1.9590.100.1.2.344685813512624034731178912622428173807 does not exist, skipping.
Image /home/sgoli125/workspace/research/MultiModalPFN/mmpfn/data/cbis_ddsm/jpeg/1.3.6.1.4.1.9590.100.1.2.328977677511962475112321192060403830590 does not exist, skipping.
Image /home/sgoli125/workspace/research/MultiModalPFN/mmpfn/data/cbis_ddsm/jpeg/1.3.6.1.4.1.9590.100.1.2.53037206011095769104977770852291382856 does not exist, skipping.
Image /home/sgoli125/workspace/research/MultiModalPFN/mmpfn/data/cbis_ddsm/jpeg/1.3.6.1.4.1.9590.100.1.2.53037206011095769104977770852291382856 does not exist, skipping.
Image /home/sgoli125/workspace/research/MultiModalPFN/mmpfn/data/cbis_ddsm/jpeg/1.3.6.1.4.1.9590.100.1.2.328977677511962475112321192060403830590 does not exist, skipping.
Image /home/sgoli125/workspace/research/MultiModalPFN/mmpfn/data/cbis_ddsm/jpeg/1.3.6.1.4.1.9590.100.1.2.44139166810789784907099166020057453380 does not exist, skipping.
Image /home/sgoli125/workspace/research/MultiModalPFN/mmpfn/data/cbis_ddsm/jpeg/1.3.6.1.4.1.9590.100.1.2.44139166810789784907099166020057453380 does not exist, skipping.
Image /home/sgoli125/workspace/research/MultiModalPFN/mmpfn/data/cbis_ddsm/jpeg/1.3.6.1.4.1.9590.100.1.2.290000938812700402005626187593866319925 does not exist, skipping.
Image /home/sgoli125/workspace/research/MultiModalPFN/mmpfn/data/cbis_ddsm/jpeg/1.3.6.1.4.1.9590.100.1.2.400729554413074689124679520180413295981 does not exist, skipping.
Image /home/sgoli125/workspace/research/MultiModalPFN/mmpfn/data/cbis_ddsm/jpeg/1.3.6.1.4.1.9590.100.1.2.400729554413074689124679520180413295981 does not exist, skipping.
Image /home/sgoli125/workspace/research/MultiModalPFN/mmpfn/data/cbis_ddsm/jpeg/1.3.6.1.4.1.9590.100.1.2.290000938812700402005626187593866319925 does not exist, skipping.
Image /home/sgoli125/workspace/research/MultiModalPFN/mmpfn/data/cbis_ddsm/jpeg/1.3.6.1.4.1.9590.100.1.2.426460422813166942305796727364191997646 does not exist, skipping.
Image /home/sgoli125/workspace/research/MultiModalPFN/mmpfn/data/cbis_ddsm/jpeg/1.3.6.1.4.1.9590.100.1.2.426460422813166942305796727364191997646 does not exist, skipping.
Image /home/sgoli125/workspace/research/MultiModalPFN/mmpfn/data/cbis_ddsm/jpeg/1.3.6.1.4.1.9590.100.1.2.255845637711782565536852604601759547270 does not exist, skipping.
Image /home/sgoli125/workspace/research/MultiModalPFN/mmpfn/data/cbis_ddsm/jpeg/1.3.6.1.4.1.9590.100.1.2.212774179410330555336710178802297228873 does not exist, skipping.
Image /home/sgoli125/workspace/research/MultiModalPFN/mmpfn/data/cbis_ddsm/jpeg/1.3.6.1.4.1.9590.100.1.2.212774179410330555336710178802297228873 does not exist, skipping.
Image /home/sgoli125/workspace/research/MultiModalPFN/mmpfn/data/cbis_ddsm/jpeg/1.3.6.1.4.1.9590.100.1.2.354974451012606666730836312563315842748 does not exist, skipping.
Image /home/sgoli125/workspace/research/MultiModalPFN/mmpfn/data/cbis_ddsm/jpeg/1.3.6.1.4.1.9590.100.1.2.231694414213089688221373861501524875041 does not exist, skipping.
Image /home/sgoli125/workspace/research/MultiModalPFN/mmpfn/data/cbis_ddsm/jpeg/1.3.6.1.4.1.9590.100.1.2.231694414213089688221373861501524875041 does not exist, skipping.
Image /home/sgoli125/workspace/research/MultiModalPFN/mmpfn/data/cbis_ddsm/jpeg/1.3.6.1.4.1.9590.100.1.2.34453089311625147902104454701326827611 does not exist, skipping.
Image /home/sgoli125/workspace/research/MultiModalPFN/mmpfn/data/cbis_ddsm/jpeg/1.3.6.1.4.1.9590.100.1.2.213052676211719173330660601650388913349 does not exist, skipping.
Image /home/sgoli125/workspace/research/MultiModalPFN/mmpfn/data/cbis_ddsm/jpeg/1.3.6.1.4.1.9590.100.1.2.213052676211719173330660601650388913349 does not exist, skipping.
Image /home/sgoli125/workspace/research/MultiModalPFN/mmpfn/data/cbis_ddsm/jpeg/1.3.6.1.4.1.9590.100.1.2.301696859311813623408146804861586559693 does not exist, skipping.
Image /home/sgoli125/workspace/research/MultiModalPFN/mmpfn/data/cbis_ddsm/jpeg/1.3.6.1.4.1.9590.100.1.2.290599102412678664220637999921340393700 does not exist, skipping.
Image /home/sgoli125/workspace/research/MultiModalPFN/mmpfn/data/cbis_ddsm/jpeg/1.3.6.1.4.1.9590.100.1.2.290599102412678664220637999921340393700 does not exist, skipping.
Image /home/sgoli125/workspace/research/MultiModalPFN/mmpfn/data/cbis_ddsm/jpeg/1.3.6.1.4.1.9590.100.1.2.417738311511512636014376396132371802556 does not exist, skipping.
Image /home/sgoli125/workspace/research/MultiModalPFN/mmpfn/data/cbis_ddsm/jpeg/1.3.6.1.4.1.9590.100.1.2.30008842612247850737401087151880878572 does not exist, skipping.
Image /home/sgoli125/workspace/research/MultiModalPFN/mmpfn/data/cbis_ddsm/jpeg/1.3.6.1.4.1.9590.100.1.2.30008842612247850737401087151880878572 does not exist, skipping.
Image /home/sgoli125/workspace/research/MultiModalPFN/mmpfn/data/cbis_ddsm/jpeg/1.3.6.1.4.1.9590.100.1.2.239699144512455029431435821391385894486 does not exist, skipping.
Image /home/sgoli125/workspace/research/MultiModalPFN/mmpfn/data/cbis_ddsm/jpeg/1.3.6.1.4.1.9590.100.1.2.277277002311039381819362164753220552653 does not exist, skipping.
Image /home/sgoli125/workspace/research/MultiModalPFN/mmpfn/data/cbis_ddsm/jpeg/1.3.6.1.4.1.9590.100.1.2.277277002311039381819362164753220552653 does not exist, skipping.
Image /home/sgoli125/workspace/research/MultiModalPFN/mmpfn/data/cbis_ddsm/jpeg/1.3.6.1.4.1.9590.100.1.2.362374565310914921540682385160998166344 does not exist, skipping.
Image /home/sgoli125/workspace/research/MultiModalPFN/mmpfn/data/cbis_ddsm/jpeg/1.3.6.1.4.1.9590.100.1.2.24441411111572239633646078913849190930 does not exist, skipping.
Image /home/sgoli125/workspace/research/MultiModalPFN/mmpfn/data/cbis_ddsm/jpeg/1.3.6.1.4.1.9590.100.1.2.24441411111572239633646078913849190930 does not exist, skipping.
Image /home/sgoli125/workspace/research/MultiModalPFN/mmpfn/data/cbis_ddsm/jpeg/1.3.6.1.4.1.9590.100.1.2.250448208412416972132487433473734655011 does not exist, skipping.
Image /home/sgoli125/workspace/research/MultiModalPFN/mmpfn/data/cbis_ddsm/jpeg/1.3.6.1.4.1.9590.100.1.2.250448208412416972132487433473734655011 does not exist, skipping.
Image /home/sgoli125/workspace/research/MultiModalPFN/mmpfn/data/cbis_ddsm/jpeg/1.3.6.1.4.1.9590.100.1.2.264380412611793072831152216401936916723 does not exist, skipping.
Image /home/sgoli125/workspace/research/MultiModalPFN/mmpfn/data/cbis_ddsm/jpeg/1.3.6.1.4.1.9590.100.1.2.264380412611793072831152216401936916723 does not exist, skipping.
Image /home/sgoli125/workspace/research/MultiModalPFN/mmpfn/data/cbis_ddsm/jpeg/1.3.6.1.4.1.9590.100.1.2.304110187711512359019499429443358455571 does not exist, skipping.
Image /home/sgoli125/workspace/research/MultiModalPFN/mmpfn/data/cbis_ddsm/jpeg/1.3.6.1.4.1.9590.100.1.2.234788441113416102718935328080750995740 does not exist, skipping.
Image /home/sgoli125/workspace/research/MultiModalPFN/mmpfn/data/cbis_ddsm/jpeg/1.3.6.1.4.1.9590.100.1.2.221148835811445187335709283083473562096 does not exist, skipping.
Image /home/sgoli125/workspace/research/MultiModalPFN/mmpfn/data/cbis_ddsm/jpeg/1.3.6.1.4.1.9590.100.1.2.221148835811445187335709283083473562096 does not exist, skipping.
Image /home/sgoli125/workspace/research/MultiModalPFN/mmpfn/data/cbis_ddsm/jpeg/1.3.6.1.4.1.9590.100.1.2.405770000712613552327460084591951406869 does not exist, skipping.
Image /home/sgoli125/workspace/research/MultiModalPFN/mmpfn/data/cbis_ddsm/jpeg/1.3.6.1.4.1.9590.100.1.2.280222531513443196312532770822240190715 does not exist, skipping.
Image /home/sgoli125/workspace/research/MultiModalPFN/mmpfn/data/cbis_ddsm/jpeg/1.3.6.1.4.1.9590.100.1.2.280222531513443196312532770822240190715 does not exist, skipping.
Image /home/sgoli125/workspace/research/MultiModalPFN/mmpfn/data/cbis_ddsm/jpeg/1.3.6.1.4.1.9590.100.1.2.43811569113751837527799648241925197121 does not exist, skipping.
Image /home/sgoli125/workspace/research/MultiModalPFN/mmpfn/data/cbis_ddsm/jpeg/1.3.6.1.4.1.9590.100.1.2.306231427610466354735096101303712317796 does not exist, skipping.
Image /home/sgoli125/workspace/research/MultiModalPFN/mmpfn/data/cbis_ddsm/jpeg/1.3.6.1.4.1.9590.100.1.2.306231427610466354735096101303712317796 does not exist, skipping.
Image /home/sgoli125/workspace/research/MultiModalPFN/mmpfn/data/cbis_ddsm/jpeg/1.3.6.1.4.1.9590.100.1.2.261038958613341762712247433262593053162 does not exist, skipping.
Image /home/sgoli125/workspace/research/MultiModalPFN/mmpfn/data/cbis_ddsm/jpeg/1.3.6.1.4.1.9590.100.1.2.261038958613341762712247433262593053162 does not exist, skipping.
Image /home/sgoli125/workspace/research/MultiModalPFN/mmpfn/data/cbis_ddsm/jpeg/1.3.6.1.4.1.9590.100.1.2.239637259111448512942438931633531104407 does not exist, skipping.
Image /home/sgoli125/workspace/research/MultiModalPFN/mmpfn/data/cbis_ddsm/jpeg/1.3.6.1.4.1.9590.100.1.2.239637259111448512942438931633531104407 does not exist, skipping.
Image /home/sgoli125/workspace/research/MultiModalPFN/mmpfn/data/cbis_ddsm/jpeg/1.3.6.1.4.1.9590.100.1.2.52106446513173201929277628250108419748 does not exist, skipping.
Image /home/sgoli125/workspace/research/MultiModalPFN/mmpfn/data/cbis_ddsm/jpeg/1.3.6.1.4.1.9590.100.1.2.216808559312941034119240923160831351862 does not exist, skipping.
Image /home/sgoli125/workspace/research/MultiModalPFN/mmpfn/data/cbis_ddsm/jpeg/1.3.6.1.4.1.9590.100.1.2.402753324511887147632866538332925822323 does not exist, skipping.
Image /home/sgoli125/workspace/research/MultiModalPFN/mmpfn/data/cbis_ddsm/jpeg/1.3.6.1.4.1.9590.100.1.2.402753324511887147632866538332925822323 does not exist, skipping.
Image /home/sgoli125/workspace/research/MultiModalPFN/mmpfn/data/cbis_ddsm/jpeg/1.3.6.1.4.1.9590.100.1.2.281939123812771309139552979462112860567 does not exist, skipping.
Image /home/sgoli125/workspace/research/MultiModalPFN/mmpfn/data/cbis_ddsm/jpeg/1.3.6.1.4.1.9590.100.1.2.375562856012811398002786047282660826148 does not exist, skipping.
Image /home/sgoli125/workspace/research/MultiModalPFN/mmpfn/data/cbis_ddsm/jpeg/1.3.6.1.4.1.9590.100.1.2.375562856012811398002786047282660826148 does not exist, skipping.
Image /home/sgoli125/workspace/research/MultiModalPFN/mmpfn/data/cbis_ddsm/jpeg/1.3.6.1.4.1.9590.100.1.2.392766189012464402104913399043411120417 does not exist, skipping.
Image /home/sgoli125/workspace/research/MultiModalPFN/mmpfn/data/cbis_ddsm/jpeg/1.3.6.1.4.1.9590.100.1.2.290778243011662918019542465640192155310 does not exist, skipping.
Image /home/sgoli125/workspace/research/MultiModalPFN/mmpfn/data/cbis_ddsm/jpeg/1.3.6.1.4.1.9590.100.1.2.290778243011662918019542465640192155310 does not exist, skipping.
Image /home/sgoli125/workspace/research/MultiModalPFN/mmpfn/data/cbis_ddsm/jpeg/1.3.6.1.4.1.9590.100.1.2.24692168112230632325816405941334895785 does not exist, skipping.
Image /home/sgoli125/workspace/research/MultiModalPFN/mmpfn/data/cbis_ddsm/jpeg/1.3.6.1.4.1.9590.100.1.2.288073707011633612204601624823613162088 does not exist, skipping.
Image /home/sgoli125/workspace/research/MultiModalPFN/mmpfn/data/cbis_ddsm/jpeg/1.3.6.1.4.1.9590.100.1.2.288073707011633612204601624823613162088 does not exist, skipping.
Image /home/sgoli125/workspace/research/MultiModalPFN/mmpfn/data/cbis_ddsm/jpeg/1.3.6.1.4.1.9590.100.1.2.332905943312361753638978559090998299992 does not exist, skipping.
Image /home/sgoli125/workspace/research/MultiModalPFN/mmpfn/data/cbis_ddsm/jpeg/1.3.6.1.4.1.9590.100.1.2.936360511151457135028361121849377304 does not exist, skipping.
Image /home/sgoli125/workspace/research/MultiModalPFN/mmpfn/data/cbis_ddsm/jpeg/1.3.6.1.4.1.9590.100.1.2.359055594811353162117419393722126293297 does not exist, skipping.
Image /home/sgoli125/workspace/research/MultiModalPFN/mmpfn/data/cbis_ddsm/jpeg/1.3.6.1.4.1.9590.100.1.2.281552999010634203504275867210830152922 does not exist, skipping.
Image /home/sgoli125/workspace/research/MultiModalPFN/mmpfn/data/cbis_ddsm/jpeg/1.3.6.1.4.1.9590.100.1.2.71376228313754718506040521363727994276 does not exist, skipping.
Image /home/sgoli125/workspace/research/MultiModalPFN/mmpfn/data/cbis_ddsm/jpeg/1.3.6.1.4.1.9590.100.1.2.71376228313754718506040521363727994276 does not exist, skipping.
Image /home/sgoli125/workspace/research/MultiModalPFN/mmpfn/data/cbis_ddsm/jpeg/1.3.6.1.4.1.9590.100.1.2.29107328012513410434278114760541902263 does not exist, skipping.
Image /home/sgoli125/workspace/research/MultiModalPFN/mmpfn/data/cbis_ddsm/jpeg/1.3.6.1.4.1.9590.100.1.2.270615391512904438603136029871346997827 does not exist, skipping.
Image /home/sgoli125/workspace/research/MultiModalPFN/mmpfn/data/cbis_ddsm/jpeg/1.3.6.1.4.1.9590.100.1.2.346025937412185970623503494401058404347 does not exist, skipping.
Image /home/sgoli125/workspace/research/MultiModalPFN/mmpfn/data/cbis_ddsm/jpeg/1.3.6.1.4.1.9590.100.1.2.346025937412185970623503494401058404347 does not exist, skipping.
Image /home/sgoli125/workspace/research/MultiModalPFN/mmpfn/data/cbis_ddsm/jpeg/1.3.6.1.4.1.9590.100.1.2.205325917611740340809857473902592922020 does not exist, skipping.
Image /home/sgoli125/workspace/research/MultiModalPFN/mmpfn/data/cbis_ddsm/jpeg/1.3.6.1.4.1.9590.100.1.2.205325917611740340809857473902592922020 does not exist, skipping.
Image /home/sgoli125/workspace/research/MultiModalPFN/mmpfn/data/cbis_ddsm/jpeg/1.3.6.1.4.1.9590.100.1.2.419780045811507010327582708564022857860 does not exist, skipping.
Image /home/sgoli125/workspace/research/MultiModalPFN/mmpfn/data/cbis_ddsm/jpeg/1.3.6.1.4.1.9590.100.1.2.415818851911516929741887307891682111149 does not exist, skipping.
Image /home/sgoli125/workspace/research/MultiModalPFN/mmpfn/data/cbis_ddsm/jpeg/1.3.6.1.4.1.9590.100.1.2.415818851911516929741887307891682111149 does not exist, skipping.
Image /home/sgoli125/workspace/research/MultiModalPFN/mmpfn/data/cbis_ddsm/jpeg/1.3.6.1.4.1.9590.100.1.2.370244080813430563441816674722318035806 does not exist, skipping.
Image /home/sgoli125/workspace/research/MultiModalPFN/mmpfn/data/cbis_ddsm/jpeg/1.3.6.1.4.1.9590.100.1.2.27980645513718577626150235351487309400 does not exist, skipping.
Image /home/sgoli125/workspace/research/MultiModalPFN/mmpfn/data/cbis_ddsm/jpeg/1.3.6.1.4.1.9590.100.1.2.321083824012327154626625140691881993414 does not exist, skipping.
Image /home/sgoli125/workspace/research/MultiModalPFN/mmpfn/data/cbis_ddsm/jpeg/1.3.6.1.4.1.9590.100.1.2.372474890613185447528754021491583664783 does not exist, skipping.
Image /home/sgoli125/workspace/research/MultiModalPFN/mmpfn/data/cbis_ddsm/jpeg/1.3.6.1.4.1.9590.100.1.2.219786601211502125619330815023883733450 does not exist, skipping.
Image /home/sgoli125/workspace/research/MultiModalPFN/mmpfn/data/cbis_ddsm/jpeg/1.3.6.1.4.1.9590.100.1.2.263343533310852703726885369993108492942 does not exist, skipping.
Image /home/sgoli125/workspace/research/MultiModalPFN/mmpfn/data/cbis_ddsm/jpeg/1.3.6.1.4.1.9590.100.1.2.4535392912042656311972857963053813964 does not exist, skipping.
Image /home/sgoli125/workspace/research/MultiModalPFN/mmpfn/data/cbis_ddsm/jpeg/1.3.6.1.4.1.9590.100.1.2.4535392912042656311972857963053813964 does not exist, skipping.
Image /home/sgoli125/workspace/research/MultiModalPFN/mmpfn/data/cbis_ddsm/jpeg/1.3.6.1.4.1.9590.100.1.2.74932472311162076527539447530289150135 does not exist, skipping.
Image /home/sgoli125/workspace/research/MultiModalPFN/mmpfn/data/cbis_ddsm/jpeg/1.3.6.1.4.1.9590.100.1.2.311132814312615054403783067432154879476 does not exist, skipping.
Image /home/sgoli125/workspace/research/MultiModalPFN/mmpfn/data/cbis_ddsm/jpeg/1.3.6.1.4.1.9590.100.1.2.311132814312615054403783067432154879476 does not exist, skipping.
Image /home/sgoli125/workspace/research/MultiModalPFN/mmpfn/data/cbis_ddsm/jpeg/1.3.6.1.4.1.9590.100.1.2.356931877610857321032718130400679368063 does not exist, skipping.
Image /home/sgoli125/workspace/research/MultiModalPFN/mmpfn/data/cbis_ddsm/jpeg/1.3.6.1.4.1.9590.100.1.2.321456020512188215330994917754090294666 does not exist, skipping.
Image /home/sgoli125/workspace/research/MultiModalPFN/mmpfn/data/cbis_ddsm/jpeg/1.3.6.1.4.1.9590.100.1.2.321456020512188215330994917754090294666 does not exist, skipping.
Image /home/sgoli125/workspace/research/MultiModalPFN/mmpfn/data/cbis_ddsm/jpeg/1.3.6.1.4.1.9590.100.1.2.314221977911924123119371954522119609818 does not exist, skipping.
Image /home/sgoli125/workspace/research/MultiModalPFN/mmpfn/data/cbis_ddsm/jpeg/1.3.6.1.4.1.9590.100.1.2.314221977911924123119371954522119609818 does not exist, skipping.
Image /home/sgoli125/workspace/research/MultiModalPFN/mmpfn/data/cbis_ddsm/jpeg/1.3.6.1.4.1.9590.100.1.2.276902262512802051824543635590451405910 does not exist, skipping.
Image /home/sgoli125/workspace/research/MultiModalPFN/mmpfn/data/cbis_ddsm/jpeg/1.3.6.1.4.1.9590.100.1.2.367734969811831344503025655223069333868 does not exist, skipping.
Image /home/sgoli125/workspace/research/MultiModalPFN/mmpfn/data/cbis_ddsm/jpeg/1.3.6.1.4.1.9590.100.1.2.367734969811831344503025655223069333868 does not exist, skipping.
Image /home/sgoli125/workspace/research/MultiModalPFN/mmpfn/data/cbis_ddsm/jpeg/1.3.6.1.4.1.9590.100.1.2.426618652510161520110925531201795982352 does not exist, skipping.
Image /home/sgoli125/workspace/research/MultiModalPFN/mmpfn/data/cbis_ddsm/jpeg/1.3.6.1.4.1.9590.100.1.2.46763315211922067420083214313714906272 does not exist, skipping.
Image /home/sgoli125/workspace/research/MultiModalPFN/mmpfn/data/cbis_ddsm/jpeg/1.3.6.1.4.1.9590.100.1.2.46763315211922067420083214313714906272 does not exist, skipping.
Image /home/sgoli125/workspace/research/MultiModalPFN/mmpfn/data/cbis_ddsm/jpeg/1.3.6.1.4.1.9590.100.1.2.263474680912073409704056090883907018979 does not exist, skipping.
Image /home/sgoli125/workspace/research/MultiModalPFN/mmpfn/data/cbis_ddsm/jpeg/1.3.6.1.4.1.9590.100.1.2.204074154612858907013394489982087229342 does not exist, skipping.
Image /home/sgoli125/workspace/research/MultiModalPFN/mmpfn/data/cbis_ddsm/jpeg/1.3.6.1.4.1.9590.100.1.2.204074154612858907013394489982087229342 does not exist, skipping.
Image /home/sgoli125/workspace/research/MultiModalPFN/mmpfn/data/cbis_ddsm/jpeg/1.3.6.1.4.1.9590.100.1.2.404051289712034032002348776033776256148 does not exist, skipping.
Image /home/sgoli125/workspace/research/MultiModalPFN/mmpfn/data/cbis_ddsm/jpeg/1.3.6.1.4.1.9590.100.1.2.404051289712034032002348776033776256148 does not exist, skipping.
Image /home/sgoli125/workspace/research/MultiModalPFN/mmpfn/data/cbis_ddsm/jpeg/1.3.6.1.4.1.9590.100.1.2.214159660811754034822231515062693367987 does not exist, skipping.
Image /home/sgoli125/workspace/research/MultiModalPFN/mmpfn/data/cbis_ddsm/jpeg/1.3.6.1.4.1.9590.100.1.2.243004567012003678426923414301966322126 does not exist, skipping.
Image /home/sgoli125/workspace/research/MultiModalPFN/mmpfn/data/cbis_ddsm/jpeg/1.3.6.1.4.1.9590.100.1.2.243004567012003678426923414301966322126 does not exist, skipping.
Image /home/sgoli125/workspace/research/MultiModalPFN/mmpfn/data/cbis_ddsm/jpeg/1.3.6.1.4.1.9590.100.1.2.424360537213320454033303404960587615453 does not exist, skipping.
Image /home/sgoli125/workspace/research/MultiModalPFN/mmpfn/data/cbis_ddsm/jpeg/1.3.6.1.4.1.9590.100.1.2.424360537213320454033303404960587615453 does not exist, skipping.
Image /home/sgoli125/workspace/research/MultiModalPFN/mmpfn/data/cbis_ddsm/jpeg/1.3.6.1.4.1.9590.100.1.2.41591066711621126741928447234250147792 does not exist, skipping.
Image /home/sgoli125/workspace/research/MultiModalPFN/mmpfn/data/cbis_ddsm/jpeg/1.3.6.1.4.1.9590.100.1.2.317162531011841095240854206924099270129 does not exist, skipping.
Image /home/sgoli125/workspace/research/MultiModalPFN/mmpfn/data/cbis_ddsm/jpeg/1.3.6.1.4.1.9590.100.1.2.425607717210627847042692560684257608300 does not exist, skipping.
Image /home/sgoli125/workspace/research/MultiModalPFN/mmpfn/data/cbis_ddsm/jpeg/1.3.6.1.4.1.9590.100.1.2.56869035110310903317304482733636502883 does not exist, skipping.
Image /home/sgoli125/workspace/research/MultiModalPFN/mmpfn/data/cbis_ddsm/jpeg/1.3.6.1.4.1.9590.100.1.2.200394253511150032912987268422492919749 does not exist, skipping.
Image /home/sgoli125/workspace/research/MultiModalPFN/mmpfn/data/cbis_ddsm/jpeg/1.3.6.1.4.1.9590.100.1.2.402667733712709070330721404262541986194 does not exist, skipping.
Image /home/sgoli125/workspace/research/MultiModalPFN/mmpfn/data/cbis_ddsm/jpeg/1.3.6.1.4.1.9590.100.1.2.402667733712709070330721404262541986194 does not exist, skipping.
Image /home/sgoli125/workspace/research/MultiModalPFN/mmpfn/data/cbis_ddsm/jpeg/1.3.6.1.4.1.9590.100.1.2.25285489813247219040077032180322295687 does not exist, skipping.
Image /home/sgoli125/workspace/research/MultiModalPFN/mmpfn/data/cbis_ddsm/jpeg/1.3.6.1.4.1.9590.100.1.2.222906138411408928330759750442477930202 does not exist, skipping.
Image /home/sgoli125/workspace/research/MultiModalPFN/mmpfn/data/cbis_ddsm/jpeg/1.3.6.1.4.1.9590.100.1.2.222906138411408928330759750442477930202 does not exist, skipping.
Image /home/sgoli125/workspace/research/MultiModalPFN/mmpfn/data/cbis_ddsm/jpeg/1.3.6.1.4.1.9590.100.1.2.90198240411430918528890761251995414350 does not exist, skipping.
Image /home/sgoli125/workspace/research/MultiModalPFN/mmpfn/data/cbis_ddsm/jpeg/1.3.6.1.4.1.9590.100.1.2.97125494412626594841780665982419637703 does not exist, skipping.
Image /home/sgoli125/workspace/research/MultiModalPFN/mmpfn/data/cbis_ddsm/jpeg/1.3.6.1.4.1.9590.100.1.2.97125494412626594841780665982419637703 does not exist, skipping.
Image /home/sgoli125/workspace/research/MultiModalPFN/mmpfn/data/cbis_ddsm/jpeg/1.3.6.1.4.1.9590.100.1.2.90198240411430918528890761251995414350 does not exist, skipping.
Image /home/sgoli125/workspace/research/MultiModalPFN/mmpfn/data/cbis_ddsm/jpeg/1.3.6.1.4.1.9590.100.1.2.93214736310245801528234955602638782034 does not exist, skipping.
Image /home/sgoli125/workspace/research/MultiModalPFN/mmpfn/data/cbis_ddsm/jpeg/1.3.6.1.4.1.9590.100.1.2.93214736310245801528234955602638782034 does not exist, skipping.
Image /home/sgoli125/workspace/research/MultiModalPFN/mmpfn/data/cbis_ddsm/jpeg/1.3.6.1.4.1.9590.100.1.2.413118430212032698339890605122396763312 does not exist, skipping.
Image /home/sgoli125/workspace/research/MultiModalPFN/mmpfn/data/cbis_ddsm/jpeg/1.3.6.1.4.1.9590.100.1.2.413118430212032698339890605122396763312 does not exist, skipping.
Image /home/sgoli125/workspace/research/MultiModalPFN/mmpfn/data/cbis_ddsm/jpeg/1.3.6.1.4.1.9590.100.1.2.272097098913135420027012443092785659084 does not exist, skipping.
Image /home/sgoli125/workspace/research/MultiModalPFN/mmpfn/data/cbis_ddsm/jpeg/1.3.6.1.4.1.9590.100.1.2.339485407313131091611051537252619452814 does not exist, skipping.
Image /home/sgoli125/workspace/research/MultiModalPFN/mmpfn/data/cbis_ddsm/jpeg/1.3.6.1.4.1.9590.100.1.2.339485407313131091611051537252619452814 does not exist, skipping.
Image /home/sgoli125/workspace/research/MultiModalPFN/mmpfn/data/cbis_ddsm/jpeg/1.3.6.1.4.1.9590.100.1.2.213474472213933616703682366720906656921 does not exist, skipping.
Image /home/sgoli125/workspace/research/MultiModalPFN/mmpfn/data/cbis_ddsm/jpeg/1.3.6.1.4.1.9590.100.1.2.213474472213933616703682366720906656921 does not exist, skipping.
Image /home/sgoli125/workspace/research/MultiModalPFN/mmpfn/data/cbis_ddsm/jpeg/1.3.6.1.4.1.9590.100.1.2.373282818013134453040222769932510656107 does not exist, skipping.
Image /home/sgoli125/workspace/research/MultiModalPFN/mmpfn/data/cbis_ddsm/jpeg/1.3.6.1.4.1.9590.100.1.2.275816481412474587121235649780524516857 does not exist, skipping.
Image /home/sgoli125/workspace/research/MultiModalPFN/mmpfn/data/cbis_ddsm/jpeg/1.3.6.1.4.1.9590.100.1.2.275816481412474587121235649780524516857 does not exist, skipping.
Image /home/sgoli125/workspace/research/MultiModalPFN/mmpfn/data/cbis_ddsm/jpeg/1.3.6.1.4.1.9590.100.1.2.317176449413138700800177542472279443624 does not exist, skipping.
Image /home/sgoli125/workspace/research/MultiModalPFN/mmpfn/data/cbis_ddsm/jpeg/1.3.6.1.4.1.9590.100.1.2.56696262312007037922690815093594011516 does not exist, skipping.
Image /home/sgoli125/workspace/research/MultiModalPFN/mmpfn/data/cbis_ddsm/jpeg/1.3.6.1.4.1.9590.100.1.2.56696262312007037922690815093594011516 does not exist, skipping.
Image /home/sgoli125/workspace/research/MultiModalPFN/mmpfn/data/cbis_ddsm/jpeg/1.3.6.1.4.1.9590.100.1.2.202765518213070428009124297152832054044 does not exist, skipping.
Image /home/sgoli125/workspace/research/MultiModalPFN/mmpfn/data/cbis_ddsm/jpeg/1.3.6.1.4.1.9590.100.1.2.202765518213070428009124297152832054044 does not exist, skipping.
Image /home/sgoli125/workspace/research/MultiModalPFN/mmpfn/data/cbis_ddsm/jpeg/1.3.6.1.4.1.9590.100.1.2.374607437610450192412402692014231567856 does not exist, skipping.
Image /home/sgoli125/workspace/research/MultiModalPFN/mmpfn/data/cbis_ddsm/jpeg/1.3.6.1.4.1.9590.100.1.2.21093423913849397808180658053188745318 does not exist, skipping.
Image /home/sgoli125/workspace/research/MultiModalPFN/mmpfn/data/cbis_ddsm/jpeg/1.3.6.1.4.1.9590.100.1.2.21093423913849397808180658053188745318 does not exist, skipping.
Image /home/sgoli125/workspace/research/MultiModalPFN/mmpfn/data/cbis_ddsm/jpeg/1.3.6.1.4.1.9590.100.1.2.301547446212111637242487527964023516147 does not exist, skipping.
Image /home/sgoli125/workspace/research/MultiModalPFN/mmpfn/data/cbis_ddsm/jpeg/1.3.6.1.4.1.9590.100.1.2.309298420011968951324703077181333700449 does not exist, skipping.
Image /home/sgoli125/workspace/research/MultiModalPFN/mmpfn/data/cbis_ddsm/jpeg/1.3.6.1.4.1.9590.100.1.2.309298420011968951324703077181333700449 does not exist, skipping.
Image /home/sgoli125/workspace/research/MultiModalPFN/mmpfn/data/cbis_ddsm/jpeg/1.3.6.1.4.1.9590.100.1.2.218791594212238682427463228202109602674 does not exist, skipping.
Image /home/sgoli125/workspace/research/MultiModalPFN/mmpfn/data/cbis_ddsm/jpeg/1.3.6.1.4.1.9590.100.1.2.319931480113384883734462189234286368429 does not exist, skipping.
Image /home/sgoli125/workspace/research/MultiModalPFN/mmpfn/data/cbis_ddsm/jpeg/1.3.6.1.4.1.9590.100.1.2.319931480113384883734462189234286368429 does not exist, skipping.
Image /home/sgoli125/workspace/research/MultiModalPFN/mmpfn/data/cbis_ddsm/jpeg/1.3.6.1.4.1.9590.100.1.2.72375182313138857740330663692636457725 does not exist, skipping.
Image /home/sgoli125/workspace/research/MultiModalPFN/mmpfn/data/cbis_ddsm/jpeg/1.3.6.1.4.1.9590.100.1.2.72375182313138857740330663692636457725 does not exist, skipping.
Image /home/sgoli125/workspace/research/MultiModalPFN/mmpfn/data/cbis_ddsm/jpeg/1.3.6.1.4.1.9590.100.1.2.368633633413567191732341718163131334242 does not exist, skipping.
Image /home/sgoli125/workspace/research/MultiModalPFN/mmpfn/data/cbis_ddsm/jpeg/1.3.6.1.4.1.9590.100.1.2.292928310812924383702655980970585589039 does not exist, skipping.
Image /home/sgoli125/workspace/research/MultiModalPFN/mmpfn/data/cbis_ddsm/jpeg/1.3.6.1.4.1.9590.100.1.2.292928310812924383702655980970585589039 does not exist, skipping.
Image /home/sgoli125/workspace/research/MultiModalPFN/mmpfn/data/cbis_ddsm/jpeg/1.3.6.1.4.1.9590.100.1.2.344919126411162871929480697862514268877 does not exist, skipping.
Image /home/sgoli125/workspace/research/MultiModalPFN/mmpfn/data/cbis_ddsm/jpeg/1.3.6.1.4.1.9590.100.1.2.344919126411162871929480697862514268877 does not exist, skipping.
Image /home/sgoli125/workspace/research/MultiModalPFN/mmpfn/data/cbis_ddsm/jpeg/1.3.6.1.4.1.9590.100.1.2.97526645913163563027314267263876912465 does not exist, skipping.
Image /home/sgoli125/workspace/research/MultiModalPFN/mmpfn/data/cbis_ddsm/jpeg/1.3.6.1.4.1.9590.100.1.2.403334594611625580609333950861386029450 does not exist, skipping.
Image /home/sgoli125/workspace/research/MultiModalPFN/mmpfn/data/cbis_ddsm/jpeg/1.3.6.1.4.1.9590.100.1.2.403334594611625580609333950861386029450 does not exist, skipping.
Image /home/sgoli125/workspace/research/MultiModalPFN/mmpfn/data/cbis_ddsm/jpeg/1.3.6.1.4.1.9590.100.1.2.314897276811732626217434331163305836897 does not exist, skipping.
Image /home/sgoli125/workspace/research/MultiModalPFN/mmpfn/data/cbis_ddsm/jpeg/1.3.6.1.4.1.9590.100.1.2.314897276811732626217434331163305836897 does not exist, skipping.
Image /home/sgoli125/workspace/research/MultiModalPFN/mmpfn/data/cbis_ddsm/jpeg/1.3.6.1.4.1.9590.100.1.2.298507260212876852534436916713961683073 does not exist, skipping.
Image /home/sgoli125/workspace/research/MultiModalPFN/mmpfn/data/cbis_ddsm/jpeg/1.3.6.1.4.1.9590.100.1.2.74426009913010551139890152232809554081 does not exist, skipping.
Image /home/sgoli125/workspace/research/MultiModalPFN/mmpfn/data/cbis_ddsm/jpeg/1.3.6.1.4.1.9590.100.1.2.74426009913010551139890152232809554081 does not exist, skipping.
Image /home/sgoli125/workspace/research/MultiModalPFN/mmpfn/data/cbis_ddsm/jpeg/1.3.6.1.4.1.9590.100.1.2.364959103713402457634303207832780144353 does not exist, skipping.
Image /home/sgoli125/workspace/research/MultiModalPFN/mmpfn/data/cbis_ddsm/jpeg/1.3.6.1.4.1.9590.100.1.2.264165336511378308827175118612166567073 does not exist, skipping.
Image /home/sgoli125/workspace/research/MultiModalPFN/mmpfn/data/cbis_ddsm/jpeg/1.3.6.1.4.1.9590.100.1.2.264165336511378308827175118612166567073 does not exist, skipping.
Image /home/sgoli125/workspace/research/MultiModalPFN/mmpfn/data/cbis_ddsm/jpeg/1.3.6.1.4.1.9590.100.1.2.201382896611083859324943108413230064987 does not exist, skipping.
Image /home/sgoli125/workspace/research/MultiModalPFN/mmpfn/data/cbis_ddsm/jpeg/1.3.6.1.4.1.9590.100.1.2.300168913010010531122616152880919563274 does not exist, skipping.
Image /home/sgoli125/workspace/research/MultiModalPFN/mmpfn/data/cbis_ddsm/jpeg/1.3.6.1.4.1.9590.100.1.2.300168913010010531122616152880919563274 does not exist, skipping.
Image /home/sgoli125/workspace/research/MultiModalPFN/mmpfn/data/cbis_ddsm/jpeg/1.3.6.1.4.1.9590.100.1.2.85914409911351710839139096720265170726 does not exist, skipping.
Image /home/sgoli125/workspace/research/MultiModalPFN/mmpfn/data/cbis_ddsm/jpeg/1.3.6.1.4.1.9590.100.1.2.31146332311125185128443680224251602022 does not exist, skipping.
Image /home/sgoli125/workspace/research/MultiModalPFN/mmpfn/data/cbis_ddsm/jpeg/1.3.6.1.4.1.9590.100.1.2.31146332311125185128443680224251602022 does not exist, skipping.
Image /home/sgoli125/workspace/research/MultiModalPFN/mmpfn/data/cbis_ddsm/jpeg/1.3.6.1.4.1.9590.100.1.2.234125925911759128509279955634086234677 does not exist, skipping.
Image /home/sgoli125/workspace/research/MultiModalPFN/mmpfn/data/cbis_ddsm/jpeg/1.3.6.1.4.1.9590.100.1.2.234125925911759128509279955634086234677 does not exist, skipping.
Image /home/sgoli125/workspace/research/MultiModalPFN/mmpfn/data/cbis_ddsm/jpeg/1.3.6.1.4.1.9590.100.1.2.394792236611156603001230316853617554862 does not exist, skipping.
Image /home/sgoli125/workspace/research/MultiModalPFN/mmpfn/data/cbis_ddsm/jpeg/1.3.6.1.4.1.9590.100.1.2.242333767411984537020160657240396017648 does not exist, skipping.
Image /home/sgoli125/workspace/research/MultiModalPFN/mmpfn/data/cbis_ddsm/jpeg/1.3.6.1.4.1.9590.100.1.2.242333767411984537020160657240396017648 does not exist, skipping.
Image /home/sgoli125/workspace/research/MultiModalPFN/mmpfn/data/cbis_ddsm/jpeg/1.3.6.1.4.1.9590.100.1.2.46561815111905129726185322260150997233 does not exist, skipping.
Image /home/sgoli125/workspace/research/MultiModalPFN/mmpfn/data/cbis_ddsm/jpeg/1.3.6.1.4.1.9590.100.1.2.415599780113847987821170515490799615097 does not exist, skipping.
Image /home/sgoli125/workspace/research/MultiModalPFN/mmpfn/data/cbis_ddsm/jpeg/1.3.6.1.4.1.9590.100.1.2.415599780113847987821170515490799615097 does not exist, skipping.
Image /home/sgoli125/workspace/research/MultiModalPFN/mmpfn/data/cbis_ddsm/jpeg/1.3.6.1.4.1.9590.100.1.2.75037681113414434413596565943901066055 does not exist, skipping.
Image /home/sgoli125/workspace/research/MultiModalPFN/mmpfn/data/cbis_ddsm/jpeg/1.3.6.1.4.1.9590.100.1.2.61134486413720104741240478022432089415 does not exist, skipping.
Image /home/sgoli125/workspace/research/MultiModalPFN/mmpfn/data/cbis_ddsm/jpeg/1.3.6.1.4.1.9590.100.1.2.61134486413720104741240478022432089415 does not exist, skipping.
Image /home/sgoli125/workspace/research/MultiModalPFN/mmpfn/data/cbis_ddsm/jpeg/1.3.6.1.4.1.9590.100.1.2.368423311610709251509543945323964628326 does not exist, skipping.
Image /home/sgoli125/workspace/research/MultiModalPFN/mmpfn/data/cbis_ddsm/jpeg/1.3.6.1.4.1.9590.100.1.2.79751022311016364115033888140024418404 does not exist, skipping.
Image /home/sgoli125/workspace/research/MultiModalPFN/mmpfn/data/cbis_ddsm/jpeg/1.3.6.1.4.1.9590.100.1.2.79751022311016364115033888140024418404 does not exist, skipping.
Image /home/sgoli125/workspace/research/MultiModalPFN/mmpfn/data/cbis_ddsm/jpeg/1.3.6.1.4.1.9590.100.1.2.90602848313759785130049921532022276793 does not exist, skipping.
Image /home/sgoli125/workspace/research/MultiModalPFN/mmpfn/data/cbis_ddsm/jpeg/1.3.6.1.4.1.9590.100.1.2.388552042112872451433554866150181160738 does not exist, skipping.
Image /home/sgoli125/workspace/research/MultiModalPFN/mmpfn/data/cbis_ddsm/jpeg/1.3.6.1.4.1.9590.100.1.2.388552042112872451433554866150181160738 does not exist, skipping.
Image /home/sgoli125/workspace/research/MultiModalPFN/mmpfn/data/cbis_ddsm/jpeg/1.3.6.1.4.1.9590.100.1.2.20484873411226398441505081963489840220 does not exist, skipping.
Image /home/sgoli125/workspace/research/MultiModalPFN/mmpfn/data/cbis_ddsm/jpeg/1.3.6.1.4.1.9590.100.1.2.338614085111610104705591451241318548373 does not exist, skipping.
Image /home/sgoli125/workspace/research/MultiModalPFN/mmpfn/data/cbis_ddsm/jpeg/1.3.6.1.4.1.9590.100.1.2.338614085111610104705591451241318548373 does not exist, skipping.
Image /home/sgoli125/workspace/research/MultiModalPFN/mmpfn/data/cbis_ddsm/jpeg/1.3.6.1.4.1.9590.100.1.2.290107355212005678136811137841887954302 does not exist, skipping.
Image /home/sgoli125/workspace/research/MultiModalPFN/mmpfn/data/cbis_ddsm/jpeg/1.3.6.1.4.1.9590.100.1.2.371077340510314946106959896322442074381 does not exist, skipping.
Image /home/sgoli125/workspace/research/MultiModalPFN/mmpfn/data/cbis_ddsm/jpeg/1.3.6.1.4.1.9590.100.1.2.371077340510314946106959896322442074381 does not exist, skipping.
Image /home/sgoli125/workspace/research/MultiModalPFN/mmpfn/data/cbis_ddsm/jpeg/1.3.6.1.4.1.9590.100.1.2.332254584812646289804869288221181443754 does not exist, skipping.
Image /home/sgoli125/workspace/research/MultiModalPFN/mmpfn/data/cbis_ddsm/jpeg/1.3.6.1.4.1.9590.100.1.2.332254584812646289804869288221181443754 does not exist, skipping.
Image /home/sgoli125/workspace/research/MultiModalPFN/mmpfn/data/cbis_ddsm/jpeg/1.3.6.1.4.1.9590.100.1.2.82651895413212185029290792021771919265 does not exist, skipping.
Image /home/sgoli125/workspace/research/MultiModalPFN/mmpfn/data/cbis_ddsm/jpeg/1.3.6.1.4.1.9590.100.1.2.82651895413212185029290792021771919265 does not exist, skipping.
Image /home/sgoli125/workspace/research/MultiModalPFN/mmpfn/data/cbis_ddsm/jpeg/1.3.6.1.4.1.9590.100.1.2.298305589613887990811414647062323223458 does not exist, skipping.
Image /home/sgoli125/workspace/research/MultiModalPFN/mmpfn/data/cbis_ddsm/jpeg/1.3.6.1.4.1.9590.100.1.2.219786085412672570526863064791404952375 does not exist, skipping.
Image /home/sgoli125/workspace/research/MultiModalPFN/mmpfn/data/cbis_ddsm/jpeg/1.3.6.1.4.1.9590.100.1.2.219786085412672570526863064791404952375 does not exist, skipping.
Image /home/sgoli125/workspace/research/MultiModalPFN/mmpfn/data/cbis_ddsm/jpeg/1.3.6.1.4.1.9590.100.1.2.298305589613887990811414647062323223458 does not exist, skipping.
Image /home/sgoli125/workspace/research/MultiModalPFN/mmpfn/data/cbis_ddsm/jpeg/1.3.6.1.4.1.9590.100.1.2.75793970312492991420380916734091769265 does not exist, skipping.
Image /home/sgoli125/workspace/research/MultiModalPFN/mmpfn/data/cbis_ddsm/jpeg/1.3.6.1.4.1.9590.100.1.2.75793970312492991420380916734091769265 does not exist, skipping.
Image /home/sgoli125/workspace/research/MultiModalPFN/mmpfn/data/cbis_ddsm/jpeg/1.3.6.1.4.1.9590.100.1.2.298305589613887990811414647062323223458 does not exist, skipping.
Image /home/sgoli125/workspace/research/MultiModalPFN/mmpfn/data/cbis_ddsm/jpeg/1.3.6.1.4.1.9590.100.1.2.236210654812950462116291505922875571813 does not exist, skipping.
Image /home/sgoli125/workspace/research/MultiModalPFN/mmpfn/data/cbis_ddsm/jpeg/1.3.6.1.4.1.9590.100.1.2.236210654812950462116291505922875571813 does not exist, skipping.
Image /home/sgoli125/workspace/research/MultiModalPFN/mmpfn/data/cbis_ddsm/jpeg/1.3.6.1.4.1.9590.100.1.2.399227192711656972900812975412258786876 does not exist, skipping.
Image /home/sgoli125/workspace/research/MultiModalPFN/mmpfn/data/cbis_ddsm/jpeg/1.3.6.1.4.1.9590.100.1.2.58165654512334946416852640461650981142 does not exist, skipping.
Image /home/sgoli125/workspace/research/MultiModalPFN/mmpfn/data/cbis_ddsm/jpeg/1.3.6.1.4.1.9590.100.1.2.387892329911122156220213116652114262348 does not exist, skipping.
Image /home/sgoli125/workspace/research/MultiModalPFN/mmpfn/data/cbis_ddsm/jpeg/1.3.6.1.4.1.9590.100.1.2.353883475513529202022645119093614008591 does not exist, skipping.
Image /home/sgoli125/workspace/research/MultiModalPFN/mmpfn/data/cbis_ddsm/jpeg/1.3.6.1.4.1.9590.100.1.2.41242578511166904120271835112645844633 does not exist, skipping.
Image /home/sgoli125/workspace/research/MultiModalPFN/mmpfn/data/cbis_ddsm/jpeg/1.3.6.1.4.1.9590.100.1.2.41242578511166904120271835112645844633 does not exist, skipping.
Image /home/sgoli125/workspace/research/MultiModalPFN/mmpfn/data/cbis_ddsm/jpeg/1.3.6.1.4.1.9590.100.1.2.421580199311006857130512142331396933931 does not exist, skipping.
Image /home/sgoli125/workspace/research/MultiModalPFN/mmpfn/data/cbis_ddsm/jpeg/1.3.6.1.4.1.9590.100.1.2.40889055612595821633902040671567155604 does not exist, skipping.
Image /home/sgoli125/workspace/research/MultiModalPFN/mmpfn/data/cbis_ddsm/jpeg/1.3.6.1.4.1.9590.100.1.2.206334420011651684642476783962911634706 does not exist, skipping.
Image /home/sgoli125/workspace/research/MultiModalPFN/mmpfn/data/cbis_ddsm/jpeg/1.3.6.1.4.1.9590.100.1.2.206334420011651684642476783962911634706 does not exist, skipping.
Image /home/sgoli125/workspace/research/MultiModalPFN/mmpfn/data/cbis_ddsm/jpeg/1.3.6.1.4.1.9590.100.1.2.357042118811454978137017980193876327422 does not exist, skipping.
Image /home/sgoli125/workspace/research/MultiModalPFN/mmpfn/data/cbis_ddsm/jpeg/1.3.6.1.4.1.9590.100.1.2.65984870112945811706314172412140168258 does not exist, skipping.
Image /home/sgoli125/workspace/research/MultiModalPFN/mmpfn/data/cbis_ddsm/jpeg/1.3.6.1.4.1.9590.100.1.2.65984870112945811706314172412140168258 does not exist, skipping.
Image /home/sgoli125/workspace/research/MultiModalPFN/mmpfn/data/cbis_ddsm/jpeg/1.3.6.1.4.1.9590.100.1.2.279666226210650225509580929620399369732 does not exist, skipping.
Image /home/sgoli125/workspace/research/MultiModalPFN/mmpfn/data/cbis_ddsm/jpeg/1.3.6.1.4.1.9590.100.1.2.64449010012133550127454406871411755704 does not exist, skipping.
Image /home/sgoli125/workspace/research/MultiModalPFN/mmpfn/data/cbis_ddsm/jpeg/1.3.6.1.4.1.9590.100.1.2.64449010012133550127454406871411755704 does not exist, skipping.
Image /home/sgoli125/workspace/research/MultiModalPFN/mmpfn/data/cbis_ddsm/jpeg/1.3.6.1.4.1.9590.100.1.2.218263190511090313139086250803890584117 does not exist, skipping.
Image /home/sgoli125/workspace/research/MultiModalPFN/mmpfn/data/cbis_ddsm/jpeg/1.3.6.1.4.1.9590.100.1.2.218263190511090313139086250803890584117 does not exist, skipping.
Image /home/sgoli125/workspace/research/MultiModalPFN/mmpfn/data/cbis_ddsm/jpeg/1.3.6.1.4.1.9590.100.1.2.8129857712082768610081701130504033635 does not exist, skipping.
Image /home/sgoli125/workspace/research/MultiModalPFN/mmpfn/data/cbis_ddsm/jpeg/1.3.6.1.4.1.9590.100.1.2.8129857712082768610081701130504033635 does not exist, skipping.
Image /home/sgoli125/workspace/research/MultiModalPFN/mmpfn/data/cbis_ddsm/jpeg/1.3.6.1.4.1.9590.100.1.2.47970571410947468918537931823160772974 does not exist, skipping.
Image /home/sgoli125/workspace/research/MultiModalPFN/mmpfn/data/cbis_ddsm/jpeg/1.3.6.1.4.1.9590.100.1.2.285873738512958383635569839790233989111 does not exist, skipping.
Image /home/sgoli125/workspace/research/MultiModalPFN/mmpfn/data/cbis_ddsm/jpeg/1.3.6.1.4.1.9590.100.1.2.285873738512958383635569839790233989111 does not exist, skipping.
Image /home/sgoli125/workspace/research/MultiModalPFN/mmpfn/data/cbis_ddsm/jpeg/1.3.6.1.4.1.9590.100.1.2.408841612911259188639006846810670253077 does not exist, skipping.
Image /home/sgoli125/workspace/research/MultiModalPFN/mmpfn/data/cbis_ddsm/jpeg/1.3.6.1.4.1.9590.100.1.2.359948563313211921203994090300862857070 does not exist, skipping.
Image /home/sgoli125/workspace/research/MultiModalPFN/mmpfn/data/cbis_ddsm/jpeg/1.3.6.1.4.1.9590.100.1.2.220579965111830629239765413404166804746 does not exist, skipping.
Image /home/sgoli125/workspace/research/MultiModalPFN/mmpfn/data/cbis_ddsm/jpeg/1.3.6.1.4.1.9590.100.1.2.220579965111830629239765413404166804746 does not exist, skipping.
Image /home/sgoli125/workspace/research/MultiModalPFN/mmpfn/data/cbis_ddsm/jpeg/1.3.6.1.4.1.9590.100.1.2.205511598611003411919109543732877893058 does not exist, skipping.
Image /home/sgoli125/workspace/research/MultiModalPFN/mmpfn/data/cbis_ddsm/jpeg/1.3.6.1.4.1.9590.100.1.2.6781346310613559703325367271392651563 does not exist, skipping.
Image /home/sgoli125/workspace/research/MultiModalPFN/mmpfn/data/cbis_ddsm/jpeg/1.3.6.1.4.1.9590.100.1.2.6781346310613559703325367271392651563 does not exist, skipping.
Image /home/sgoli125/workspace/research/MultiModalPFN/mmpfn/data/cbis_ddsm/jpeg/1.3.6.1.4.1.9590.100.1.2.421436688110530382318532714612234951986 does not exist, skipping.
Image /home/sgoli125/workspace/research/MultiModalPFN/mmpfn/data/cbis_ddsm/jpeg/1.3.6.1.4.1.9590.100.1.2.232620134712562493930207115944049234725 does not exist, skipping.
Image /home/sgoli125/workspace/research/MultiModalPFN/mmpfn/data/cbis_ddsm/jpeg/1.3.6.1.4.1.9590.100.1.2.225996552111851845434924545761968430242 does not exist, skipping.
Image /home/sgoli125/workspace/research/MultiModalPFN/mmpfn/data/cbis_ddsm/jpeg/1.3.6.1.4.1.9590.100.1.2.370598794211459951828306313591623840040 does not exist, skipping.
Image /home/sgoli125/workspace/research/MultiModalPFN/mmpfn/data/cbis_ddsm/jpeg/1.3.6.1.4.1.9590.100.1.2.259589443513802585341980110693951753638 does not exist, skipping.
Image /home/sgoli125/workspace/research/MultiModalPFN/mmpfn/data/cbis_ddsm/jpeg/1.3.6.1.4.1.9590.100.1.2.315125145610617342117509244450818889685 does not exist, skipping.
Image /home/sgoli125/workspace/research/MultiModalPFN/mmpfn/data/cbis_ddsm/jpeg/1.3.6.1.4.1.9590.100.1.2.315125145610617342117509244450818889685 does not exist, skipping.
Image /home/sgoli125/workspace/research/MultiModalPFN/mmpfn/data/cbis_ddsm/jpeg/1.3.6.1.4.1.9590.100.1.2.66788666413737386311980445843426083308 does not exist, skipping.
Image /home/sgoli125/workspace/research/MultiModalPFN/mmpfn/data/cbis_ddsm/jpeg/1.3.6.1.4.1.9590.100.1.2.229410639013050113838908876153928200855 does not exist, skipping.
Image /home/sgoli125/workspace/research/MultiModalPFN/mmpfn/data/cbis_ddsm/jpeg/1.3.6.1.4.1.9590.100.1.2.229410639013050113838908876153928200855 does not exist, skipping.
Image /home/sgoli125/workspace/research/MultiModalPFN/mmpfn/data/cbis_ddsm/jpeg/1.3.6.1.4.1.9590.100.1.2.258863389812808483140653180783818293753 does not exist, skipping.
Image /home/sgoli125/workspace/research/MultiModalPFN/mmpfn/data/cbis_ddsm/jpeg/1.3.6.1.4.1.9590.100.1.2.39603669310727873713809627273528862680 does not exist, skipping.
Image /home/sgoli125/workspace/research/MultiModalPFN/mmpfn/data/cbis_ddsm/jpeg/1.3.6.1.4.1.9590.100.1.2.39603669310727873713809627273528862680 does not exist, skipping.
Image /home/sgoli125/workspace/research/MultiModalPFN/mmpfn/data/cbis_ddsm/jpeg/1.3.6.1.4.1.9590.100.1.2.416588203912230930803733548970532654845 does not exist, skipping.
Image /home/sgoli125/workspace/research/MultiModalPFN/mmpfn/data/cbis_ddsm/jpeg/1.3.6.1.4.1.9590.100.1.2.4869530710588322027442026840233668878 does not exist, skipping.
Image /home/sgoli125/workspace/research/MultiModalPFN/mmpfn/data/cbis_ddsm/jpeg/1.3.6.1.4.1.9590.100.1.2.4869530710588322027442026840233668878 does not exist, skipping.
Image /home/sgoli125/workspace/research/MultiModalPFN/mmpfn/data/cbis_ddsm/jpeg/1.3.6.1.4.1.9590.100.1.2.319642581411907925228892125712362924398 does not exist, skipping.
Image /home/sgoli125/workspace/research/MultiModalPFN/mmpfn/data/cbis_ddsm/jpeg/1.3.6.1.4.1.9590.100.1.2.419693335212592652111375031130369585743 does not exist, skipping.
Image /home/sgoli125/workspace/research/MultiModalPFN/mmpfn/data/cbis_ddsm/jpeg/1.3.6.1.4.1.9590.100.1.2.30428481712471095922646734601756667255 does not exist, skipping.
Image /home/sgoli125/workspace/research/MultiModalPFN/mmpfn/data/cbis_ddsm/jpeg/1.3.6.1.4.1.9590.100.1.2.30428481712471095922646734601756667255 does not exist, skipping.
Image /home/sgoli125/workspace/research/MultiModalPFN/mmpfn/data/cbis_ddsm/jpeg/1.3.6.1.4.1.9590.100.1.2.33118281113515373820462752283931435411 does not exist, skipping.
Image /home/sgoli125/workspace/research/MultiModalPFN/mmpfn/data/cbis_ddsm/jpeg/1.3.6.1.4.1.9590.100.1.2.318639281112853501739829339283535805827 does not exist, skipping.
Image /home/sgoli125/workspace/research/MultiModalPFN/mmpfn/data/cbis_ddsm/jpeg/1.3.6.1.4.1.9590.100.1.2.318639281112853501739829339283535805827 does not exist, skipping.
Image /home/sgoli125/workspace/research/MultiModalPFN/mmpfn/data/cbis_ddsm/jpeg/1.3.6.1.4.1.9590.100.1.2.82903392611205160427267347513807008950 does not exist, skipping.
Image /home/sgoli125/workspace/research/MultiModalPFN/mmpfn/data/cbis_ddsm/jpeg/1.3.6.1.4.1.9590.100.1.2.384273088213821973327226466740486900428 does not exist, skipping.
Image /home/sgoli125/workspace/research/MultiModalPFN/mmpfn/data/cbis_ddsm/jpeg/1.3.6.1.4.1.9590.100.1.2.384273088213821973327226466740486900428 does not exist, skipping.
Image /home/sgoli125/workspace/research/MultiModalPFN/mmpfn/data/cbis_ddsm/jpeg/1.3.6.1.4.1.9590.100.1.2.197183062612336894339052914473237104562 does not exist, skipping.
Image /home/sgoli125/workspace/research/MultiModalPFN/mmpfn/data/cbis_ddsm/jpeg/1.3.6.1.4.1.9590.100.1.2.68600592610457782338255412980087952098 does not exist, skipping.
Image /home/sgoli125/workspace/research/MultiModalPFN/mmpfn/data/cbis_ddsm/jpeg/1.3.6.1.4.1.9590.100.1.2.68600592610457782338255412980087952098 does not exist, skipping.
Image /home/sgoli125/workspace/research/MultiModalPFN/mmpfn/data/cbis_ddsm/jpeg/1.3.6.1.4.1.9590.100.1.2.37120015611447203329847937293131880787 does not exist, skipping.
Image /home/sgoli125/workspace/research/MultiModalPFN/mmpfn/data/cbis_ddsm/jpeg/1.3.6.1.4.1.9590.100.1.2.199005767212223773921286388623353523436 does not exist, skipping.
Image /home/sgoli125/workspace/research/MultiModalPFN/mmpfn/data/cbis_ddsm/jpeg/1.3.6.1.4.1.9590.100.1.2.199005767212223773921286388623353523436 does not exist, skipping.
Image /home/sgoli125/workspace/research/MultiModalPFN/mmpfn/data/cbis_ddsm/jpeg/1.3.6.1.4.1.9590.100.1.2.313682847911250302434198294310098204465 does not exist, skipping.
Image /home/sgoli125/workspace/research/MultiModalPFN/mmpfn/data/cbis_ddsm/jpeg/1.3.6.1.4.1.9590.100.1.2.37780003410078783314486532443985436571 does not exist, skipping.
Image /home/sgoli125/workspace/research/MultiModalPFN/mmpfn/data/cbis_ddsm/jpeg/1.3.6.1.4.1.9590.100.1.2.37780003410078783314486532443985436571 does not exist, skipping.
Image /home/sgoli125/workspace/research/MultiModalPFN/mmpfn/data/cbis_ddsm/jpeg/1.3.6.1.4.1.9590.100.1.2.261563112911930807513350544711445999750 does not exist, skipping.
Image /home/sgoli125/workspace/research/MultiModalPFN/mmpfn/data/cbis_ddsm/jpeg/1.3.6.1.4.1.9590.100.1.2.261563112911930807513350544711445999750 does not exist, skipping.
Image /home/sgoli125/workspace/research/MultiModalPFN/mmpfn/data/cbis_ddsm/jpeg/1.3.6.1.4.1.9590.100.1.2.384230288812014056638282661370745913119 does not exist, skipping.
Image /home/sgoli125/workspace/research/MultiModalPFN/mmpfn/data/cbis_ddsm/jpeg/1.3.6.1.4.1.9590.100.1.2.252002833411214662214987930900134701246 does not exist, skipping.
Image /home/sgoli125/workspace/research/MultiModalPFN/mmpfn/data/cbis_ddsm/jpeg/1.3.6.1.4.1.9590.100.1.2.252002833411214662214987930900134701246 does not exist, skipping.
Image /home/sgoli125/workspace/research/MultiModalPFN/mmpfn/data/cbis_ddsm/jpeg/1.3.6.1.4.1.9590.100.1.2.346123264111128140504983520282211141487 does not exist, skipping.
Image /home/sgoli125/workspace/research/MultiModalPFN/mmpfn/data/cbis_ddsm/jpeg/1.3.6.1.4.1.9590.100.1.2.346123264111128140504983520282211141487 does not exist, skipping.
Image /home/sgoli125/workspace/research/MultiModalPFN/mmpfn/data/cbis_ddsm/jpeg/1.3.6.1.4.1.9590.100.1.2.207632702411522848620884565831189842000 does not exist, skipping.
Image /home/sgoli125/workspace/research/MultiModalPFN/mmpfn/data/cbis_ddsm/jpeg/1.3.6.1.4.1.9590.100.1.2.55139245312341358440631658270839855724 does not exist, skipping.
Image /home/sgoli125/workspace/research/MultiModalPFN/mmpfn/data/cbis_ddsm/jpeg/1.3.6.1.4.1.9590.100.1.2.55139245312341358440631658270839855724 does not exist, skipping.
Image /home/sgoli125/workspace/research/MultiModalPFN/mmpfn/data/cbis_ddsm/jpeg/1.3.6.1.4.1.9590.100.1.2.38336269812202038625768132420955448811 does not exist, skipping.
Image /home/sgoli125/workspace/research/MultiModalPFN/mmpfn/data/cbis_ddsm/jpeg/1.3.6.1.4.1.9590.100.1.2.368399442311638014605380471312770309960 does not exist, skipping.
Image /home/sgoli125/workspace/research/MultiModalPFN/mmpfn/data/cbis_ddsm/jpeg/1.3.6.1.4.1.9590.100.1.2.368399442311638014605380471312770309960 does not exist, skipping.
Image /home/sgoli125/workspace/research/MultiModalPFN/mmpfn/data/cbis_ddsm/jpeg/1.3.6.1.4.1.9590.100.1.2.44363690310294082012120290633695247705 does not exist, skipping.
Image /home/sgoli125/workspace/research/MultiModalPFN/mmpfn/data/cbis_ddsm/jpeg/1.3.6.1.4.1.9590.100.1.2.36825032713107530300938213160028717974 does not exist, skipping.
Image /home/sgoli125/workspace/research/MultiModalPFN/mmpfn/data/cbis_ddsm/jpeg/1.3.6.1.4.1.9590.100.1.2.294923555711603100631051344774030253459 does not exist, skipping.
Image /home/sgoli125/workspace/research/MultiModalPFN/mmpfn/data/cbis_ddsm/jpeg/1.3.6.1.4.1.9590.100.1.2.294923555711603100631051344774030253459 does not exist, skipping.
Image /home/sgoli125/workspace/research/MultiModalPFN/mmpfn/data/cbis_ddsm/jpeg/1.3.6.1.4.1.9590.100.1.2.200120724512491127431807105723919337841 does not exist, skipping.
Image /home/sgoli125/workspace/research/MultiModalPFN/mmpfn/data/cbis_ddsm/jpeg/1.3.6.1.4.1.9590.100.1.2.265708461310696308514982120193169816782 does not exist, skipping.
Image /home/sgoli125/workspace/research/MultiModalPFN/mmpfn/data/cbis_ddsm/jpeg/1.3.6.1.4.1.9590.100.1.2.265708461310696308514982120193169816782 does not exist, skipping.
Image /home/sgoli125/workspace/research/MultiModalPFN/mmpfn/data/cbis_ddsm/jpeg/1.3.6.1.4.1.9590.100.1.2.231315678913343926700267468040740491805 does not exist, skipping.
Image /home/sgoli125/workspace/research/MultiModalPFN/mmpfn/data/cbis_ddsm/jpeg/1.3.6.1.4.1.9590.100.1.2.323949048611703748025860717293723528198 does not exist, skipping.
Image /home/sgoli125/workspace/research/MultiModalPFN/mmpfn/data/cbis_ddsm/jpeg/1.3.6.1.4.1.9590.100.1.2.323949048611703748025860717293723528198 does not exist, skipping.
Image /home/sgoli125/workspace/research/MultiModalPFN/mmpfn/data/cbis_ddsm/jpeg/1.3.6.1.4.1.9590.100.1.2.266133570313100849523783768411170795888 does not exist, skipping.
Image /home/sgoli125/workspace/research/MultiModalPFN/mmpfn/data/cbis_ddsm/jpeg/1.3.6.1.4.1.9590.100.1.2.423122789810318666114907345010008880087 does not exist, skipping.
Image /home/sgoli125/workspace/research/MultiModalPFN/mmpfn/data/cbis_ddsm/jpeg/1.3.6.1.4.1.9590.100.1.2.423122789810318666114907345010008880087 does not exist, skipping.
Image /home/sgoli125/workspace/research/MultiModalPFN/mmpfn/data/cbis_ddsm/jpeg/1.3.6.1.4.1.9590.100.1.2.73759634312857778001096731370099555585 does not exist, skipping.
Image /home/sgoli125/workspace/research/MultiModalPFN/mmpfn/data/cbis_ddsm/jpeg/1.3.6.1.4.1.9590.100.1.2.236812839312613914436445183062633981411 does not exist, skipping.
Image /home/sgoli125/workspace/research/MultiModalPFN/mmpfn/data/cbis_ddsm/jpeg/1.3.6.1.4.1.9590.100.1.2.236812839312613914436445183062633981411 does not exist, skipping.
Image /home/sgoli125/workspace/research/MultiModalPFN/mmpfn/data/cbis_ddsm/jpeg/1.3.6.1.4.1.9590.100.1.2.33275657312025044007406675412374611758 does not exist, skipping.
Image /home/sgoli125/workspace/research/MultiModalPFN/mmpfn/data/cbis_ddsm/jpeg/1.3.6.1.4.1.9590.100.1.2.59807174411461248123448447121065500011 does not exist, skipping.
Image /home/sgoli125/workspace/research/MultiModalPFN/mmpfn/data/cbis_ddsm/jpeg/1.3.6.1.4.1.9590.100.1.2.59807174411461248123448447121065500011 does not exist, skipping.
Image /home/sgoli125/workspace/research/MultiModalPFN/mmpfn/data/cbis_ddsm/jpeg/1.3.6.1.4.1.9590.100.1.2.334990521712557380400420548343565530362 does not exist, skipping.
Image /home/sgoli125/workspace/research/MultiModalPFN/mmpfn/data/cbis_ddsm/jpeg/1.3.6.1.4.1.9590.100.1.2.20764198012765453140314285331863169759 does not exist, skipping.
Image /home/sgoli125/workspace/research/MultiModalPFN/mmpfn/data/cbis_ddsm/jpeg/1.3.6.1.4.1.9590.100.1.2.20874139512932815023227245271101732069 does not exist, skipping.
Image /home/sgoli125/workspace/research/MultiModalPFN/mmpfn/data/cbis_ddsm/jpeg/1.3.6.1.4.1.9590.100.1.2.4164835311517392213293157733287891901 does not exist, skipping.
Image /home/sgoli125/workspace/research/MultiModalPFN/mmpfn/data/cbis_ddsm/jpeg/1.3.6.1.4.1.9590.100.1.2.414429234712013729427871824732085645085 does not exist, skipping.
Image /home/sgoli125/workspace/research/MultiModalPFN/mmpfn/data/cbis_ddsm/jpeg/1.3.6.1.4.1.9590.100.1.2.334693589113039749800224016960397720534 does not exist, skipping.
Image /home/sgoli125/workspace/research/MultiModalPFN/mmpfn/data/cbis_ddsm/jpeg/1.3.6.1.4.1.9590.100.1.2.334693589113039749800224016960397720534 does not exist, skipping.
Image /home/sgoli125/workspace/research/MultiModalPFN/mmpfn/data/cbis_ddsm/jpeg/1.3.6.1.4.1.9590.100.1.2.395876256210876745215504037474275317920 does not exist, skipping.
Image /home/sgoli125/workspace/research/MultiModalPFN/mmpfn/data/cbis_ddsm/jpeg/1.3.6.1.4.1.9590.100.1.2.90695764111723703412620865451665909775 does not exist, skipping.
Image /home/sgoli125/workspace/research/MultiModalPFN/mmpfn/data/cbis_ddsm/jpeg/1.3.6.1.4.1.9590.100.1.2.90695764111723703412620865451665909775 does not exist, skipping.
Image /home/sgoli125/workspace/research/MultiModalPFN/mmpfn/data/cbis_ddsm/jpeg/1.3.6.1.4.1.9590.100.1.2.82820912112611667726930968340582196338 does not exist, skipping.
Image /home/sgoli125/workspace/research/MultiModalPFN/mmpfn/data/cbis_ddsm/jpeg/1.3.6.1.4.1.9590.100.1.2.383106931112571205227813146982972889681 does not exist, skipping.
Image /home/sgoli125/workspace/research/MultiModalPFN/mmpfn/data/cbis_ddsm/jpeg/1.3.6.1.4.1.9590.100.1.2.383106931112571205227813146982972889681 does not exist, skipping.
Image /home/sgoli125/workspace/research/MultiModalPFN/mmpfn/data/cbis_ddsm/jpeg/1.3.6.1.4.1.9590.100.1.2.335669463311269708800120410964260704921 does not exist, skipping.
Image /home/sgoli125/workspace/research/MultiModalPFN/mmpfn/data/cbis_ddsm/jpeg/1.3.6.1.4.1.9590.100.1.2.49977394510506691323822314820726848235 does not exist, skipping.
Image /home/sgoli125/workspace/research/MultiModalPFN/mmpfn/data/cbis_ddsm/jpeg/1.3.6.1.4.1.9590.100.1.2.258205234011253354420536173230225208216 does not exist, skipping.
Image /home/sgoli125/workspace/research/MultiModalPFN/mmpfn/data/cbis_ddsm/jpeg/1.3.6.1.4.1.9590.100.1.2.258205234011253354420536173230225208216 does not exist, skipping.
Image /home/sgoli125/workspace/research/MultiModalPFN/mmpfn/data/cbis_ddsm/jpeg/1.3.6.1.4.1.9590.100.1.2.348229540412934115816134742291188866126 does not exist, skipping.
Image /home/sgoli125/workspace/research/MultiModalPFN/mmpfn/data/cbis_ddsm/jpeg/1.3.6.1.4.1.9590.100.1.2.211454300312749482235439446092993818317 does not exist, skipping.
Image /home/sgoli125/workspace/research/MultiModalPFN/mmpfn/data/cbis_ddsm/jpeg/1.3.6.1.4.1.9590.100.1.2.382971804611642572936685577203118397224 does not exist, skipping.
Image /home/sgoli125/workspace/research/MultiModalPFN/mmpfn/data/cbis_ddsm/jpeg/1.3.6.1.4.1.9590.100.1.2.366380199312149445220426062372662360356 does not exist, skipping.
Image /home/sgoli125/workspace/research/MultiModalPFN/mmpfn/data/cbis_ddsm/jpeg/1.3.6.1.4.1.9590.100.1.2.423381440611407931423565073193041412507 does not exist, skipping.
Image /home/sgoli125/workspace/research/MultiModalPFN/mmpfn/data/cbis_ddsm/jpeg/1.3.6.1.4.1.9590.100.1.2.261488099311480249940936912860154272271 does not exist, skipping.
Image /home/sgoli125/workspace/research/MultiModalPFN/mmpfn/data/cbis_ddsm/jpeg/1.3.6.1.4.1.9590.100.1.2.261488099311480249940936912860154272271 does not exist, skipping.
Image /home/sgoli125/workspace/research/MultiModalPFN/mmpfn/data/cbis_ddsm/jpeg/1.3.6.1.4.1.9590.100.1.2.322667976213415973414521161391249353390 does not exist, skipping.
Image /home/sgoli125/workspace/research/MultiModalPFN/mmpfn/data/cbis_ddsm/jpeg/1.3.6.1.4.1.9590.100.1.2.223637762012707317605195306331476726623 does not exist, skipping.
Image /home/sgoli125/workspace/research/MultiModalPFN/mmpfn/data/cbis_ddsm/jpeg/1.3.6.1.4.1.9590.100.1.2.223637762012707317605195306331476726623 does not exist, skipping.
Image /home/sgoli125/workspace/research/MultiModalPFN/mmpfn/data/cbis_ddsm/jpeg/1.3.6.1.4.1.9590.100.1.2.403883043213698776828364571440820464401 does not exist, skipping.
Image /home/sgoli125/workspace/research/MultiModalPFN/mmpfn/data/cbis_ddsm/jpeg/1.3.6.1.4.1.9590.100.1.2.324254718012975054820664541890909476716 does not exist, skipping.
Image /home/sgoli125/workspace/research/MultiModalPFN/mmpfn/data/cbis_ddsm/jpeg/1.3.6.1.4.1.9590.100.1.2.263238552211219267905797828163734435280 does not exist, skipping.
Image /home/sgoli125/workspace/research/MultiModalPFN/mmpfn/data/cbis_ddsm/jpeg/1.3.6.1.4.1.9590.100.1.2.325143492211615192218257476242629548629 does not exist, skipping.
Image /home/sgoli125/workspace/research/MultiModalPFN/mmpfn/data/cbis_ddsm/jpeg/1.3.6.1.4.1.9590.100.1.2.86254599111567721135368096072734935094 does not exist, skipping.
Image /home/sgoli125/workspace/research/MultiModalPFN/mmpfn/data/cbis_ddsm/jpeg/1.3.6.1.4.1.9590.100.1.2.86254599111567721135368096072734935094 does not exist, skipping.
Image /home/sgoli125/workspace/research/MultiModalPFN/mmpfn/data/cbis_ddsm/jpeg/1.3.6.1.4.1.9590.100.1.2.355929315813157317516238068792441891316 does not exist, skipping.
Image /home/sgoli125/workspace/research/MultiModalPFN/mmpfn/data/cbis_ddsm/jpeg/1.3.6.1.4.1.9590.100.1.2.355929315813157317516238068792441891316 does not exist, skipping.
Image /home/sgoli125/workspace/research/MultiModalPFN/mmpfn/data/cbis_ddsm/jpeg/1.3.6.1.4.1.9590.100.1.2.269371263412811256614469730851947013418 does not exist, skipping.
Image /home/sgoli125/workspace/research/MultiModalPFN/mmpfn/data/cbis_ddsm/jpeg/1.3.6.1.4.1.9590.100.1.2.297144095610618232729352311383502469380 does not exist, skipping.
Image /home/sgoli125/workspace/research/MultiModalPFN/mmpfn/data/cbis_ddsm/jpeg/1.3.6.1.4.1.9590.100.1.2.97236402913553087828237413621604953031 does not exist, skipping.
Image /home/sgoli125/workspace/research/MultiModalPFN/mmpfn/data/cbis_ddsm/jpeg/1.3.6.1.4.1.9590.100.1.2.97236402913553087828237413621604953031 does not exist, skipping.
Image /home/sgoli125/workspace/research/MultiModalPFN/mmpfn/data/cbis_ddsm/jpeg/1.3.6.1.4.1.9590.100.1.2.354587724213018641829708719832963731890 does not exist, skipping.
Image /home/sgoli125/workspace/research/MultiModalPFN/mmpfn/data/cbis_ddsm/jpeg/1.3.6.1.4.1.9590.100.1.2.360439647211144226518435419482007218051 does not exist, skipping.
Image /home/sgoli125/workspace/research/MultiModalPFN/mmpfn/data/cbis_ddsm/jpeg/1.3.6.1.4.1.9590.100.1.2.360439647211144226518435419482007218051 does not exist, skipping.
Image /home/sgoli125/workspace/research/MultiModalPFN/mmpfn/data/cbis_ddsm/jpeg/1.3.6.1.4.1.9590.100.1.2.354587724213018641829708719832963731890 does not exist, skipping.
Image /home/sgoli125/workspace/research/MultiModalPFN/mmpfn/data/cbis_ddsm/jpeg/1.3.6.1.4.1.9590.100.1.2.242213439512956311504125385422758273508 does not exist, skipping.
Image /home/sgoli125/workspace/research/MultiModalPFN/mmpfn/data/cbis_ddsm/jpeg/1.3.6.1.4.1.9590.100.1.2.242213439512956311504125385422758273508 does not exist, skipping.
Image /home/sgoli125/workspace/research/MultiModalPFN/mmpfn/data/cbis_ddsm/jpeg/1.3.6.1.4.1.9590.100.1.2.354587724213018641829708719832963731890 does not exist, skipping.
Image /home/sgoli125/workspace/research/MultiModalPFN/mmpfn/data/cbis_ddsm/jpeg/1.3.6.1.4.1.9590.100.1.2.64550621111072178514325551380316303032 does not exist, skipping.
Image /home/sgoli125/workspace/research/MultiModalPFN/mmpfn/data/cbis_ddsm/jpeg/1.3.6.1.4.1.9590.100.1.2.64550621111072178514325551380316303032 does not exist, skipping.
Image /home/sgoli125/workspace/research/MultiModalPFN/mmpfn/data/cbis_ddsm/jpeg/1.3.6.1.4.1.9590.100.1.2.354587724213018641829708719832963731890 does not exist, skipping.
Image /home/sgoli125/workspace/research/MultiModalPFN/mmpfn/data/cbis_ddsm/jpeg/1.3.6.1.4.1.9590.100.1.2.200674905911357193327065189363002199745 does not exist, skipping.
Image /home/sgoli125/workspace/research/MultiModalPFN/mmpfn/data/cbis_ddsm/jpeg/1.3.6.1.4.1.9590.100.1.2.200674905911357193327065189363002199745 does not exist, skipping.
Image /home/sgoli125/workspace/research/MultiModalPFN/mmpfn/data/cbis_ddsm/jpeg/1.3.6.1.4.1.9590.100.1.2.354587724213018641829708719832963731890 does not exist, skipping.
Image /home/sgoli125/workspace/research/MultiModalPFN/mmpfn/data/cbis_ddsm/jpeg/1.3.6.1.4.1.9590.100.1.2.69517822412677123440257901063254163503 does not exist, skipping.
Image /home/sgoli125/workspace/research/MultiModalPFN/mmpfn/data/cbis_ddsm/jpeg/1.3.6.1.4.1.9590.100.1.2.69517822412677123440257901063254163503 does not exist, skipping.
Image /home/sgoli125/workspace/research/MultiModalPFN/mmpfn/data/cbis_ddsm/jpeg/1.3.6.1.4.1.9590.100.1.2.87251504411596839017815563663575708222 does not exist, skipping.
Image /home/sgoli125/workspace/research/MultiModalPFN/mmpfn/data/cbis_ddsm/jpeg/1.3.6.1.4.1.9590.100.1.2.369196829611754461201236350933606892864 does not exist, skipping.
Image /home/sgoli125/workspace/research/MultiModalPFN/mmpfn/data/cbis_ddsm/jpeg/1.3.6.1.4.1.9590.100.1.2.369196829611754461201236350933606892864 does not exist, skipping.
Image /home/sgoli125/workspace/research/MultiModalPFN/mmpfn/data/cbis_ddsm/jpeg/1.3.6.1.4.1.9590.100.1.2.87251504411596839017815563663575708222 does not exist, skipping.
Image /home/sgoli125/workspace/research/MultiModalPFN/mmpfn/data/cbis_ddsm/jpeg/1.3.6.1.4.1.9590.100.1.2.24413910212876553434565096140956898495 does not exist, skipping.
Image /home/sgoli125/workspace/research/MultiModalPFN/mmpfn/data/cbis_ddsm/jpeg/1.3.6.1.4.1.9590.100.1.2.24413910212876553434565096140956898495 does not exist, skipping.
Image /home/sgoli125/workspace/research/MultiModalPFN/mmpfn/data/cbis_ddsm/jpeg/1.3.6.1.4.1.9590.100.1.2.87251504411596839017815563663575708222 does not exist, skipping.
Image /home/sgoli125/workspace/research/MultiModalPFN/mmpfn/data/cbis_ddsm/jpeg/1.3.6.1.4.1.9590.100.1.2.233857989611138227638038250413861035851 does not exist, skipping.
Image /home/sgoli125/workspace/research/MultiModalPFN/mmpfn/data/cbis_ddsm/jpeg/1.3.6.1.4.1.9590.100.1.2.233857989611138227638038250413861035851 does not exist, skipping.
Image /home/sgoli125/workspace/research/MultiModalPFN/mmpfn/data/cbis_ddsm/jpeg/1.3.6.1.4.1.9590.100.1.2.87251504411596839017815563663575708222 does not exist, skipping.
Image /home/sgoli125/workspace/research/MultiModalPFN/mmpfn/data/cbis_ddsm/jpeg/1.3.6.1.4.1.9590.100.1.2.296004277912329464712408641582909806637 does not exist, skipping.
Image /home/sgoli125/workspace/research/MultiModalPFN/mmpfn/data/cbis_ddsm/jpeg/1.3.6.1.4.1.9590.100.1.2.296004277912329464712408641582909806637 does not exist, skipping.
Image /home/sgoli125/workspace/research/MultiModalPFN/mmpfn/data/cbis_ddsm/jpeg/1.3.6.1.4.1.9590.100.1.2.87251504411596839017815563663575708222 does not exist, skipping.
Image /home/sgoli125/workspace/research/MultiModalPFN/mmpfn/data/cbis_ddsm/jpeg/1.3.6.1.4.1.9590.100.1.2.67204285013759616112542232592030592136 does not exist, skipping.
Image /home/sgoli125/workspace/research/MultiModalPFN/mmpfn/data/cbis_ddsm/jpeg/1.3.6.1.4.1.9590.100.1.2.67204285013759616112542232592030592136 does not exist, skipping.
Image /home/sgoli125/workspace/research/MultiModalPFN/mmpfn/data/cbis_ddsm/jpeg/1.3.6.1.4.1.9590.100.1.2.87251504411596839017815563663575708222 does not exist, skipping.
Image /home/sgoli125/workspace/research/MultiModalPFN/mmpfn/data/cbis_ddsm/jpeg/1.3.6.1.4.1.9590.100.1.2.272221283212513893305897289540411522478 does not exist, skipping.
Image /home/sgoli125/workspace/research/MultiModalPFN/mmpfn/data/cbis_ddsm/jpeg/1.3.6.1.4.1.9590.100.1.2.272221283212513893305897289540411522478 does not exist, skipping.
Image /home/sgoli125/workspace/research/MultiModalPFN/mmpfn/data/cbis_ddsm/jpeg/1.3.6.1.4.1.9590.100.1.2.295438974411063274614777547962485322182 does not exist, skipping.
Image /home/sgoli125/workspace/research/MultiModalPFN/mmpfn/data/cbis_ddsm/jpeg/1.3.6.1.4.1.9590.100.1.2.295438974411063274614777547962485322182 does not exist, skipping.
Image /home/sgoli125/workspace/research/MultiModalPFN/mmpfn/data/cbis_ddsm/jpeg/1.3.6.1.4.1.9590.100.1.2.291104348113557290314520836302969063188 does not exist, skipping.
Image /home/sgoli125/workspace/research/MultiModalPFN/mmpfn/data/cbis_ddsm/jpeg/1.3.6.1.4.1.9590.100.1.2.396441965411847509531394515361210895652 does not exist, skipping.
Image /home/sgoli125/workspace/research/MultiModalPFN/mmpfn/data/cbis_ddsm/jpeg/1.3.6.1.4.1.9590.100.1.2.366476594211196854917146694673979411915 does not exist, skipping.
Image /home/sgoli125/workspace/research/MultiModalPFN/mmpfn/data/cbis_ddsm/jpeg/1.3.6.1.4.1.9590.100.1.2.84969333011581312424680229391241315954 does not exist, skipping.
Image /home/sgoli125/workspace/research/MultiModalPFN/mmpfn/data/cbis_ddsm/jpeg/1.3.6.1.4.1.9590.100.1.2.350981553411772244426195844303320272166 does not exist, skipping.
Image /home/sgoli125/workspace/research/MultiModalPFN/mmpfn/data/cbis_ddsm/jpeg/1.3.6.1.4.1.9590.100.1.2.206958004811553477623964786370803387700 does not exist, skipping.
Image /home/sgoli125/workspace/research/MultiModalPFN/mmpfn/data/cbis_ddsm/jpeg/1.3.6.1.4.1.9590.100.1.2.259249139512153486232549625680233890026 does not exist, skipping.
Image /home/sgoli125/workspace/research/MultiModalPFN/mmpfn/data/cbis_ddsm/jpeg/1.3.6.1.4.1.9590.100.1.2.259249139512153486232549625680233890026 does not exist, skipping.
Image /home/sgoli125/workspace/research/MultiModalPFN/mmpfn/data/cbis_ddsm/jpeg/1.3.6.1.4.1.9590.100.1.2.33560958512008550609239745582787108807 does not exist, skipping.
Image /home/sgoli125/workspace/research/MultiModalPFN/mmpfn/data/cbis_ddsm/jpeg/1.3.6.1.4.1.9590.100.1.2.322805592311399971221542217553849288689 does not exist, skipping.
Image /home/sgoli125/workspace/research/MultiModalPFN/mmpfn/data/cbis_ddsm/jpeg/1.3.6.1.4.1.9590.100.1.2.322805592311399971221542217553849288689 does not exist, skipping.
Image /home/sgoli125/workspace/research/MultiModalPFN/mmpfn/data/cbis_ddsm/jpeg/1.3.6.1.4.1.9590.100.1.2.262900378610637773719221008832166959346 does not exist, skipping.
Image /home/sgoli125/workspace/research/MultiModalPFN/mmpfn/data/cbis_ddsm/jpeg/1.3.6.1.4.1.9590.100.1.2.307740159212975273538875345121967865929 does not exist, skipping.
Image /home/sgoli125/workspace/research/MultiModalPFN/mmpfn/data/cbis_ddsm/jpeg/1.3.6.1.4.1.9590.100.1.2.307740159212975273538875345121967865929 does not exist, skipping.
Image /home/sgoli125/workspace/research/MultiModalPFN/mmpfn/data/cbis_ddsm/jpeg/1.3.6.1.4.1.9590.100.1.2.46515953611645040840558117611434600473 does not exist, skipping.
Image /home/sgoli125/workspace/research/MultiModalPFN/mmpfn/data/cbis_ddsm/jpeg/1.3.6.1.4.1.9590.100.1.2.34723950711667680221563736851544783188 does not exist, skipping.
Image /home/sgoli125/workspace/research/MultiModalPFN/mmpfn/data/cbis_ddsm/jpeg/1.3.6.1.4.1.9590.100.1.2.34723950711667680221563736851544783188 does not exist, skipping.
Image /home/sgoli125/workspace/research/MultiModalPFN/mmpfn/data/cbis_ddsm/jpeg/1.3.6.1.4.1.9590.100.1.2.283896293710468565409445671813981066945 does not exist, skipping.
Image /home/sgoli125/workspace/research/MultiModalPFN/mmpfn/data/cbis_ddsm/jpeg/1.3.6.1.4.1.9590.100.1.2.3191665710807129434831177040934519857 does not exist, skipping.
Image /home/sgoli125/workspace/research/MultiModalPFN/mmpfn/data/cbis_ddsm/jpeg/1.3.6.1.4.1.9590.100.1.2.3191665710807129434831177040934519857 does not exist, skipping.
Image /home/sgoli125/workspace/research/MultiModalPFN/mmpfn/data/cbis_ddsm/jpeg/1.3.6.1.4.1.9590.100.1.2.67196722111199501007723550042354392513 does not exist, skipping.
Image /home/sgoli125/workspace/research/MultiModalPFN/mmpfn/data/cbis_ddsm/jpeg/1.3.6.1.4.1.9590.100.1.2.67196722111199501007723550042354392513 does not exist, skipping.
Image /home/sgoli125/workspace/research/MultiModalPFN/mmpfn/data/cbis_ddsm/jpeg/1.3.6.1.4.1.9590.100.1.2.412935186912567939930947831442475559499 does not exist, skipping.
Image /home/sgoli125/workspace/research/MultiModalPFN/mmpfn/data/cbis_ddsm/jpeg/1.3.6.1.4.1.9590.100.1.2.220414249412719589722932525212752229755 does not exist, skipping.
Image /home/sgoli125/workspace/research/MultiModalPFN/mmpfn/data/cbis_ddsm/jpeg/1.3.6.1.4.1.9590.100.1.2.220414249412719589722932525212752229755 does not exist, skipping.
Image /home/sgoli125/workspace/research/MultiModalPFN/mmpfn/data/cbis_ddsm/jpeg/1.3.6.1.4.1.9590.100.1.2.371919153512846638329095153992760357226 does not exist, skipping.
Image /home/sgoli125/workspace/research/MultiModalPFN/mmpfn/data/cbis_ddsm/jpeg/1.3.6.1.4.1.9590.100.1.2.216358103712343824536326814051645781851 does not exist, skipping.
Image /home/sgoli125/workspace/research/MultiModalPFN/mmpfn/data/cbis_ddsm/jpeg/1.3.6.1.4.1.9590.100.1.2.216358103712343824536326814051645781851 does not exist, skipping.
Image /home/sgoli125/workspace/research/MultiModalPFN/mmpfn/data/cbis_ddsm/jpeg/1.3.6.1.4.1.9590.100.1.2.81709986712519381829832213810104708854 does not exist, skipping.
Image /home/sgoli125/workspace/research/MultiModalPFN/mmpfn/data/cbis_ddsm/jpeg/1.3.6.1.4.1.9590.100.1.2.329032228012923646537726478333817683073 does not exist, skipping.
Image /home/sgoli125/workspace/research/MultiModalPFN/mmpfn/data/cbis_ddsm/jpeg/1.3.6.1.4.1.9590.100.1.2.329032228012923646537726478333817683073 does not exist, skipping.
Image /home/sgoli125/workspace/research/MultiModalPFN/mmpfn/data/cbis_ddsm/jpeg/1.3.6.1.4.1.9590.100.1.2.64753556512521654508794807251215408034 does not exist, skipping.
Image /home/sgoli125/workspace/research/MultiModalPFN/mmpfn/data/cbis_ddsm/jpeg/1.3.6.1.4.1.9590.100.1.2.64753556512521654508794807251215408034 does not exist, skipping.
Image /home/sgoli125/workspace/research/MultiModalPFN/mmpfn/data/cbis_ddsm/jpeg/1.3.6.1.4.1.9590.100.1.2.376929330412322183806810241454263344749 does not exist, skipping.
Image /home/sgoli125/workspace/research/MultiModalPFN/mmpfn/data/cbis_ddsm/jpeg/1.3.6.1.4.1.9590.100.1.2.376929330412322183806810241454263344749 does not exist, skipping.
Image /home/sgoli125/workspace/research/MultiModalPFN/mmpfn/data/cbis_ddsm/jpeg/1.3.6.1.4.1.9590.100.1.2.258122052911029969410344895041140934597 does not exist, skipping.
Image /home/sgoli125/workspace/research/MultiModalPFN/mmpfn/data/cbis_ddsm/jpeg/1.3.6.1.4.1.9590.100.1.2.213923189612009468827338377582033345163 does not exist, skipping.
Image /home/sgoli125/workspace/research/MultiModalPFN/mmpfn/data/cbis_ddsm/jpeg/1.3.6.1.4.1.9590.100.1.2.213923189612009468827338377582033345163 does not exist, skipping.
Image /home/sgoli125/workspace/research/MultiModalPFN/mmpfn/data/cbis_ddsm/jpeg/1.3.6.1.4.1.9590.100.1.2.295394441612082321922200964343746626621 does not exist, skipping.
Image /home/sgoli125/workspace/research/MultiModalPFN/mmpfn/data/cbis_ddsm/jpeg/1.3.6.1.4.1.9590.100.1.2.227491819413638181710500924793618632367 does not exist, skipping.
Image /home/sgoli125/workspace/research/MultiModalPFN/mmpfn/data/cbis_ddsm/jpeg/1.3.6.1.4.1.9590.100.1.2.216768457511513087938825660722752474923 does not exist, skipping.
Image /home/sgoli125/workspace/research/MultiModalPFN/mmpfn/data/cbis_ddsm/jpeg/1.3.6.1.4.1.9590.100.1.2.216768457511513087938825660722752474923 does not exist, skipping.
Image /home/sgoli125/workspace/research/MultiModalPFN/mmpfn/data/cbis_ddsm/jpeg/1.3.6.1.4.1.9590.100.1.2.59301896613444400229166639381986347325 does not exist, skipping.
Image /home/sgoli125/workspace/research/MultiModalPFN/mmpfn/data/cbis_ddsm/jpeg/1.3.6.1.4.1.9590.100.1.2.59301896613444400229166639381986347325 does not exist, skipping.
Image /home/sgoli125/workspace/research/MultiModalPFN/mmpfn/data/cbis_ddsm/jpeg/1.3.6.1.4.1.9590.100.1.2.98294149611645555400798120074273673116 does not exist, skipping.
Image /home/sgoli125/workspace/research/MultiModalPFN/mmpfn/data/cbis_ddsm/jpeg/1.3.6.1.4.1.9590.100.1.2.232381660012554908337053795134147800079 does not exist, skipping.
Image /home/sgoli125/workspace/research/MultiModalPFN/mmpfn/data/cbis_ddsm/jpeg/1.3.6.1.4.1.9590.100.1.2.232381660012554908337053795134147800079 does not exist, skipping.
Image /home/sgoli125/workspace/research/MultiModalPFN/mmpfn/data/cbis_ddsm/jpeg/1.3.6.1.4.1.9590.100.1.2.98869608012141056833257796120597025392 does not exist, skipping.
Image /home/sgoli125/workspace/research/MultiModalPFN/mmpfn/data/cbis_ddsm/jpeg/1.3.6.1.4.1.9590.100.1.2.98869608012141056833257796120597025392 does not exist, skipping.
Image /home/sgoli125/workspace/research/MultiModalPFN/mmpfn/data/cbis_ddsm/jpeg/1.3.6.1.4.1.9590.100.1.2.350764256511484255724685187943038717732 does not exist, skipping.
Image /home/sgoli125/workspace/research/MultiModalPFN/mmpfn/data/cbis_ddsm/jpeg/1.3.6.1.4.1.9590.100.1.2.354851894312748449517437428622609228678 does not exist, skipping.
Image /home/sgoli125/workspace/research/MultiModalPFN/mmpfn/data/cbis_ddsm/jpeg/1.3.6.1.4.1.9590.100.1.2.354851894312748449517437428622609228678 does not exist, skipping.
Image /home/sgoli125/workspace/research/MultiModalPFN/mmpfn/data/cbis_ddsm/jpeg/1.3.6.1.4.1.9590.100.1.2.274130274412325104201139427164117687465 does not exist, skipping.
Image /home/sgoli125/workspace/research/MultiModalPFN/mmpfn/data/cbis_ddsm/jpeg/1.3.6.1.4.1.9590.100.1.2.384131784611405291639712490573467221311 does not exist, skipping.
Image /home/sgoli125/workspace/research/MultiModalPFN/mmpfn/data/cbis_ddsm/jpeg/1.3.6.1.4.1.9590.100.1.2.384131784611405291639712490573467221311 does not exist, skipping.
Image /home/sgoli125/workspace/research/MultiModalPFN/mmpfn/data/cbis_ddsm/jpeg/1.3.6.1.4.1.9590.100.1.2.355623602512345274434557011313875211443 does not exist, skipping.
Image /home/sgoli125/workspace/research/MultiModalPFN/mmpfn/data/cbis_ddsm/jpeg/1.3.6.1.4.1.9590.100.1.2.282766086310914906538734939042147504338 does not exist, skipping.
Image /home/sgoli125/workspace/research/MultiModalPFN/mmpfn/data/cbis_ddsm/jpeg/1.3.6.1.4.1.9590.100.1.2.282766086310914906538734939042147504338 does not exist, skipping.
Image /home/sgoli125/workspace/research/MultiModalPFN/mmpfn/data/cbis_ddsm/jpeg/1.3.6.1.4.1.9590.100.1.2.99652509111900105331025325421855924911 does not exist, skipping.
Image /home/sgoli125/workspace/research/MultiModalPFN/mmpfn/data/cbis_ddsm/jpeg/1.3.6.1.4.1.9590.100.1.2.95576229211857968242934102022883289746 does not exist, skipping.
Image /home/sgoli125/workspace/research/MultiModalPFN/mmpfn/data/cbis_ddsm/jpeg/1.3.6.1.4.1.9590.100.1.2.95576229211857968242934102022883289746 does not exist, skipping.
Image /home/sgoli125/workspace/research/MultiModalPFN/mmpfn/data/cbis_ddsm/jpeg/1.3.6.1.4.1.9590.100.1.2.235233237711483496539310240110263479500 does not exist, skipping.
Image /home/sgoli125/workspace/research/MultiModalPFN/mmpfn/data/cbis_ddsm/jpeg/1.3.6.1.4.1.9590.100.1.2.235233237711483496539310240110263479500 does not exist, skipping.
Image /home/sgoli125/workspace/research/MultiModalPFN/mmpfn/data/cbis_ddsm/jpeg/1.3.6.1.4.1.9590.100.1.2.224168078913388678205608549520201352695 does not exist, skipping.
Image /home/sgoli125/workspace/research/MultiModalPFN/mmpfn/data/cbis_ddsm/jpeg/1.3.6.1.4.1.9590.100.1.2.304575121412256071935884217993938420298 does not exist, skipping.
Image /home/sgoli125/workspace/research/MultiModalPFN/mmpfn/data/cbis_ddsm/jpeg/1.3.6.1.4.1.9590.100.1.2.304575121412256071935884217993938420298 does not exist, skipping.
Image /home/sgoli125/workspace/research/MultiModalPFN/mmpfn/data/cbis_ddsm/jpeg/1.3.6.1.4.1.9590.100.1.2.81625112611694442330322190453221192816 does not exist, skipping.
Image /home/sgoli125/workspace/research/MultiModalPFN/mmpfn/data/cbis_ddsm/jpeg/1.3.6.1.4.1.9590.100.1.2.202603902211056088611112588113650564361 does not exist, skipping.
Image /home/sgoli125/workspace/research/MultiModalPFN/mmpfn/data/cbis_ddsm/jpeg/1.3.6.1.4.1.9590.100.1.2.202603902211056088611112588113650564361 does not exist, skipping.
Image /home/sgoli125/workspace/research/MultiModalPFN/mmpfn/data/cbis_ddsm/jpeg/1.3.6.1.4.1.9590.100.1.2.197642108411388271804345842191824773968 does not exist, skipping.
Image /home/sgoli125/workspace/research/MultiModalPFN/mmpfn/data/cbis_ddsm/jpeg/1.3.6.1.4.1.9590.100.1.2.403168653711447929024584894752537998909 does not exist, skipping.
Image /home/sgoli125/workspace/research/MultiModalPFN/mmpfn/data/cbis_ddsm/jpeg/1.3.6.1.4.1.9590.100.1.2.403168653711447929024584894752537998909 does not exist, skipping.
Image /home/sgoli125/workspace/research/MultiModalPFN/mmpfn/data/cbis_ddsm/jpeg/1.3.6.1.4.1.9590.100.1.2.386415983311767559930907593141387085597 does not exist, skipping.
Image /home/sgoli125/workspace/research/MultiModalPFN/mmpfn/data/cbis_ddsm/jpeg/1.3.6.1.4.1.9590.100.1.2.386415983311767559930907593141387085597 does not exist, skipping.
Image /home/sgoli125/workspace/research/MultiModalPFN/mmpfn/data/cbis_ddsm/jpeg/1.3.6.1.4.1.9590.100.1.2.407260778412292698012445482843112906260 does not exist, skipping.
Image /home/sgoli125/workspace/research/MultiModalPFN/mmpfn/data/cbis_ddsm/jpeg/1.3.6.1.4.1.9590.100.1.2.407260778412292698012445482843112906260 does not exist, skipping.
Image /home/sgoli125/workspace/research/MultiModalPFN/mmpfn/data/cbis_ddsm/jpeg/1.3.6.1.4.1.9590.100.1.2.62187768912043147602254997873893257413 does not exist, skipping.
Image /home/sgoli125/workspace/research/MultiModalPFN/mmpfn/data/cbis_ddsm/jpeg/1.3.6.1.4.1.9590.100.1.2.62187768912043147602254997873893257413 does not exist, skipping.
Image /home/sgoli125/workspace/research/MultiModalPFN/mmpfn/data/cbis_ddsm/jpeg/1.3.6.1.4.1.9590.100.1.2.428917498013274337840122208182787434942 does not exist, skipping.
Image /home/sgoli125/workspace/research/MultiModalPFN/mmpfn/data/cbis_ddsm/jpeg/1.3.6.1.4.1.9590.100.1.2.428917498013274337840122208182787434942 does not exist, skipping.
Image /home/sgoli125/workspace/research/MultiModalPFN/mmpfn/data/cbis_ddsm/jpeg/1.3.6.1.4.1.9590.100.1.2.67643966910961418242376296202916689439 does not exist, skipping.
Image /home/sgoli125/workspace/research/MultiModalPFN/mmpfn/data/cbis_ddsm/jpeg/1.3.6.1.4.1.9590.100.1.2.97289615313217935028481491423721719965 does not exist, skipping.
Image /home/sgoli125/workspace/research/MultiModalPFN/mmpfn/data/cbis_ddsm/jpeg/1.3.6.1.4.1.9590.100.1.2.97289615313217935028481491423721719965 does not exist, skipping.
Image /home/sgoli125/workspace/research/MultiModalPFN/mmpfn/data/cbis_ddsm/jpeg/1.3.6.1.4.1.9590.100.1.2.247686453312806717421635544732731976519 does not exist, skipping.
Image /home/sgoli125/workspace/research/MultiModalPFN/mmpfn/data/cbis_ddsm/jpeg/1.3.6.1.4.1.9590.100.1.2.247686453312806717421635544732731976519 does not exist, skipping.
Image /home/sgoli125/workspace/research/MultiModalPFN/mmpfn/data/cbis_ddsm/jpeg/1.3.6.1.4.1.9590.100.1.2.61044218211319887532948581303525540079 does not exist, skipping.
Image /home/sgoli125/workspace/research/MultiModalPFN/mmpfn/data/cbis_ddsm/jpeg/1.3.6.1.4.1.9590.100.1.2.275689109211825107611385153593740697706 does not exist, skipping.
Image /home/sgoli125/workspace/research/MultiModalPFN/mmpfn/data/cbis_ddsm/jpeg/1.3.6.1.4.1.9590.100.1.2.275689109211825107611385153593740697706 does not exist, skipping.
Image /home/sgoli125/workspace/research/MultiModalPFN/mmpfn/data/cbis_ddsm/jpeg/1.3.6.1.4.1.9590.100.1.2.59331645212722964919598145441897056623 does not exist, skipping.
Image /home/sgoli125/workspace/research/MultiModalPFN/mmpfn/data/cbis_ddsm/jpeg/1.3.6.1.4.1.9590.100.1.2.59331645212722964919598145441897056623 does not exist, skipping.
Image /home/sgoli125/workspace/research/MultiModalPFN/mmpfn/data/cbis_ddsm/jpeg/1.3.6.1.4.1.9590.100.1.2.293941563912042455539032475102722350733 does not exist, skipping.
Image /home/sgoli125/workspace/research/MultiModalPFN/mmpfn/data/cbis_ddsm/jpeg/1.3.6.1.4.1.9590.100.1.2.298347750813431941237273309622695873017 does not exist, skipping.
Image /home/sgoli125/workspace/research/MultiModalPFN/mmpfn/data/cbis_ddsm/jpeg/1.3.6.1.4.1.9590.100.1.2.397878670112258535539834295382406058317 does not exist, skipping.
Image /home/sgoli125/workspace/research/MultiModalPFN/mmpfn/data/cbis_ddsm/jpeg/1.3.6.1.4.1.9590.100.1.2.65846825512140331211135097862323909159 does not exist, skipping.
Image /home/sgoli125/workspace/research/MultiModalPFN/mmpfn/data/cbis_ddsm/jpeg/1.3.6.1.4.1.9590.100.1.2.271686995411554887729241804091352333773 does not exist, skipping.
Image /home/sgoli125/workspace/research/MultiModalPFN/mmpfn/data/cbis_ddsm/jpeg/1.3.6.1.4.1.9590.100.1.2.334648433711627325917972218213128352457 does not exist, skipping.
Image /home/sgoli125/workspace/research/MultiModalPFN/mmpfn/data/cbis_ddsm/jpeg/1.3.6.1.4.1.9590.100.1.2.334648433711627325917972218213128352457 does not exist, skipping.
Image /home/sgoli125/workspace/research/MultiModalPFN/mmpfn/data/cbis_ddsm/jpeg/1.3.6.1.4.1.9590.100.1.2.421506712613822555700638363361805204735 does not exist, skipping.
Image /home/sgoli125/workspace/research/MultiModalPFN/mmpfn/data/cbis_ddsm/jpeg/1.3.6.1.4.1.9590.100.1.2.359490125012352106420440037310957748611 does not exist, skipping.
Image /home/sgoli125/workspace/research/MultiModalPFN/mmpfn/data/cbis_ddsm/jpeg/1.3.6.1.4.1.9590.100.1.2.359490125012352106420440037310957748611 does not exist, skipping.
Image /home/sgoli125/workspace/research/MultiModalPFN/mmpfn/data/cbis_ddsm/jpeg/1.3.6.1.4.1.9590.100.1.2.303338101913629925523849739983029373774 does not exist, skipping.
Image /home/sgoli125/workspace/research/MultiModalPFN/mmpfn/data/cbis_ddsm/jpeg/1.3.6.1.4.1.9590.100.1.2.364850427011046592806311640934002695335 does not exist, skipping.
Image /home/sgoli125/workspace/research/MultiModalPFN/mmpfn/data/cbis_ddsm/jpeg/1.3.6.1.4.1.9590.100.1.2.364850427011046592806311640934002695335 does not exist, skipping.
Image /home/sgoli125/workspace/research/MultiModalPFN/mmpfn/data/cbis_ddsm/jpeg/1.3.6.1.4.1.9590.100.1.2.286011332010675143839646470630879381008 does not exist, skipping.
Image /home/sgoli125/workspace/research/MultiModalPFN/mmpfn/data/cbis_ddsm/jpeg/1.3.6.1.4.1.9590.100.1.2.22885564212153792327692967683344817484 does not exist, skipping.
Image /home/sgoli125/workspace/research/MultiModalPFN/mmpfn/data/cbis_ddsm/jpeg/1.3.6.1.4.1.9590.100.1.2.22885564212153792327692967683344817484 does not exist, skipping.
Image /home/sgoli125/workspace/research/MultiModalPFN/mmpfn/data/cbis_ddsm/jpeg/1.3.6.1.4.1.9590.100.1.2.37268040013764475837844589131241996902 does not exist, skipping.
Image /home/sgoli125/workspace/research/MultiModalPFN/mmpfn/data/cbis_ddsm/jpeg/1.3.6.1.4.1.9590.100.1.2.399138766111063604128836921713255044598 does not exist, skipping.
Image /home/sgoli125/workspace/research/MultiModalPFN/mmpfn/data/cbis_ddsm/jpeg/1.3.6.1.4.1.9590.100.1.2.399138766111063604128836921713255044598 does not exist, skipping.
Image /home/sgoli125/workspace/research/MultiModalPFN/mmpfn/data/cbis_ddsm/jpeg/1.3.6.1.4.1.9590.100.1.2.239227620711102253614823005471239220090 does not exist, skipping.
Image /home/sgoli125/workspace/research/MultiModalPFN/mmpfn/data/cbis_ddsm/jpeg/1.3.6.1.4.1.9590.100.1.2.339431368113317406436123903324139190579 does not exist, skipping.
Image /home/sgoli125/workspace/research/MultiModalPFN/mmpfn/data/cbis_ddsm/jpeg/1.3.6.1.4.1.9590.100.1.2.339431368113317406436123903324139190579 does not exist, skipping.
Image /home/sgoli125/workspace/research/MultiModalPFN/mmpfn/data/cbis_ddsm/jpeg/1.3.6.1.4.1.9590.100.1.2.54057852711245745614684087582249091583 does not exist, skipping.
Image /home/sgoli125/workspace/research/MultiModalPFN/mmpfn/data/cbis_ddsm/jpeg/1.3.6.1.4.1.9590.100.1.2.64813381212358693815004901263092702152 does not exist, skipping.
Image /home/sgoli125/workspace/research/MultiModalPFN/mmpfn/data/cbis_ddsm/jpeg/1.3.6.1.4.1.9590.100.1.2.64813381212358693815004901263092702152 does not exist, skipping.
Image /home/sgoli125/workspace/research/MultiModalPFN/mmpfn/data/cbis_ddsm/jpeg/1.3.6.1.4.1.9590.100.1.2.90181599012530581816080943531194550079 does not exist, skipping.
Image /home/sgoli125/workspace/research/MultiModalPFN/mmpfn/data/cbis_ddsm/jpeg/1.3.6.1.4.1.9590.100.1.2.394734957011579874117299311781691109243 does not exist, skipping.
Image /home/sgoli125/workspace/research/MultiModalPFN/mmpfn/data/cbis_ddsm/jpeg/1.3.6.1.4.1.9590.100.1.2.394734957011579874117299311781691109243 does not exist, skipping.
Image /home/sgoli125/workspace/research/MultiModalPFN/mmpfn/data/cbis_ddsm/jpeg/1.3.6.1.4.1.9590.100.1.2.335953646511055427829592147381598403895 does not exist, skipping.
Image /home/sgoli125/workspace/research/MultiModalPFN/mmpfn/data/cbis_ddsm/jpeg/1.3.6.1.4.1.9590.100.1.2.46792895212991810221677541571410025425 does not exist, skipping.
Image /home/sgoli125/workspace/research/MultiModalPFN/mmpfn/data/cbis_ddsm/jpeg/1.3.6.1.4.1.9590.100.1.2.46792895212991810221677541571410025425 does not exist, skipping.
Image /home/sgoli125/workspace/research/MultiModalPFN/mmpfn/data/cbis_ddsm/jpeg/1.3.6.1.4.1.9590.100.1.2.278245049110979926013552580103102018326 does not exist, skipping.
Image /home/sgoli125/workspace/research/MultiModalPFN/mmpfn/data/cbis_ddsm/jpeg/1.3.6.1.4.1.9590.100.1.2.260459930212973473121544705422367625902 does not exist, skipping.
Image /home/sgoli125/workspace/research/MultiModalPFN/mmpfn/data/cbis_ddsm/jpeg/1.3.6.1.4.1.9590.100.1.2.260459930212973473121544705422367625902 does not exist, skipping.
Image /home/sgoli125/workspace/research/MultiModalPFN/mmpfn/data/cbis_ddsm/jpeg/1.3.6.1.4.1.9590.100.1.2.98617005612136042927329867742505896570 does not exist, skipping.
Image /home/sgoli125/workspace/research/MultiModalPFN/mmpfn/data/cbis_ddsm/jpeg/1.3.6.1.4.1.9590.100.1.2.98617005612136042927329867742505896570 does not exist, skipping.
Image /home/sgoli125/workspace/research/MultiModalPFN/mmpfn/data/cbis_ddsm/jpeg/1.3.6.1.4.1.9590.100.1.2.198197298812619031629531004222639026841 does not exist, skipping.
Image /home/sgoli125/workspace/research/MultiModalPFN/mmpfn/data/cbis_ddsm/jpeg/1.3.6.1.4.1.9590.100.1.2.325540953211646007429828606780373328380 does not exist, skipping.
Image /home/sgoli125/workspace/research/MultiModalPFN/mmpfn/data/cbis_ddsm/jpeg/1.3.6.1.4.1.9590.100.1.2.325540953211646007429828606780373328380 does not exist, skipping.
Image /home/sgoli125/workspace/research/MultiModalPFN/mmpfn/data/cbis_ddsm/jpeg/1.3.6.1.4.1.9590.100.1.2.90509059711545836109239433043334788481 does not exist, skipping.
Image /home/sgoli125/workspace/research/MultiModalPFN/mmpfn/data/cbis_ddsm/jpeg/1.3.6.1.4.1.9590.100.1.2.90509059711545836109239433043334788481 does not exist, skipping.
Image /home/sgoli125/workspace/research/MultiModalPFN/mmpfn/data/cbis_ddsm/jpeg/1.3.6.1.4.1.9590.100.1.2.316371341711762721410706354223145582163 does not exist, skipping.
Image /home/sgoli125/workspace/research/MultiModalPFN/mmpfn/data/cbis_ddsm/jpeg/1.3.6.1.4.1.9590.100.1.2.372419857813673724621060827212547916114 does not exist, skipping.
Image /home/sgoli125/workspace/research/MultiModalPFN/mmpfn/data/cbis_ddsm/jpeg/1.3.6.1.4.1.9590.100.1.2.372419857813673724621060827212547916114 does not exist, skipping.
Image /home/sgoli125/workspace/research/MultiModalPFN/mmpfn/data/cbis_ddsm/jpeg/1.3.6.1.4.1.9590.100.1.2.205879586612764492336823105300265312133 does not exist, skipping.
Image /home/sgoli125/workspace/research/MultiModalPFN/mmpfn/data/cbis_ddsm/jpeg/1.3.6.1.4.1.9590.100.1.2.45105785611794396517463922110362076816 does not exist, skipping.
Image /home/sgoli125/workspace/research/MultiModalPFN/mmpfn/data/cbis_ddsm/jpeg/1.3.6.1.4.1.9590.100.1.2.45105785611794396517463922110362076816 does not exist, skipping.
Image /home/sgoli125/workspace/research/MultiModalPFN/mmpfn/data/cbis_ddsm/jpeg/1.3.6.1.4.1.9590.100.1.2.42743836211077677906084043904182953420 does not exist, skipping.
Image /home/sgoli125/workspace/research/MultiModalPFN/mmpfn/data/cbis_ddsm/jpeg/1.3.6.1.4.1.9590.100.1.2.295334798611650724727702371150477767947 does not exist, skipping.
Image /home/sgoli125/workspace/research/MultiModalPFN/mmpfn/data/cbis_ddsm/jpeg/1.3.6.1.4.1.9590.100.1.2.295334798611650724727702371150477767947 does not exist, skipping.
Image /home/sgoli125/workspace/research/MultiModalPFN/mmpfn/data/cbis_ddsm/jpeg/1.3.6.1.4.1.9590.100.1.2.217599271011226402616289087263739032901 does not exist, skipping.
Image /home/sgoli125/workspace/research/MultiModalPFN/mmpfn/data/cbis_ddsm/jpeg/1.3.6.1.4.1.9590.100.1.2.307103338512116115213353926752905879056 does not exist, skipping.
Image /home/sgoli125/workspace/research/MultiModalPFN/mmpfn/data/cbis_ddsm/jpeg/1.3.6.1.4.1.9590.100.1.2.307103338512116115213353926752905879056 does not exist, skipping.
Image /home/sgoli125/workspace/research/MultiModalPFN/mmpfn/data/cbis_ddsm/jpeg/1.3.6.1.4.1.9590.100.1.2.341370627613841099515143320642951967287 does not exist, skipping.
Image /home/sgoli125/workspace/research/MultiModalPFN/mmpfn/data/cbis_ddsm/jpeg/1.3.6.1.4.1.9590.100.1.2.341370627613841099515143320642951967287 does not exist, skipping.
Image /home/sgoli125/workspace/research/MultiModalPFN/mmpfn/data/cbis_ddsm/jpeg/1.3.6.1.4.1.9590.100.1.2.423466000111400290224801437981990595540 does not exist, skipping.
Image /home/sgoli125/workspace/research/MultiModalPFN/mmpfn/data/cbis_ddsm/jpeg/1.3.6.1.4.1.9590.100.1.2.423466000111400290224801437981990595540 does not exist, skipping.
Image /home/sgoli125/workspace/research/MultiModalPFN/mmpfn/data/cbis_ddsm/jpeg/1.3.6.1.4.1.9590.100.1.2.71190503512926817802776229711736825691 does not exist, skipping.
Image /home/sgoli125/workspace/research/MultiModalPFN/mmpfn/data/cbis_ddsm/jpeg/1.3.6.1.4.1.9590.100.1.2.65917755611598855114579844393899653415 does not exist, skipping.
Image /home/sgoli125/workspace/research/MultiModalPFN/mmpfn/data/cbis_ddsm/jpeg/1.3.6.1.4.1.9590.100.1.2.65917755611598855114579844393899653415 does not exist, skipping.
Image /home/sgoli125/workspace/research/MultiModalPFN/mmpfn/data/cbis_ddsm/jpeg/1.3.6.1.4.1.9590.100.1.2.32327452611804115710741067671137113453 does not exist, skipping.
Image /home/sgoli125/workspace/research/MultiModalPFN/mmpfn/data/cbis_ddsm/jpeg/1.3.6.1.4.1.9590.100.1.2.289045623711666169337190307060988509005 does not exist, skipping.
Image /home/sgoli125/workspace/research/MultiModalPFN/mmpfn/data/cbis_ddsm/jpeg/1.3.6.1.4.1.9590.100.1.2.289045623711666169337190307060988509005 does not exist, skipping.
Image /home/sgoli125/workspace/research/MultiModalPFN/mmpfn/data/cbis_ddsm/jpeg/1.3.6.1.4.1.9590.100.1.2.405746252013293649019987388362163984409 does not exist, skipping.
Image /home/sgoli125/workspace/research/MultiModalPFN/mmpfn/data/cbis_ddsm/jpeg/1.3.6.1.4.1.9590.100.1.2.35920097512299604608981802843597187054 does not exist, skipping.
Image /home/sgoli125/workspace/research/MultiModalPFN/mmpfn/data/cbis_ddsm/jpeg/1.3.6.1.4.1.9590.100.1.2.35920097512299604608981802843597187054 does not exist, skipping.
Image /home/sgoli125/workspace/research/MultiModalPFN/mmpfn/data/cbis_ddsm/jpeg/1.3.6.1.4.1.9590.100.1.2.255781430912151131328345834864129594300 does not exist, skipping.
Image /home/sgoli125/workspace/research/MultiModalPFN/mmpfn/data/cbis_ddsm/jpeg/1.3.6.1.4.1.9590.100.1.2.274788580013716070231595242741859288638 does not exist, skipping.
Image /home/sgoli125/workspace/research/MultiModalPFN/mmpfn/data/cbis_ddsm/jpeg/1.3.6.1.4.1.9590.100.1.2.274788580013716070231595242741859288638 does not exist, skipping.
Image /home/sgoli125/workspace/research/MultiModalPFN/mmpfn/data/cbis_ddsm/jpeg/1.3.6.1.4.1.9590.100.1.2.208612233610863139028646317134220626037 does not exist, skipping.
Image /home/sgoli125/workspace/research/MultiModalPFN/mmpfn/data/cbis_ddsm/jpeg/1.3.6.1.4.1.9590.100.1.2.312092844012721105907883703442647490264 does not exist, skipping.
Image /home/sgoli125/workspace/research/MultiModalPFN/mmpfn/data/cbis_ddsm/jpeg/1.3.6.1.4.1.9590.100.1.2.312092844012721105907883703442647490264 does not exist, skipping.
Image /home/sgoli125/workspace/research/MultiModalPFN/mmpfn/data/cbis_ddsm/jpeg/1.3.6.1.4.1.9590.100.1.2.353948724711568417400774944423298233958 does not exist, skipping.
Image /home/sgoli125/workspace/research/MultiModalPFN/mmpfn/data/cbis_ddsm/jpeg/1.3.6.1.4.1.9590.100.1.2.416546623612490134725052509540583814057 does not exist, skipping.
Image /home/sgoli125/workspace/research/MultiModalPFN/mmpfn/data/cbis_ddsm/jpeg/1.3.6.1.4.1.9590.100.1.2.416546623612490134725052509540583814057 does not exist, skipping.
Image /home/sgoli125/workspace/research/MultiModalPFN/mmpfn/data/cbis_ddsm/jpeg/1.3.6.1.4.1.9590.100.1.2.53490270012183184817700271583859247852 does not exist, skipping.
Image /home/sgoli125/workspace/research/MultiModalPFN/mmpfn/data/cbis_ddsm/jpeg/1.3.6.1.4.1.9590.100.1.2.297013309212277874835968336921234433025 does not exist, skipping.
Image /home/sgoli125/workspace/research/MultiModalPFN/mmpfn/data/cbis_ddsm/jpeg/1.3.6.1.4.1.9590.100.1.2.348426758610489782438511051693763738738 does not exist, skipping.
Image /home/sgoli125/workspace/research/MultiModalPFN/mmpfn/data/cbis_ddsm/jpeg/1.3.6.1.4.1.9590.100.1.2.348426758610489782438511051693763738738 does not exist, skipping.
Image /home/sgoli125/workspace/research/MultiModalPFN/mmpfn/data/cbis_ddsm/jpeg/1.3.6.1.4.1.9590.100.1.2.297013309212277874835968336921234433025 does not exist, skipping.
Image /home/sgoli125/workspace/research/MultiModalPFN/mmpfn/data/cbis_ddsm/jpeg/1.3.6.1.4.1.9590.100.1.2.238692425413084528531607740254265578194 does not exist, skipping.
Image /home/sgoli125/workspace/research/MultiModalPFN/mmpfn/data/cbis_ddsm/jpeg/1.3.6.1.4.1.9590.100.1.2.238692425413084528531607740254265578194 does not exist, skipping.
Image /home/sgoli125/workspace/research/MultiModalPFN/mmpfn/data/cbis_ddsm/jpeg/1.3.6.1.4.1.9590.100.1.2.22073828111440793216393639763628155947 does not exist, skipping.
Image /home/sgoli125/workspace/research/MultiModalPFN/mmpfn/data/cbis_ddsm/jpeg/1.3.6.1.4.1.9590.100.1.2.22073828111440793216393639763628155947 does not exist, skipping.
Image /home/sgoli125/workspace/research/MultiModalPFN/mmpfn/data/cbis_ddsm/jpeg/1.3.6.1.4.1.9590.100.1.2.43508677612812439338333989233310798183 does not exist, skipping.
Image /home/sgoli125/workspace/research/MultiModalPFN/mmpfn/data/cbis_ddsm/jpeg/1.3.6.1.4.1.9590.100.1.2.43508677612812439338333989233310798183 does not exist, skipping.
Image /home/sgoli125/workspace/research/MultiModalPFN/mmpfn/data/cbis_ddsm/jpeg/1.3.6.1.4.1.9590.100.1.2.198389102812446171719575740560957137168 does not exist, skipping.
Image /home/sgoli125/workspace/research/MultiModalPFN/mmpfn/data/cbis_ddsm/jpeg/1.3.6.1.4.1.9590.100.1.2.261558581210012963125163724132927995660 does not exist, skipping.
Image /home/sgoli125/workspace/research/MultiModalPFN/mmpfn/data/cbis_ddsm/jpeg/1.3.6.1.4.1.9590.100.1.2.261558581210012963125163724132927995660 does not exist, skipping.
Image /home/sgoli125/workspace/research/MultiModalPFN/mmpfn/data/cbis_ddsm/jpeg/1.3.6.1.4.1.9590.100.1.2.404654255612590080309146884192084552510 does not exist, skipping.
Image /home/sgoli125/workspace/research/MultiModalPFN/mmpfn/data/cbis_ddsm/jpeg/1.3.6.1.4.1.9590.100.1.2.404654255612590080309146884192084552510 does not exist, skipping.
Image /home/sgoli125/workspace/research/MultiModalPFN/mmpfn/data/cbis_ddsm/jpeg/1.3.6.1.4.1.9590.100.1.2.58906647311516391933629538580085152210 does not exist, skipping.
Image /home/sgoli125/workspace/research/MultiModalPFN/mmpfn/data/cbis_ddsm/jpeg/1.3.6.1.4.1.9590.100.1.2.353867302112941270039183945110799863557 does not exist, skipping.
Image /home/sgoli125/workspace/research/MultiModalPFN/mmpfn/data/cbis_ddsm/jpeg/1.3.6.1.4.1.9590.100.1.2.353867302112941270039183945110799863557 does not exist, skipping.
Image /home/sgoli125/workspace/research/MultiModalPFN/mmpfn/data/cbis_ddsm/jpeg/1.3.6.1.4.1.9590.100.1.2.343847728613007245624767433283354804671 does not exist, skipping.
Image /home/sgoli125/workspace/research/MultiModalPFN/mmpfn/data/cbis_ddsm/jpeg/1.3.6.1.4.1.9590.100.1.2.397819454610597632826248603001293230594 does not exist, skipping.
Image /home/sgoli125/workspace/research/MultiModalPFN/mmpfn/data/cbis_ddsm/jpeg/1.3.6.1.4.1.9590.100.1.2.397819454610597632826248603001293230594 does not exist, skipping.
Image /home/sgoli125/workspace/research/MultiModalPFN/mmpfn/data/cbis_ddsm/jpeg/1.3.6.1.4.1.9590.100.1.2.308995243713082827114133549032416681282 does not exist, skipping.
Image /home/sgoli125/workspace/research/MultiModalPFN/mmpfn/data/cbis_ddsm/jpeg/1.3.6.1.4.1.9590.100.1.2.208990297112416845225267792713453777924 does not exist, skipping.
Image /home/sgoli125/workspace/research/MultiModalPFN/mmpfn/data/cbis_ddsm/jpeg/1.3.6.1.4.1.9590.100.1.2.208990297112416845225267792713453777924 does not exist, skipping.
Image /home/sgoli125/workspace/research/MultiModalPFN/mmpfn/data/cbis_ddsm/jpeg/1.3.6.1.4.1.9590.100.1.2.367216275913803572904959402403476954711 does not exist, skipping.
Image /home/sgoli125/workspace/research/MultiModalPFN/mmpfn/data/cbis_ddsm/jpeg/1.3.6.1.4.1.9590.100.1.2.227626691511089817813007379392059970940 does not exist, skipping.
Image /home/sgoli125/workspace/research/MultiModalPFN/mmpfn/data/cbis_ddsm/jpeg/1.3.6.1.4.1.9590.100.1.2.227626691511089817813007379392059970940 does not exist, skipping.
Image /home/sgoli125/workspace/research/MultiModalPFN/mmpfn/data/cbis_ddsm/jpeg/1.3.6.1.4.1.9590.100.1.2.291940427811986764542250233641415105225 does not exist, skipping.
Image /home/sgoli125/workspace/research/MultiModalPFN/mmpfn/data/cbis_ddsm/jpeg/1.3.6.1.4.1.9590.100.1.2.287098016411340535620820163893402448025 does not exist, skipping.
Image /home/sgoli125/workspace/research/MultiModalPFN/mmpfn/data/cbis_ddsm/jpeg/1.3.6.1.4.1.9590.100.1.2.416786686811367196507147933854093625239 does not exist, skipping.
Image /home/sgoli125/workspace/research/MultiModalPFN/mmpfn/data/cbis_ddsm/jpeg/1.3.6.1.4.1.9590.100.1.2.416786686811367196507147933854093625239 does not exist, skipping.
Image /home/sgoli125/workspace/research/MultiModalPFN/mmpfn/data/cbis_ddsm/jpeg/1.3.6.1.4.1.9590.100.1.2.360884867011471036207259647004173651528 does not exist, skipping.
Image /home/sgoli125/workspace/research/MultiModalPFN/mmpfn/data/cbis_ddsm/jpeg/1.3.6.1.4.1.9590.100.1.2.324167570513630641213314684324035073269 does not exist, skipping.
Image /home/sgoli125/workspace/research/MultiModalPFN/mmpfn/data/cbis_ddsm/jpeg/1.3.6.1.4.1.9590.100.1.2.324167570513630641213314684324035073269 does not exist, skipping.
Image /home/sgoli125/workspace/research/MultiModalPFN/mmpfn/data/cbis_ddsm/jpeg/1.3.6.1.4.1.9590.100.1.2.227359829311782247437660996313591134165 does not exist, skipping.
Image /home/sgoli125/workspace/research/MultiModalPFN/mmpfn/data/cbis_ddsm/jpeg/1.3.6.1.4.1.9590.100.1.2.202787438912571488218729343282971946429 does not exist, skipping.
Image /home/sgoli125/workspace/research/MultiModalPFN/mmpfn/data/cbis_ddsm/jpeg/1.3.6.1.4.1.9590.100.1.2.256888463711975881328920531452105163096 does not exist, skipping.
Image /home/sgoli125/workspace/research/MultiModalPFN/mmpfn/data/cbis_ddsm/jpeg/1.3.6.1.4.1.9590.100.1.2.260137771311627538138583279643323289485 does not exist, skipping.
Image /home/sgoli125/workspace/research/MultiModalPFN/mmpfn/data/cbis_ddsm/jpeg/1.3.6.1.4.1.9590.100.1.2.260137771311627538138583279643323289485 does not exist, skipping.
Image /home/sgoli125/workspace/research/MultiModalPFN/mmpfn/data/cbis_ddsm/jpeg/1.3.6.1.4.1.9590.100.1.2.265454151711796157924978185193155462733 does not exist, skipping.
Image /home/sgoli125/workspace/research/MultiModalPFN/mmpfn/data/cbis_ddsm/jpeg/1.3.6.1.4.1.9590.100.1.2.223656883912045807831677249332617654361 does not exist, skipping.
Image /home/sgoli125/workspace/research/MultiModalPFN/mmpfn/data/cbis_ddsm/jpeg/1.3.6.1.4.1.9590.100.1.2.223656883912045807831677249332617654361 does not exist, skipping.
Image /home/sgoli125/workspace/research/MultiModalPFN/mmpfn/data/cbis_ddsm/jpeg/1.3.6.1.4.1.9590.100.1.2.201240665512195560313953074353682854284 does not exist, skipping.
Image /home/sgoli125/workspace/research/MultiModalPFN/mmpfn/data/cbis_ddsm/jpeg/1.3.6.1.4.1.9590.100.1.2.304402775711897537235123344790702793618 does not exist, skipping.
Image /home/sgoli125/workspace/research/MultiModalPFN/mmpfn/data/cbis_ddsm/jpeg/1.3.6.1.4.1.9590.100.1.2.304402775711897537235123344790702793618 does not exist, skipping.
Image /home/sgoli125/workspace/research/MultiModalPFN/mmpfn/data/cbis_ddsm/jpeg/1.3.6.1.4.1.9590.100.1.2.368986444712650578937049988311128526339 does not exist, skipping.
Image /home/sgoli125/workspace/research/MultiModalPFN/mmpfn/data/cbis_ddsm/jpeg/1.3.6.1.4.1.9590.100.1.2.387883815711770815502763636591812789251 does not exist, skipping.
Image /home/sgoli125/workspace/research/MultiModalPFN/mmpfn/data/cbis_ddsm/jpeg/1.3.6.1.4.1.9590.100.1.2.387883815711770815502763636591812789251 does not exist, skipping.
Image /home/sgoli125/workspace/research/MultiModalPFN/mmpfn/data/cbis_ddsm/jpeg/1.3.6.1.4.1.9590.100.1.2.19740910011800199029410909802468870106 does not exist, skipping.
Image /home/sgoli125/workspace/research/MultiModalPFN/mmpfn/data/cbis_ddsm/jpeg/1.3.6.1.4.1.9590.100.1.2.270795875912973313139255571802240301979 does not exist, skipping.
Image /home/sgoli125/workspace/research/MultiModalPFN/mmpfn/data/cbis_ddsm/jpeg/1.3.6.1.4.1.9590.100.1.2.270795875912973313139255571802240301979 does not exist, skipping.
Image /home/sgoli125/workspace/research/MultiModalPFN/mmpfn/data/cbis_ddsm/jpeg/1.3.6.1.4.1.9590.100.1.2.302402964810009466316029984231724658295 does not exist, skipping.
Image /home/sgoli125/workspace/research/MultiModalPFN/mmpfn/data/cbis_ddsm/jpeg/1.3.6.1.4.1.9590.100.1.2.302402964810009466316029984231724658295 does not exist, skipping.
Image /home/sgoli125/workspace/research/MultiModalPFN/mmpfn/data/cbis_ddsm/jpeg/1.3.6.1.4.1.9590.100.1.2.215136724312409293834096511230082122068 does not exist, skipping.
Image /home/sgoli125/workspace/research/MultiModalPFN/mmpfn/data/cbis_ddsm/jpeg/1.3.6.1.4.1.9590.100.1.2.215136724312409293834096511230082122068 does not exist, skipping.
Image /home/sgoli125/workspace/research/MultiModalPFN/mmpfn/data/cbis_ddsm/jpeg/1.3.6.1.4.1.9590.100.1.2.99750660712463840925228822324256611547 does not exist, skipping.
Image /home/sgoli125/workspace/research/MultiModalPFN/mmpfn/data/cbis_ddsm/jpeg/1.3.6.1.4.1.9590.100.1.2.50949999411524743919412765622694239886 does not exist, skipping.
Image /home/sgoli125/workspace/research/MultiModalPFN/mmpfn/data/cbis_ddsm/jpeg/1.3.6.1.4.1.9590.100.1.2.50949999411524743919412765622694239886 does not exist, skipping.
Image /home/sgoli125/workspace/research/MultiModalPFN/mmpfn/data/cbis_ddsm/jpeg/1.3.6.1.4.1.9590.100.1.2.229089108512117940237731317113500751385 does not exist, skipping.
Image /home/sgoli125/workspace/research/MultiModalPFN/mmpfn/data/cbis_ddsm/jpeg/1.3.6.1.4.1.9590.100.1.2.50489409611504312524210891883569393093 does not exist, skipping.
Image /home/sgoli125/workspace/research/MultiModalPFN/mmpfn/data/cbis_ddsm/jpeg/1.3.6.1.4.1.9590.100.1.2.410956406213401537932402743063193185328 does not exist, skipping.
Image /home/sgoli125/workspace/research/MultiModalPFN/mmpfn/data/cbis_ddsm/jpeg/1.3.6.1.4.1.9590.100.1.2.387296562011681044822766944520294884516 does not exist, skipping.
Image /home/sgoli125/workspace/research/MultiModalPFN/mmpfn/data/cbis_ddsm/jpeg/1.3.6.1.4.1.9590.100.1.2.387296562011681044822766944520294884516 does not exist, skipping.
Image /home/sgoli125/workspace/research/MultiModalPFN/mmpfn/data/cbis_ddsm/jpeg/1.3.6.1.4.1.9590.100.1.2.357413708811467715339540350982113494492 does not exist, skipping.
Image /home/sgoli125/workspace/research/MultiModalPFN/mmpfn/data/cbis_ddsm/jpeg/1.3.6.1.4.1.9590.100.1.2.23469712812014256806861933360722981844 does not exist, skipping.
Image /home/sgoli125/workspace/research/MultiModalPFN/mmpfn/data/cbis_ddsm/jpeg/1.3.6.1.4.1.9590.100.1.2.68230632012701319727388911992703728177 does not exist, skipping.
Image /home/sgoli125/workspace/research/MultiModalPFN/mmpfn/data/cbis_ddsm/jpeg/1.3.6.1.4.1.9590.100.1.2.274294053310488481027210700083969292113 does not exist, skipping.
Image /home/sgoli125/workspace/research/MultiModalPFN/mmpfn/data/cbis_ddsm/jpeg/1.3.6.1.4.1.9590.100.1.2.218276781510398310040036064503120593339 does not exist, skipping.
Image /home/sgoli125/workspace/research/MultiModalPFN/mmpfn/data/cbis_ddsm/jpeg/1.3.6.1.4.1.9590.100.1.2.74463249311700809726366014760950238482 does not exist, skipping.
Image /home/sgoli125/workspace/research/MultiModalPFN/mmpfn/data/cbis_ddsm/jpeg/1.3.6.1.4.1.9590.100.1.2.99556272612457422632133938401810313870 does not exist, skipping.
Image /home/sgoli125/workspace/research/MultiModalPFN/mmpfn/data/cbis_ddsm/jpeg/1.3.6.1.4.1.9590.100.1.2.99556272612457422632133938401810313870 does not exist, skipping.
Image /home/sgoli125/workspace/research/MultiModalPFN/mmpfn/data/cbis_ddsm/jpeg/1.3.6.1.4.1.9590.100.1.2.62593965512657640623373713153873390284 does not exist, skipping.
Image /home/sgoli125/workspace/research/MultiModalPFN/mmpfn/data/cbis_ddsm/jpeg/1.3.6.1.4.1.9590.100.1.2.261192765912804200626252858120344205414 does not exist, skipping.
Image /home/sgoli125/workspace/research/MultiModalPFN/mmpfn/data/cbis_ddsm/jpeg/1.3.6.1.4.1.9590.100.1.2.261192765912804200626252858120344205414 does not exist, skipping.
Image /home/sgoli125/workspace/research/MultiModalPFN/mmpfn/data/cbis_ddsm/jpeg/1.3.6.1.4.1.9590.100.1.2.221881355710420632707555554661923280129 does not exist, skipping.
Image /home/sgoli125/workspace/research/MultiModalPFN/mmpfn/data/cbis_ddsm/jpeg/1.3.6.1.4.1.9590.100.1.2.221881355710420632707555554661923280129 does not exist, skipping.
Image /home/sgoli125/workspace/research/MultiModalPFN/mmpfn/data/cbis_ddsm/jpeg/1.3.6.1.4.1.9590.100.1.2.262829004913770438901283129831849680687 does not exist, skipping.
Image /home/sgoli125/workspace/research/MultiModalPFN/mmpfn/data/cbis_ddsm/jpeg/1.3.6.1.4.1.9590.100.1.2.262829004913770438901283129831849680687 does not exist, skipping.
Image /home/sgoli125/workspace/research/MultiModalPFN/mmpfn/data/cbis_ddsm/jpeg/1.3.6.1.4.1.9590.100.1.2.229233193411205412904213587702779086613 does not exist, skipping.
Image /home/sgoli125/workspace/research/MultiModalPFN/mmpfn/data/cbis_ddsm/jpeg/1.3.6.1.4.1.9590.100.1.2.357722134612948294104178607601099575010 does not exist, skipping.
Image /home/sgoli125/workspace/research/MultiModalPFN/mmpfn/data/cbis_ddsm/jpeg/1.3.6.1.4.1.9590.100.1.2.357722134612948294104178607601099575010 does not exist, skipping.
Image /home/sgoli125/workspace/research/MultiModalPFN/mmpfn/data/cbis_ddsm/jpeg/1.3.6.1.4.1.9590.100.1.2.62979470112134629037443892930805886817 does not exist, skipping.
Image /home/sgoli125/workspace/research/MultiModalPFN/mmpfn/data/cbis_ddsm/jpeg/1.3.6.1.4.1.9590.100.1.2.413759996612745390518110068652608488468 does not exist, skipping.
Image /home/sgoli125/workspace/research/MultiModalPFN/mmpfn/data/cbis_ddsm/jpeg/1.3.6.1.4.1.9590.100.1.2.327366339511788316523335369483900506059 does not exist, skipping.
Image /home/sgoli125/workspace/research/MultiModalPFN/mmpfn/data/cbis_ddsm/jpeg/1.3.6.1.4.1.9590.100.1.2.327366339511788316523335369483900506059 does not exist, skipping.
Image /home/sgoli125/workspace/research/MultiModalPFN/mmpfn/data/cbis_ddsm/jpeg/1.3.6.1.4.1.9590.100.1.2.418121868412898383719567048980762865302 does not exist, skipping.
Image /home/sgoli125/workspace/research/MultiModalPFN/mmpfn/data/cbis_ddsm/jpeg/1.3.6.1.4.1.9590.100.1.2.376065578012810917910810451392263640984 does not exist, skipping.
Image /home/sgoli125/workspace/research/MultiModalPFN/mmpfn/data/cbis_ddsm/jpeg/1.3.6.1.4.1.9590.100.1.2.376065578012810917910810451392263640984 does not exist, skipping.
Image /home/sgoli125/workspace/research/MultiModalPFN/mmpfn/data/cbis_ddsm/jpeg/1.3.6.1.4.1.9590.100.1.2.422321660511944928339182593414017067771 does not exist, skipping.
Image /home/sgoli125/workspace/research/MultiModalPFN/mmpfn/data/cbis_ddsm/jpeg/1.3.6.1.4.1.9590.100.1.2.348671443711028774541237475140250344636 does not exist, skipping.
Image /home/sgoli125/workspace/research/MultiModalPFN/mmpfn/data/cbis_ddsm/jpeg/1.3.6.1.4.1.9590.100.1.2.348671443711028774541237475140250344636 does not exist, skipping.
Image /home/sgoli125/workspace/research/MultiModalPFN/mmpfn/data/cbis_ddsm/jpeg/1.3.6.1.4.1.9590.100.1.2.224387817711017671103250466620993244947 does not exist, skipping.
Image /home/sgoli125/workspace/research/MultiModalPFN/mmpfn/data/cbis_ddsm/jpeg/1.3.6.1.4.1.9590.100.1.2.293907257910665713422293198341351848937 does not exist, skipping.
Image /home/sgoli125/workspace/research/MultiModalPFN/mmpfn/data/cbis_ddsm/jpeg/1.3.6.1.4.1.9590.100.1.2.293907257910665713422293198341351848937 does not exist, skipping.
Image /home/sgoli125/workspace/research/MultiModalPFN/mmpfn/data/cbis_ddsm/jpeg/1.3.6.1.4.1.9590.100.1.2.212485674411876185205044015412301382468 does not exist, skipping.
Image /home/sgoli125/workspace/research/MultiModalPFN/mmpfn/data/cbis_ddsm/jpeg/1.3.6.1.4.1.9590.100.1.2.318654305512346386826757421392518517249 does not exist, skipping.
Image /home/sgoli125/workspace/research/MultiModalPFN/mmpfn/data/cbis_ddsm/jpeg/1.3.6.1.4.1.9590.100.1.2.318654305512346386826757421392518517249 does not exist, skipping.
Image /home/sgoli125/workspace/research/MultiModalPFN/mmpfn/data/cbis_ddsm/jpeg/1.3.6.1.4.1.9590.100.1.2.210396893911234385024533119100226540488 does not exist, skipping.
Image /home/sgoli125/workspace/research/MultiModalPFN/mmpfn/data/cbis_ddsm/jpeg/1.3.6.1.4.1.9590.100.1.2.25969352411110563739656295912578150282 does not exist, skipping.
Image /home/sgoli125/workspace/research/MultiModalPFN/mmpfn/data/cbis_ddsm/jpeg/1.3.6.1.4.1.9590.100.1.2.25969352411110563739656295912578150282 does not exist, skipping.
Image /home/sgoli125/workspace/research/MultiModalPFN/mmpfn/data/cbis_ddsm/jpeg/1.3.6.1.4.1.9590.100.1.2.317023400412253835242783804182463031101 does not exist, skipping.
Image /home/sgoli125/workspace/research/MultiModalPFN/mmpfn/data/cbis_ddsm/jpeg/1.3.6.1.4.1.9590.100.1.2.283008266512133312914447896601258498664 does not exist, skipping.
Image /home/sgoli125/workspace/research/MultiModalPFN/mmpfn/data/cbis_ddsm/jpeg/1.3.6.1.4.1.9590.100.1.2.250804776510209221639282845450225961571 does not exist, skipping.
Image /home/sgoli125/workspace/research/MultiModalPFN/mmpfn/data/cbis_ddsm/jpeg/1.3.6.1.4.1.9590.100.1.2.250804776510209221639282845450225961571 does not exist, skipping.
Image /home/sgoli125/workspace/research/MultiModalPFN/mmpfn/data/cbis_ddsm/jpeg/1.3.6.1.4.1.9590.100.1.2.216922083911966113623502027560305369556 does not exist, skipping.
Image /home/sgoli125/workspace/research/MultiModalPFN/mmpfn/data/cbis_ddsm/jpeg/1.3.6.1.4.1.9590.100.1.2.216922083911966113623502027560305369556 does not exist, skipping.
Image /home/sgoli125/workspace/research/MultiModalPFN/mmpfn/data/cbis_ddsm/jpeg/1.3.6.1.4.1.9590.100.1.2.284187758012079438624321826993702779226 does not exist, skipping.
Image /home/sgoli125/workspace/research/MultiModalPFN/mmpfn/data/cbis_ddsm/jpeg/1.3.6.1.4.1.9590.100.1.2.284187758012079438624321826993702779226 does not exist, skipping.
Image /home/sgoli125/workspace/research/MultiModalPFN/mmpfn/data/cbis_ddsm/jpeg/1.3.6.1.4.1.9590.100.1.2.219607249012903142628057639991148226306 does not exist, skipping.
Image /home/sgoli125/workspace/research/MultiModalPFN/mmpfn/data/cbis_ddsm/jpeg/1.3.6.1.4.1.9590.100.1.2.385109354911215659640550521791483416794 does not exist, skipping.
Image /home/sgoli125/workspace/research/MultiModalPFN/mmpfn/data/cbis_ddsm/jpeg/1.3.6.1.4.1.9590.100.1.2.236670617911987726533722446422175970575 does not exist, skipping.
Image /home/sgoli125/workspace/research/MultiModalPFN/mmpfn/data/cbis_ddsm/jpeg/1.3.6.1.4.1.9590.100.1.2.236670617911987726533722446422175970575 does not exist, skipping.
Image /home/sgoli125/workspace/research/MultiModalPFN/mmpfn/data/cbis_ddsm/jpeg/1.3.6.1.4.1.9590.100.1.2.304519081612179284710421328990723994917 does not exist, skipping.
Image /home/sgoli125/workspace/research/MultiModalPFN/mmpfn/data/cbis_ddsm/jpeg/1.3.6.1.4.1.9590.100.1.2.304519081612179284710421328990723994917 does not exist, skipping.
Image /home/sgoli125/workspace/research/MultiModalPFN/mmpfn/data/cbis_ddsm/jpeg/1.3.6.1.4.1.9590.100.1.2.411855375211865418412821223962616646376 does not exist, skipping.
Image /home/sgoli125/workspace/research/MultiModalPFN/mmpfn/data/cbis_ddsm/jpeg/1.3.6.1.4.1.9590.100.1.2.230171348413918905101815148832638505428 does not exist, skipping.
Image /home/sgoli125/workspace/research/MultiModalPFN/mmpfn/data/cbis_ddsm/jpeg/1.3.6.1.4.1.9590.100.1.2.230171348413918905101815148832638505428 does not exist, skipping.
Image /home/sgoli125/workspace/research/MultiModalPFN/mmpfn/data/cbis_ddsm/jpeg/1.3.6.1.4.1.9590.100.1.2.202768616810512271114815282293532312680 does not exist, skipping.
Image /home/sgoli125/workspace/research/MultiModalPFN/mmpfn/data/cbis_ddsm/jpeg/1.3.6.1.4.1.9590.100.1.2.202768616810512271114815282293532312680 does not exist, skipping.
Image /home/sgoli125/workspace/research/MultiModalPFN/mmpfn/data/cbis_ddsm/jpeg/1.3.6.1.4.1.9590.100.1.2.345891015013816713918233478951770382675 does not exist, skipping.
Image /home/sgoli125/workspace/research/MultiModalPFN/mmpfn/data/cbis_ddsm/jpeg/1.3.6.1.4.1.9590.100.1.2.375537905711403561425613326282216697119 does not exist, skipping.
Image /home/sgoli125/workspace/research/MultiModalPFN/mmpfn/data/cbis_ddsm/jpeg/1.3.6.1.4.1.9590.100.1.2.67909359712541920921407264560530180378 does not exist, skipping.
Image /home/sgoli125/workspace/research/MultiModalPFN/mmpfn/data/cbis_ddsm/jpeg/1.3.6.1.4.1.9590.100.1.2.387602814412915980933284786482185012652 does not exist, skipping.
Image /home/sgoli125/workspace/research/MultiModalPFN/mmpfn/data/cbis_ddsm/jpeg/1.3.6.1.4.1.9590.100.1.2.273984104610426378510460414724019418079 does not exist, skipping.
Image /home/sgoli125/workspace/research/MultiModalPFN/mmpfn/data/cbis_ddsm/jpeg/1.3.6.1.4.1.9590.100.1.2.228126330611845326105134004493115557165 does not exist, skipping.
Image /home/sgoli125/workspace/research/MultiModalPFN/mmpfn/data/cbis_ddsm/jpeg/1.3.6.1.4.1.9590.100.1.2.228126330611845326105134004493115557165 does not exist, skipping.
Image /home/sgoli125/workspace/research/MultiModalPFN/mmpfn/data/cbis_ddsm/jpeg/1.3.6.1.4.1.9590.100.1.2.425698079412077502741643782591283336956 does not exist, skipping.
Image /home/sgoli125/workspace/research/MultiModalPFN/mmpfn/data/cbis_ddsm/jpeg/1.3.6.1.4.1.9590.100.1.2.359318005411141385121658024262643904596 does not exist, skipping.
Image /home/sgoli125/workspace/research/MultiModalPFN/mmpfn/data/cbis_ddsm/jpeg/1.3.6.1.4.1.9590.100.1.2.202401703511057514802783952781477319590 does not exist, skipping.
Image /home/sgoli125/workspace/research/MultiModalPFN/mmpfn/data/cbis_ddsm/jpeg/1.3.6.1.4.1.9590.100.1.2.97836244013855014030148215481481073285 does not exist, skipping.
Image /home/sgoli125/workspace/research/MultiModalPFN/mmpfn/data/cbis_ddsm/jpeg/1.3.6.1.4.1.9590.100.1.2.215523771712142269418380842560270311029 does not exist, skipping.
Image /home/sgoli125/workspace/research/MultiModalPFN/mmpfn/data/cbis_ddsm/jpeg/1.3.6.1.4.1.9590.100.1.2.415462595712128360934038539982805675099 does not exist, skipping.
Image /home/sgoli125/workspace/research/MultiModalPFN/mmpfn/data/cbis_ddsm/jpeg/1.3.6.1.4.1.9590.100.1.2.21933688311129841903465750080901388039 does not exist, skipping.
Image /home/sgoli125/workspace/research/MultiModalPFN/mmpfn/data/cbis_ddsm/jpeg/1.3.6.1.4.1.9590.100.1.2.21933688311129841903465750080901388039 does not exist, skipping.
Image /home/sgoli125/workspace/research/MultiModalPFN/mmpfn/data/cbis_ddsm/jpeg/1.3.6.1.4.1.9590.100.1.2.282389919913980530741401819110804613866 does not exist, skipping.
Image /home/sgoli125/workspace/research/MultiModalPFN/mmpfn/data/cbis_ddsm/jpeg/1.3.6.1.4.1.9590.100.1.2.402883841511519131634487584491849794613 does not exist, skipping.
Image /home/sgoli125/workspace/research/MultiModalPFN/mmpfn/data/cbis_ddsm/jpeg/1.3.6.1.4.1.9590.100.1.2.402883841511519131634487584491849794613 does not exist, skipping.
Image /home/sgoli125/workspace/research/MultiModalPFN/mmpfn/data/cbis_ddsm/jpeg/1.3.6.1.4.1.9590.100.1.2.231994639912319815200052382050668374079 does not exist, skipping.
Image /home/sgoli125/workspace/research/MultiModalPFN/mmpfn/data/cbis_ddsm/jpeg/1.3.6.1.4.1.9590.100.1.2.261623737711979225101628945182576635559 does not exist, skipping.
Image /home/sgoli125/workspace/research/MultiModalPFN/mmpfn/data/cbis_ddsm/jpeg/1.3.6.1.4.1.9590.100.1.2.261623737711979225101628945182576635559 does not exist, skipping.
Image /home/sgoli125/workspace/research/MultiModalPFN/mmpfn/data/cbis_ddsm/jpeg/1.3.6.1.4.1.9590.100.1.2.208913694812013874407982112591707335888 does not exist, skipping.
Image /home/sgoli125/workspace/research/MultiModalPFN/mmpfn/data/cbis_ddsm/jpeg/1.3.6.1.4.1.9590.100.1.2.59623433512922916105600224193076722301 does not exist, skipping.
Image /home/sgoli125/workspace/research/MultiModalPFN/mmpfn/data/cbis_ddsm/jpeg/1.3.6.1.4.1.9590.100.1.2.372857232512741811521561294420281719494 does not exist, skipping.
Image /home/sgoli125/workspace/research/MultiModalPFN/mmpfn/data/cbis_ddsm/jpeg/1.3.6.1.4.1.9590.100.1.2.360644371912187673603409637413721677692 does not exist, skipping.
Image /home/sgoli125/workspace/research/MultiModalPFN/mmpfn/data/cbis_ddsm/jpeg/1.3.6.1.4.1.9590.100.1.2.360644371912187673603409637413721677692 does not exist, skipping.
Image /home/sgoli125/workspace/research/MultiModalPFN/mmpfn/data/cbis_ddsm/jpeg/1.3.6.1.4.1.9590.100.1.2.82401643410712260421510988033926939770 does not exist, skipping.
Image /home/sgoli125/workspace/research/MultiModalPFN/mmpfn/data/cbis_ddsm/jpeg/1.3.6.1.4.1.9590.100.1.2.202737793212722198626229134660237360289 does not exist, skipping.
Image /home/sgoli125/workspace/research/MultiModalPFN/mmpfn/data/cbis_ddsm/jpeg/1.3.6.1.4.1.9590.100.1.2.202737793212722198626229134660237360289 does not exist, skipping.
Image /home/sgoli125/workspace/research/MultiModalPFN/mmpfn/data/cbis_ddsm/jpeg/1.3.6.1.4.1.9590.100.1.2.68042500812660956403310347563442537777 does not exist, skipping.
Image /home/sgoli125/workspace/research/MultiModalPFN/mmpfn/data/cbis_ddsm/jpeg/1.3.6.1.4.1.9590.100.1.2.68042500812660956403310347563442537777 does not exist, skipping.
Image /home/sgoli125/workspace/research/MultiModalPFN/mmpfn/data/cbis_ddsm/jpeg/1.3.6.1.4.1.9590.100.1.2.305524546111378534235330467170895252659 does not exist, skipping.
Image /home/sgoli125/workspace/research/MultiModalPFN/mmpfn/data/cbis_ddsm/jpeg/1.3.6.1.4.1.9590.100.1.2.255790762312116957142428299530212374263 does not exist, skipping.
Image /home/sgoli125/workspace/research/MultiModalPFN/mmpfn/data/cbis_ddsm/jpeg/1.3.6.1.4.1.9590.100.1.2.314404806713106225939034802010887263081 does not exist, skipping.
Image /home/sgoli125/workspace/research/MultiModalPFN/mmpfn/data/cbis_ddsm/jpeg/1.3.6.1.4.1.9590.100.1.2.226056506812541701701422406810742354508 does not exist, skipping.
Image /home/sgoli125/workspace/research/MultiModalPFN/mmpfn/data/cbis_ddsm/jpeg/1.3.6.1.4.1.9590.100.1.2.226056506812541701701422406810742354508 does not exist, skipping.
Image /home/sgoli125/workspace/research/MultiModalPFN/mmpfn/data/cbis_ddsm/jpeg/1.3.6.1.4.1.9590.100.1.2.370020768811676220424047464123530592133 does not exist, skipping.
Image /home/sgoli125/workspace/research/MultiModalPFN/mmpfn/data/cbis_ddsm/jpeg/1.3.6.1.4.1.9590.100.1.2.214218464012119730924139421650055492627 does not exist, skipping.
Image /home/sgoli125/workspace/research/MultiModalPFN/mmpfn/data/cbis_ddsm/jpeg/1.3.6.1.4.1.9590.100.1.2.212059315612165119641080329433602828486 does not exist, skipping.
Image /home/sgoli125/workspace/research/MultiModalPFN/mmpfn/data/cbis_ddsm/jpeg/1.3.6.1.4.1.9590.100.1.2.212059315612165119641080329433602828486 does not exist, skipping.
Image /home/sgoli125/workspace/research/MultiModalPFN/mmpfn/data/cbis_ddsm/jpeg/1.3.6.1.4.1.9590.100.1.2.315911877812396757514805955883366749551 does not exist, skipping.
Image /home/sgoli125/workspace/research/MultiModalPFN/mmpfn/data/cbis_ddsm/jpeg/1.3.6.1.4.1.9590.100.1.2.315911877812396757514805955883366749551 does not exist, skipping.
Image /home/sgoli125/workspace/research/MultiModalPFN/mmpfn/data/cbis_ddsm/jpeg/1.3.6.1.4.1.9590.100.1.2.292360889211001391813520710751199015294 does not exist, skipping.
Image /home/sgoli125/workspace/research/MultiModalPFN/mmpfn/data/cbis_ddsm/jpeg/1.3.6.1.4.1.9590.100.1.2.290132331713952740012813940541363842293 does not exist, skipping.
Image /home/sgoli125/workspace/research/MultiModalPFN/mmpfn/data/cbis_ddsm/jpeg/1.3.6.1.4.1.9590.100.1.2.398497021411248339900060809392361766695 does not exist, skipping.
Image /home/sgoli125/workspace/research/MultiModalPFN/mmpfn/data/cbis_ddsm/jpeg/1.3.6.1.4.1.9590.100.1.2.339439935912614423538816085831896154168 does not exist, skipping.
Image /home/sgoli125/workspace/research/MultiModalPFN/mmpfn/data/cbis_ddsm/jpeg/1.3.6.1.4.1.9590.100.1.2.340359326211929317912913978132041069371 does not exist, skipping.
Image /home/sgoli125/workspace/research/MultiModalPFN/mmpfn/data/cbis_ddsm/jpeg/1.3.6.1.4.1.9590.100.1.2.340359326211929317912913978132041069371 does not exist, skipping.
Image /home/sgoli125/workspace/research/MultiModalPFN/mmpfn/data/cbis_ddsm/jpeg/1.3.6.1.4.1.9590.100.1.2.8410467113397589130892417321719761436 does not exist, skipping.
Image /home/sgoli125/workspace/research/MultiModalPFN/mmpfn/data/cbis_ddsm/jpeg/1.3.6.1.4.1.9590.100.1.2.8410467113397589130892417321719761436 does not exist, skipping.
Image /home/sgoli125/workspace/research/MultiModalPFN/mmpfn/data/cbis_ddsm/jpeg/1.3.6.1.4.1.9590.100.1.2.79933365113424051929960925942771243583 does not exist, skipping.
Image /home/sgoli125/workspace/research/MultiModalPFN/mmpfn/data/cbis_ddsm/jpeg/1.3.6.1.4.1.9590.100.1.2.331137560312544604428491674931143560900 does not exist, skipping.
Image /home/sgoli125/workspace/research/MultiModalPFN/mmpfn/data/cbis_ddsm/jpeg/1.3.6.1.4.1.9590.100.1.2.331137560312544604428491674931143560900 does not exist, skipping.
Image /home/sgoli125/workspace/research/MultiModalPFN/mmpfn/data/cbis_ddsm/jpeg/1.3.6.1.4.1.9590.100.1.2.392008643813084177039922070163021225657 does not exist, skipping.
Image /home/sgoli125/workspace/research/MultiModalPFN/mmpfn/data/cbis_ddsm/jpeg/1.3.6.1.4.1.9590.100.1.2.45131627713144582424202640662752027993 does not exist, skipping.
Image /home/sgoli125/workspace/research/MultiModalPFN/mmpfn/data/cbis_ddsm/jpeg/1.3.6.1.4.1.9590.100.1.2.45131627713144582424202640662752027993 does not exist, skipping.
Image /home/sgoli125/workspace/research/MultiModalPFN/mmpfn/data/cbis_ddsm/jpeg/1.3.6.1.4.1.9590.100.1.2.197346252612402417607685923081598641765 does not exist, skipping.
Image /home/sgoli125/workspace/research/MultiModalPFN/mmpfn/data/cbis_ddsm/jpeg/1.3.6.1.4.1.9590.100.1.2.197346252612402417607685923081598641765 does not exist, skipping.
Image /home/sgoli125/workspace/research/MultiModalPFN/mmpfn/data/cbis_ddsm/jpeg/1.3.6.1.4.1.9590.100.1.2.399148800610801388215267616082877384943 does not exist, skipping.
Image /home/sgoli125/workspace/research/MultiModalPFN/mmpfn/data/cbis_ddsm/jpeg/1.3.6.1.4.1.9590.100.1.2.224916249212977532224789480120214111964 does not exist, skipping.
Image /home/sgoli125/workspace/research/MultiModalPFN/mmpfn/data/cbis_ddsm/jpeg/1.3.6.1.4.1.9590.100.1.2.224916249212977532224789480120214111964 does not exist, skipping.
Image /home/sgoli125/workspace/research/MultiModalPFN/mmpfn/data/cbis_ddsm/jpeg/1.3.6.1.4.1.9590.100.1.2.53701446512313340322746385173956683456 does not exist, skipping.
Image /home/sgoli125/workspace/research/MultiModalPFN/mmpfn/data/cbis_ddsm/jpeg/1.3.6.1.4.1.9590.100.1.2.53701446512313340322746385173956683456 does not exist, skipping.
Image /home/sgoli125/workspace/research/MultiModalPFN/mmpfn/data/cbis_ddsm/jpeg/1.3.6.1.4.1.9590.100.1.2.382657594211162984225466586992096852070 does not exist, skipping.
Image /home/sgoli125/workspace/research/MultiModalPFN/mmpfn/data/cbis_ddsm/jpeg/1.3.6.1.4.1.9590.100.1.2.93494546611194317304163767440525328501 does not exist, skipping.
Image /home/sgoli125/workspace/research/MultiModalPFN/mmpfn/data/cbis_ddsm/jpeg/1.3.6.1.4.1.9590.100.1.2.93494546611194317304163767440525328501 does not exist, skipping.
Image /home/sgoli125/workspace/research/MultiModalPFN/mmpfn/data/cbis_ddsm/jpeg/1.3.6.1.4.1.9590.100.1.2.234264149413555822135819997471071754701 does not exist, skipping.
Image /home/sgoli125/workspace/research/MultiModalPFN/mmpfn/data/cbis_ddsm/jpeg/1.3.6.1.4.1.9590.100.1.2.214307142312142906721299155794208756020 does not exist, skipping.
Image /home/sgoli125/workspace/research/MultiModalPFN/mmpfn/data/cbis_ddsm/jpeg/1.3.6.1.4.1.9590.100.1.2.214307142312142906721299155794208756020 does not exist, skipping.
Image /home/sgoli125/workspace/research/MultiModalPFN/mmpfn/data/cbis_ddsm/jpeg/1.3.6.1.4.1.9590.100.1.2.234264149413555822135819997471071754701 does not exist, skipping.
Image /home/sgoli125/workspace/research/MultiModalPFN/mmpfn/data/cbis_ddsm/jpeg/1.3.6.1.4.1.9590.100.1.2.299416691811132387805047574290099100208 does not exist, skipping.
Image /home/sgoli125/workspace/research/MultiModalPFN/mmpfn/data/cbis_ddsm/jpeg/1.3.6.1.4.1.9590.100.1.2.299416691811132387805047574290099100208 does not exist, skipping.
Image /home/sgoli125/workspace/research/MultiModalPFN/mmpfn/data/cbis_ddsm/jpeg/1.3.6.1.4.1.9590.100.1.2.65397885011427959107666095712572175020 does not exist, skipping.
Image /home/sgoli125/workspace/research/MultiModalPFN/mmpfn/data/cbis_ddsm/jpeg/1.3.6.1.4.1.9590.100.1.2.268241184711512694708500824511797811128 does not exist, skipping.
Image /home/sgoli125/workspace/research/MultiModalPFN/mmpfn/data/cbis_ddsm/jpeg/1.3.6.1.4.1.9590.100.1.2.268241184711512694708500824511797811128 does not exist, skipping.
Image /home/sgoli125/workspace/research/MultiModalPFN/mmpfn/data/cbis_ddsm/jpeg/1.3.6.1.4.1.9590.100.1.2.6277281410639072436330631001055971673 does not exist, skipping.
Image /home/sgoli125/workspace/research/MultiModalPFN/mmpfn/data/cbis_ddsm/jpeg/1.3.6.1.4.1.9590.100.1.2.61363801911526324605964171543724492889 does not exist, skipping.
Image /home/sgoli125/workspace/research/MultiModalPFN/mmpfn/data/cbis_ddsm/jpeg/1.3.6.1.4.1.9590.100.1.2.99414815712055248828806158580205252337 does not exist, skipping.
Image /home/sgoli125/workspace/research/MultiModalPFN/mmpfn/data/cbis_ddsm/jpeg/1.3.6.1.4.1.9590.100.1.2.25032151411293752139034702442380199664 does not exist, skipping.
Image /home/sgoli125/workspace/research/MultiModalPFN/mmpfn/data/cbis_ddsm/jpeg/1.3.6.1.4.1.9590.100.1.2.361530639512849850426252484243516496841 does not exist, skipping.
Image /home/sgoli125/workspace/research/MultiModalPFN/mmpfn/data/cbis_ddsm/jpeg/1.3.6.1.4.1.9590.100.1.2.361530639512849850426252484243516496841 does not exist, skipping.
Image /home/sgoli125/workspace/research/MultiModalPFN/mmpfn/data/cbis_ddsm/jpeg/1.3.6.1.4.1.9590.100.1.2.70876162012018497914376684992676851191 does not exist, skipping.
Image /home/sgoli125/workspace/research/MultiModalPFN/mmpfn/data/cbis_ddsm/jpeg/1.3.6.1.4.1.9590.100.1.2.4657822511770324833282444102297782375 does not exist, skipping.
Image /home/sgoli125/workspace/research/MultiModalPFN/mmpfn/data/cbis_ddsm/jpeg/1.3.6.1.4.1.9590.100.1.2.4657822511770324833282444102297782375 does not exist, skipping.
Image /home/sgoli125/workspace/research/MultiModalPFN/mmpfn/data/cbis_ddsm/jpeg/1.3.6.1.4.1.9590.100.1.2.52258729211553633726350106974257225965 does not exist, skipping.
Image /home/sgoli125/workspace/research/MultiModalPFN/mmpfn/data/cbis_ddsm/jpeg/1.3.6.1.4.1.9590.100.1.2.52258729211553633726350106974257225965 does not exist, skipping.
Image /home/sgoli125/workspace/research/MultiModalPFN/mmpfn/data/cbis_ddsm/jpeg/1.3.6.1.4.1.9590.100.1.2.36973906811599885708278337542645873450 does not exist, skipping.
Image /home/sgoli125/workspace/research/MultiModalPFN/mmpfn/data/cbis_ddsm/jpeg/1.3.6.1.4.1.9590.100.1.2.36973906811599885708278337542645873450 does not exist, skipping.
Image /home/sgoli125/workspace/research/MultiModalPFN/mmpfn/data/cbis_ddsm/jpeg/1.3.6.1.4.1.9590.100.1.2.299840096611817972100205748541133227751 does not exist, skipping.
Image /home/sgoli125/workspace/research/MultiModalPFN/mmpfn/data/cbis_ddsm/jpeg/1.3.6.1.4.1.9590.100.1.2.299840096611817972100205748541133227751 does not exist, skipping.
Image /home/sgoli125/workspace/research/MultiModalPFN/mmpfn/data/cbis_ddsm/jpeg/1.3.6.1.4.1.9590.100.1.2.297721513212224328525927317790343423417 does not exist, skipping.
Image /home/sgoli125/workspace/research/MultiModalPFN/mmpfn/data/cbis_ddsm/jpeg/1.3.6.1.4.1.9590.100.1.2.297721513212224328525927317790343423417 does not exist, skipping.
Image /home/sgoli125/workspace/research/MultiModalPFN/mmpfn/data/cbis_ddsm/jpeg/1.3.6.1.4.1.9590.100.1.2.413649283612363041841325981584035387792 does not exist, skipping.
Image /home/sgoli125/workspace/research/MultiModalPFN/mmpfn/data/cbis_ddsm/jpeg/1.3.6.1.4.1.9590.100.1.2.413649283612363041841325981584035387792 does not exist, skipping.
Image /home/sgoli125/workspace/research/MultiModalPFN/mmpfn/data/cbis_ddsm/jpeg/1.3.6.1.4.1.9590.100.1.2.338323886311721128414985788600586750993 does not exist, skipping.
Image /home/sgoli125/workspace/research/MultiModalPFN/mmpfn/data/cbis_ddsm/jpeg/1.3.6.1.4.1.9590.100.1.2.338323886311721128414985788600586750993 does not exist, skipping.
Image /home/sgoli125/workspace/research/MultiModalPFN/mmpfn/data/cbis_ddsm/jpeg/1.3.6.1.4.1.9590.100.1.2.365658432013141824814054805790287324550 does not exist, skipping.
Image /home/sgoli125/workspace/research/MultiModalPFN/mmpfn/data/cbis_ddsm/jpeg/1.3.6.1.4.1.9590.100.1.2.385542139512279828113137552801440217253 does not exist, skipping.
Image /home/sgoli125/workspace/research/MultiModalPFN/mmpfn/data/cbis_ddsm/jpeg/1.3.6.1.4.1.9590.100.1.2.75202290013114367608224815400853888504 does not exist, skipping.
Image /home/sgoli125/workspace/research/MultiModalPFN/mmpfn/data/cbis_ddsm/jpeg/1.3.6.1.4.1.9590.100.1.2.75202290013114367608224815400853888504 does not exist, skipping.
Image /home/sgoli125/workspace/research/MultiModalPFN/mmpfn/data/cbis_ddsm/jpeg/1.3.6.1.4.1.9590.100.1.2.385542139512279828113137552801440217253 does not exist, skipping.
Image /home/sgoli125/workspace/research/MultiModalPFN/mmpfn/data/cbis_ddsm/jpeg/1.3.6.1.4.1.9590.100.1.2.307352268312659989829586973762751161002 does not exist, skipping.
Image /home/sgoli125/workspace/research/MultiModalPFN/mmpfn/data/cbis_ddsm/jpeg/1.3.6.1.4.1.9590.100.1.2.307352268312659989829586973762751161002 does not exist, skipping.
Image /home/sgoli125/workspace/research/MultiModalPFN/mmpfn/data/cbis_ddsm/jpeg/1.3.6.1.4.1.9590.100.1.2.385542139512279828113137552801440217253 does not exist, skipping.
Image /home/sgoli125/workspace/research/MultiModalPFN/mmpfn/data/cbis_ddsm/jpeg/1.3.6.1.4.1.9590.100.1.2.354433452712125506109472218882588383168 does not exist, skipping.
Image /home/sgoli125/workspace/research/MultiModalPFN/mmpfn/data/cbis_ddsm/jpeg/1.3.6.1.4.1.9590.100.1.2.36074467210883911942598447724154867824 does not exist, skipping.
Image /home/sgoli125/workspace/research/MultiModalPFN/mmpfn/data/cbis_ddsm/jpeg/1.3.6.1.4.1.9590.100.1.2.36074467210883911942598447724154867824 does not exist, skipping.
Image /home/sgoli125/workspace/research/MultiModalPFN/mmpfn/data/cbis_ddsm/jpeg/1.3.6.1.4.1.9590.100.1.2.354433452712125506109472218882588383168 does not exist, skipping.
Image /home/sgoli125/workspace/research/MultiModalPFN/mmpfn/data/cbis_ddsm/jpeg/1.3.6.1.4.1.9590.100.1.2.281337473811388762225470030444082528411 does not exist, skipping.
Image /home/sgoli125/workspace/research/MultiModalPFN/mmpfn/data/cbis_ddsm/jpeg/1.3.6.1.4.1.9590.100.1.2.281337473811388762225470030444082528411 does not exist, skipping.
Image /home/sgoli125/workspace/research/MultiModalPFN/mmpfn/data/cbis_ddsm/jpeg/1.3.6.1.4.1.9590.100.1.2.354433452712125506109472218882588383168 does not exist, skipping.
Image /home/sgoli125/workspace/research/MultiModalPFN/mmpfn/data/cbis_ddsm/jpeg/1.3.6.1.4.1.9590.100.1.2.406318543011047416123545601401351916609 does not exist, skipping.
Image /home/sgoli125/workspace/research/MultiModalPFN/mmpfn/data/cbis_ddsm/jpeg/1.3.6.1.4.1.9590.100.1.2.406318543011047416123545601401351916609 does not exist, skipping.
Image /home/sgoli125/workspace/research/MultiModalPFN/mmpfn/data/cbis_ddsm/jpeg/1.3.6.1.4.1.9590.100.1.2.314672984211473148314631420561188631680 does not exist, skipping.
Image /home/sgoli125/workspace/research/MultiModalPFN/mmpfn/data/cbis_ddsm/jpeg/1.3.6.1.4.1.9590.100.1.2.238395371211008093639929187053845367779 does not exist, skipping.
Image /home/sgoli125/workspace/research/MultiModalPFN/mmpfn/data/cbis_ddsm/jpeg/1.3.6.1.4.1.9590.100.1.2.368004662912542721327992859391849058162 does not exist, skipping.
Image /home/sgoli125/workspace/research/MultiModalPFN/mmpfn/data/cbis_ddsm/jpeg/1.3.6.1.4.1.9590.100.1.2.368004662912542721327992859391849058162 does not exist, skipping.
Image /home/sgoli125/workspace/research/MultiModalPFN/mmpfn/data/cbis_ddsm/jpeg/1.3.6.1.4.1.9590.100.1.2.281986553811315949820316643132362105669 does not exist, skipping.
Image /home/sgoli125/workspace/research/MultiModalPFN/mmpfn/data/cbis_ddsm/jpeg/1.3.6.1.4.1.9590.100.1.2.82483264013703353211043055802582138051 does not exist, skipping.
Image /home/sgoli125/workspace/research/MultiModalPFN/mmpfn/data/cbis_ddsm/jpeg/1.3.6.1.4.1.9590.100.1.2.82483264013703353211043055802582138051 does not exist, skipping.
Image /home/sgoli125/workspace/research/MultiModalPFN/mmpfn/data/cbis_ddsm/jpeg/1.3.6.1.4.1.9590.100.1.2.20496943713590304100562295312726777048 does not exist, skipping.
Image /home/sgoli125/workspace/research/MultiModalPFN/mmpfn/data/cbis_ddsm/jpeg/1.3.6.1.4.1.9590.100.1.2.312683164812188449337131936611168112246 does not exist, skipping.
Image /home/sgoli125/workspace/research/MultiModalPFN/mmpfn/data/cbis_ddsm/jpeg/1.3.6.1.4.1.9590.100.1.2.312683164812188449337131936611168112246 does not exist, skipping.
Image /home/sgoli125/workspace/research/MultiModalPFN/mmpfn/data/cbis_ddsm/jpeg/1.3.6.1.4.1.9590.100.1.2.212873695611515204908544382810356004572 does not exist, skipping.
Image /home/sgoli125/workspace/research/MultiModalPFN/mmpfn/data/cbis_ddsm/jpeg/1.3.6.1.4.1.9590.100.1.2.23272694810817726720919448592354113686 does not exist, skipping.
Image /home/sgoli125/workspace/research/MultiModalPFN/mmpfn/data/cbis_ddsm/jpeg/1.3.6.1.4.1.9590.100.1.2.23272694810817726720919448592354113686 does not exist, skipping.
Image /home/sgoli125/workspace/research/MultiModalPFN/mmpfn/data/cbis_ddsm/jpeg/1.3.6.1.4.1.9590.100.1.2.413797574011022647520375059402020255717 does not exist, skipping.
Image /home/sgoli125/workspace/research/MultiModalPFN/mmpfn/data/cbis_ddsm/jpeg/1.3.6.1.4.1.9590.100.1.2.76712534110963745711128267713288845851 does not exist, skipping.
Image /home/sgoli125/workspace/research/MultiModalPFN/mmpfn/data/cbis_ddsm/jpeg/1.3.6.1.4.1.9590.100.1.2.76712534110963745711128267713288845851 does not exist, skipping.
Image /home/sgoli125/workspace/research/MultiModalPFN/mmpfn/data/cbis_ddsm/jpeg/1.3.6.1.4.1.9590.100.1.2.390865353312359350001826968483393826709 does not exist, skipping.
Image /home/sgoli125/workspace/research/MultiModalPFN/mmpfn/data/cbis_ddsm/jpeg/1.3.6.1.4.1.9590.100.1.2.206858401010836227702573341721302137898 does not exist, skipping.
Image /home/sgoli125/workspace/research/MultiModalPFN/mmpfn/data/cbis_ddsm/jpeg/1.3.6.1.4.1.9590.100.1.2.248913725011912288240186162162638948281 does not exist, skipping.
Image /home/sgoli125/workspace/research/MultiModalPFN/mmpfn/data/cbis_ddsm/jpeg/1.3.6.1.4.1.9590.100.1.2.248913725011912288240186162162638948281 does not exist, skipping.
Image /home/sgoli125/workspace/research/MultiModalPFN/mmpfn/data/cbis_ddsm/jpeg/1.3.6.1.4.1.9590.100.1.2.267789362312445254328193755060493708397 does not exist, skipping.
Image /home/sgoli125/workspace/research/MultiModalPFN/mmpfn/data/cbis_ddsm/jpeg/1.3.6.1.4.1.9590.100.1.2.363789891811240091407765876570226862364 does not exist, skipping.
Image /home/sgoli125/workspace/research/MultiModalPFN/mmpfn/data/cbis_ddsm/jpeg/1.3.6.1.4.1.9590.100.1.2.363789891811240091407765876570226862364 does not exist, skipping.
Image /home/sgoli125/workspace/research/MultiModalPFN/mmpfn/data/cbis_ddsm/jpeg/1.3.6.1.4.1.9590.100.1.2.314404845512531202204286874924153609579 does not exist, skipping.
Image /home/sgoli125/workspace/research/MultiModalPFN/mmpfn/data/cbis_ddsm/jpeg/1.3.6.1.4.1.9590.100.1.2.199040568111077523402855758172229500384 does not exist, skipping.
Image /home/sgoli125/workspace/research/MultiModalPFN/mmpfn/data/cbis_ddsm/jpeg/1.3.6.1.4.1.9590.100.1.2.9490768312143804337960531273335721475 does not exist, skipping.
Image /home/sgoli125/workspace/research/MultiModalPFN/mmpfn/data/cbis_ddsm/jpeg/1.3.6.1.4.1.9590.100.1.2.339087009912131470937640175810319897333 does not exist, skipping.
Image /home/sgoli125/workspace/research/MultiModalPFN/mmpfn/data/cbis_ddsm/jpeg/1.3.6.1.4.1.9590.100.1.2.339087009912131470937640175810319897333 does not exist, skipping.
Image /home/sgoli125/workspace/research/MultiModalPFN/mmpfn/data/cbis_ddsm/jpeg/1.3.6.1.4.1.9590.100.1.2.230998132713635217320686521722926530600 does not exist, skipping.
Image /home/sgoli125/workspace/research/MultiModalPFN/mmpfn/data/cbis_ddsm/jpeg/1.3.6.1.4.1.9590.100.1.2.388250836312107946505674318440363195742 does not exist, skipping.
Image /home/sgoli125/workspace/research/MultiModalPFN/mmpfn/data/cbis_ddsm/jpeg/1.3.6.1.4.1.9590.100.1.2.50355268213140176632768833362872994679 does not exist, skipping.
Image /home/sgoli125/workspace/research/MultiModalPFN/mmpfn/data/cbis_ddsm/jpeg/1.3.6.1.4.1.9590.100.1.2.50355268213140176632768833362872994679 does not exist, skipping.
Image /home/sgoli125/workspace/research/MultiModalPFN/mmpfn/data/cbis_ddsm/jpeg/1.3.6.1.4.1.9590.100.1.2.398228992912621415325834282841536079564 does not exist, skipping.
Image /home/sgoli125/workspace/research/MultiModalPFN/mmpfn/data/cbis_ddsm/jpeg/1.3.6.1.4.1.9590.100.1.2.220705595711881550328333449050102941472 does not exist, skipping.
Image /home/sgoli125/workspace/research/MultiModalPFN/mmpfn/data/cbis_ddsm/jpeg/1.3.6.1.4.1.9590.100.1.2.220705595711881550328333449050102941472 does not exist, skipping.
Image /home/sgoli125/workspace/research/MultiModalPFN/mmpfn/data/cbis_ddsm/jpeg/1.3.6.1.4.1.9590.100.1.2.238526180912273821008603434432150732286 does not exist, skipping.
Image /home/sgoli125/workspace/research/MultiModalPFN/mmpfn/data/cbis_ddsm/jpeg/1.3.6.1.4.1.9590.100.1.2.217967928412728276105858671673758219412 does not exist, skipping.
Image /home/sgoli125/workspace/research/MultiModalPFN/mmpfn/data/cbis_ddsm/jpeg/1.3.6.1.4.1.9590.100.1.2.217967928412728276105858671673758219412 does not exist, skipping.
Image /home/sgoli125/workspace/research/MultiModalPFN/mmpfn/data/cbis_ddsm/jpeg/1.3.6.1.4.1.9590.100.1.2.322573177011773799542349690022231384456 does not exist, skipping.
Image /home/sgoli125/workspace/research/MultiModalPFN/mmpfn/data/cbis_ddsm/jpeg/1.3.6.1.4.1.9590.100.1.2.322573177011773799542349690022231384456 does not exist, skipping.
Image /home/sgoli125/workspace/research/MultiModalPFN/mmpfn/data/cbis_ddsm/jpeg/1.3.6.1.4.1.9590.100.1.2.425805369410287321022604020872718369142 does not exist, skipping.
Image /home/sgoli125/workspace/research/MultiModalPFN/mmpfn/data/cbis_ddsm/jpeg/1.3.6.1.4.1.9590.100.1.2.246326421513862106416389991742169179906 does not exist, skipping.
Image /home/sgoli125/workspace/research/MultiModalPFN/mmpfn/data/cbis_ddsm/jpeg/1.3.6.1.4.1.9590.100.1.2.26659847311059959140377481161420041799 does not exist, skipping.
Image /home/sgoli125/workspace/research/MultiModalPFN/mmpfn/data/cbis_ddsm/jpeg/1.3.6.1.4.1.9590.100.1.2.26659847311059959140377481161420041799 does not exist, skipping.
Image /home/sgoli125/workspace/research/MultiModalPFN/mmpfn/data/cbis_ddsm/jpeg/1.3.6.1.4.1.9590.100.1.2.419984796911762114534169253272130085682 does not exist, skipping.
Image /home/sgoli125/workspace/research/MultiModalPFN/mmpfn/data/cbis_ddsm/jpeg/1.3.6.1.4.1.9590.100.1.2.240320129413962051441460353673311461462 does not exist, skipping.
Image /home/sgoli125/workspace/research/MultiModalPFN/mmpfn/data/cbis_ddsm/jpeg/1.3.6.1.4.1.9590.100.1.2.240320129413962051441460353673311461462 does not exist, skipping.
Image /home/sgoli125/workspace/research/MultiModalPFN/mmpfn/data/cbis_ddsm/jpeg/1.3.6.1.4.1.9590.100.1.2.23487771812031315812791753582694635029 does not exist, skipping.
Image /home/sgoli125/workspace/research/MultiModalPFN/mmpfn/data/cbis_ddsm/jpeg/1.3.6.1.4.1.9590.100.1.2.49997917211997806926886603772039315476 does not exist, skipping.
Image /home/sgoli125/workspace/research/MultiModalPFN/mmpfn/data/cbis_ddsm/jpeg/1.3.6.1.4.1.9590.100.1.2.49997917211997806926886603772039315476 does not exist, skipping.
Image /home/sgoli125/workspace/research/MultiModalPFN/mmpfn/data/cbis_ddsm/jpeg/1.3.6.1.4.1.9590.100.1.2.278027362412755370422131255491350386822 does not exist, skipping.
Image /home/sgoli125/workspace/research/MultiModalPFN/mmpfn/data/cbis_ddsm/jpeg/1.3.6.1.4.1.9590.100.1.2.252064356011351853103024017061840879478 does not exist, skipping.
Image /home/sgoli125/workspace/research/MultiModalPFN/mmpfn/data/cbis_ddsm/jpeg/1.3.6.1.4.1.9590.100.1.2.206123349313048920605273107713000332269 does not exist, skipping.
Image /home/sgoli125/workspace/research/MultiModalPFN/mmpfn/data/cbis_ddsm/jpeg/1.3.6.1.4.1.9590.100.1.2.206123349313048920605273107713000332269 does not exist, skipping.
Image /home/sgoli125/workspace/research/MultiModalPFN/mmpfn/data/cbis_ddsm/jpeg/1.3.6.1.4.1.9590.100.1.2.332940887511986446512688867040573314952 does not exist, skipping.
Image /home/sgoli125/workspace/research/MultiModalPFN/mmpfn/data/cbis_ddsm/jpeg/1.3.6.1.4.1.9590.100.1.2.248562395712535703004722180191382728112 does not exist, skipping.
Image /home/sgoli125/workspace/research/MultiModalPFN/mmpfn/data/cbis_ddsm/jpeg/1.3.6.1.4.1.9590.100.1.2.248562395712535703004722180191382728112 does not exist, skipping.
Image /home/sgoli125/workspace/research/MultiModalPFN/mmpfn/data/cbis_ddsm/jpeg/1.3.6.1.4.1.9590.100.1.2.321592050911593154021131107191404498640 does not exist, skipping.
Image /home/sgoli125/workspace/research/MultiModalPFN/mmpfn/data/cbis_ddsm/jpeg/1.3.6.1.4.1.9590.100.1.2.211887870712149523412007440650272478272 does not exist, skipping.
Image /home/sgoli125/workspace/research/MultiModalPFN/mmpfn/data/cbis_ddsm/jpeg/1.3.6.1.4.1.9590.100.1.2.211887870712149523412007440650272478272 does not exist, skipping.
Image /home/sgoli125/workspace/research/MultiModalPFN/mmpfn/data/cbis_ddsm/jpeg/1.3.6.1.4.1.9590.100.1.2.223083467712459708816598629581082954441 does not exist, skipping.
Image /home/sgoli125/workspace/research/MultiModalPFN/mmpfn/data/cbis_ddsm/jpeg/1.3.6.1.4.1.9590.100.1.2.422831607212263837234439461560825032330 does not exist, skipping.
Image /home/sgoli125/workspace/research/MultiModalPFN/mmpfn/data/cbis_ddsm/jpeg/1.3.6.1.4.1.9590.100.1.2.238089865011378985328420187170348120186 does not exist, skipping.
Image /home/sgoli125/workspace/research/MultiModalPFN/mmpfn/data/cbis_ddsm/jpeg/1.3.6.1.4.1.9590.100.1.2.238089865011378985328420187170348120186 does not exist, skipping.
Image /home/sgoli125/workspace/research/MultiModalPFN/mmpfn/data/cbis_ddsm/jpeg/1.3.6.1.4.1.9590.100.1.2.35663415613224959926241222963710883663 does not exist, skipping.
Image /home/sgoli125/workspace/research/MultiModalPFN/mmpfn/data/cbis_ddsm/jpeg/1.3.6.1.4.1.9590.100.1.2.386664917710374733938834638332966540392 does not exist, skipping.
Image /home/sgoli125/workspace/research/MultiModalPFN/mmpfn/data/cbis_ddsm/jpeg/1.3.6.1.4.1.9590.100.1.2.386664917710374733938834638332966540392 does not exist, skipping.
Image /home/sgoli125/workspace/research/MultiModalPFN/mmpfn/data/cbis_ddsm/jpeg/1.3.6.1.4.1.9590.100.1.2.279009357312590326405692300091346688718 does not exist, skipping.
Image /home/sgoli125/workspace/research/MultiModalPFN/mmpfn/data/cbis_ddsm/jpeg/1.3.6.1.4.1.9590.100.1.2.369356006312401376004981554280188639464 does not exist, skipping.
Image /home/sgoli125/workspace/research/MultiModalPFN/mmpfn/data/cbis_ddsm/jpeg/1.3.6.1.4.1.9590.100.1.2.369356006312401376004981554280188639464 does not exist, skipping.
Image /home/sgoli125/workspace/research/MultiModalPFN/mmpfn/data/cbis_ddsm/jpeg/1.3.6.1.4.1.9590.100.1.2.308645904112578662514088364913247733416 does not exist, skipping.
Image /home/sgoli125/workspace/research/MultiModalPFN/mmpfn/data/cbis_ddsm/jpeg/1.3.6.1.4.1.9590.100.1.2.374932049710375991814854444990403771403 does not exist, skipping.
Image /home/sgoli125/workspace/research/MultiModalPFN/mmpfn/data/cbis_ddsm/jpeg/1.3.6.1.4.1.9590.100.1.2.374932049710375991814854444990403771403 does not exist, skipping.
Image /home/sgoli125/workspace/research/MultiModalPFN/mmpfn/data/cbis_ddsm/jpeg/1.3.6.1.4.1.9590.100.1.2.39007778811772901412078260684105777924 does not exist, skipping.
Image /home/sgoli125/workspace/research/MultiModalPFN/mmpfn/data/cbis_ddsm/jpeg/1.3.6.1.4.1.9590.100.1.2.39007778811772901412078260684105777924 does not exist, skipping.
Image /home/sgoli125/workspace/research/MultiModalPFN/mmpfn/data/cbis_ddsm/jpeg/1.3.6.1.4.1.9590.100.1.2.25988000011202301713010123643019546014 does not exist, skipping.
Image /home/sgoli125/workspace/research/MultiModalPFN/mmpfn/data/cbis_ddsm/jpeg/1.3.6.1.4.1.9590.100.1.2.25988000011202301713010123643019546014 does not exist, skipping.
Image /home/sgoli125/workspace/research/MultiModalPFN/mmpfn/data/cbis_ddsm/jpeg/1.3.6.1.4.1.9590.100.1.2.245398881011643929625650254320825052239 does not exist, skipping.
Image /home/sgoli125/workspace/research/MultiModalPFN/mmpfn/data/cbis_ddsm/jpeg/1.3.6.1.4.1.9590.100.1.2.284694456912819043225763237540376642683 does not exist, skipping.
Image /home/sgoli125/workspace/research/MultiModalPFN/mmpfn/data/cbis_ddsm/jpeg/1.3.6.1.4.1.9590.100.1.2.284694456912819043225763237540376642683 does not exist, skipping.
Image /home/sgoli125/workspace/research/MultiModalPFN/mmpfn/data/cbis_ddsm/jpeg/1.3.6.1.4.1.9590.100.1.2.245398881011643929625650254320825052239 does not exist, skipping.
Image /home/sgoli125/workspace/research/MultiModalPFN/mmpfn/data/cbis_ddsm/jpeg/1.3.6.1.4.1.9590.100.1.2.90659068910051449419939541821162144273 does not exist, skipping.
Image /home/sgoli125/workspace/research/MultiModalPFN/mmpfn/data/cbis_ddsm/jpeg/1.3.6.1.4.1.9590.100.1.2.58678001112693422121422322294162648005 does not exist, skipping.
Image /home/sgoli125/workspace/research/MultiModalPFN/mmpfn/data/cbis_ddsm/jpeg/1.3.6.1.4.1.9590.100.1.2.58678001112693422121422322294162648005 does not exist, skipping.
Image /home/sgoli125/workspace/research/MultiModalPFN/mmpfn/data/cbis_ddsm/jpeg/1.3.6.1.4.1.9590.100.1.2.384199099313163908141123265622992905145 does not exist, skipping.
Image /home/sgoli125/workspace/research/MultiModalPFN/mmpfn/data/cbis_ddsm/jpeg/1.3.6.1.4.1.9590.100.1.2.384199099313163908141123265622992905145 does not exist, skipping.
Image /home/sgoli125/workspace/research/MultiModalPFN/mmpfn/data/cbis_ddsm/jpeg/1.3.6.1.4.1.9590.100.1.2.296557827111762261521806368331835861573 does not exist, skipping.
Image /home/sgoli125/workspace/research/MultiModalPFN/mmpfn/data/cbis_ddsm/jpeg/1.3.6.1.4.1.9590.100.1.2.53836730612925002230852576521770017064 does not exist, skipping.
Image /home/sgoli125/workspace/research/MultiModalPFN/mmpfn/data/cbis_ddsm/jpeg/1.3.6.1.4.1.9590.100.1.2.53836730612925002230852576521770017064 does not exist, skipping.
Image /home/sgoli125/workspace/research/MultiModalPFN/mmpfn/data/cbis_ddsm/jpeg/1.3.6.1.4.1.9590.100.1.2.274548862212562608140881962611475414791 does not exist, skipping.
Image /home/sgoli125/workspace/research/MultiModalPFN/mmpfn/data/cbis_ddsm/jpeg/1.3.6.1.4.1.9590.100.1.2.42550832110795654702779416414106697462 does not exist, skipping.
Image /home/sgoli125/workspace/research/MultiModalPFN/mmpfn/data/cbis_ddsm/jpeg/1.3.6.1.4.1.9590.100.1.2.206840149313846985327226479402240212780 does not exist, skipping.
Image /home/sgoli125/workspace/research/MultiModalPFN/mmpfn/data/cbis_ddsm/jpeg/1.3.6.1.4.1.9590.100.1.2.206840149313846985327226479402240212780 does not exist, skipping.
Image /home/sgoli125/workspace/research/MultiModalPFN/mmpfn/data/cbis_ddsm/jpeg/1.3.6.1.4.1.9590.100.1.2.353579241312030972426480659573018636590 does not exist, skipping.
Image /home/sgoli125/workspace/research/MultiModalPFN/mmpfn/data/cbis_ddsm/jpeg/1.3.6.1.4.1.9590.100.1.2.43309966312812774227127594590726757496 does not exist, skipping.
Image /home/sgoli125/workspace/research/MultiModalPFN/mmpfn/data/cbis_ddsm/jpeg/1.3.6.1.4.1.9590.100.1.2.379475004711688636406906525684043910425 does not exist, skipping.
Image /home/sgoli125/workspace/research/MultiModalPFN/mmpfn/data/cbis_ddsm/jpeg/1.3.6.1.4.1.9590.100.1.2.366060038011896346726192690331341994249 does not exist, skipping.
Image /home/sgoli125/workspace/research/MultiModalPFN/mmpfn/data/cbis_ddsm/jpeg/1.3.6.1.4.1.9590.100.1.2.366060038011896346726192690331341994249 does not exist, skipping.
Image /home/sgoli125/workspace/research/MultiModalPFN/mmpfn/data/cbis_ddsm/jpeg/1.3.6.1.4.1.9590.100.1.2.199237400912653724113941817653989184539 does not exist, skipping.
Image /home/sgoli125/workspace/research/MultiModalPFN/mmpfn/data/cbis_ddsm/jpeg/1.3.6.1.4.1.9590.100.1.2.199237400912653724113941817653989184539 does not exist, skipping.
Image /home/sgoli125/workspace/research/MultiModalPFN/mmpfn/data/cbis_ddsm/jpeg/1.3.6.1.4.1.9590.100.1.2.266149867212905813327500975811584219820 does not exist, skipping.
Image /home/sgoli125/workspace/research/MultiModalPFN/mmpfn/data/cbis_ddsm/jpeg/1.3.6.1.4.1.9590.100.1.2.427213263310369736139637372564282064785 does not exist, skipping.
Image /home/sgoli125/workspace/research/MultiModalPFN/mmpfn/data/cbis_ddsm/jpeg/1.3.6.1.4.1.9590.100.1.2.60969523611952599439239914281030884704 does not exist, skipping.
Image /home/sgoli125/workspace/research/MultiModalPFN/mmpfn/data/cbis_ddsm/jpeg/1.3.6.1.4.1.9590.100.1.2.406735342110980935833875693363983378386 does not exist, skipping.
Image /home/sgoli125/workspace/research/MultiModalPFN/mmpfn/data/cbis_ddsm/jpeg/1.3.6.1.4.1.9590.100.1.2.247139233113856247217565715372804656493 does not exist, skipping.
Image /home/sgoli125/workspace/research/MultiModalPFN/mmpfn/data/cbis_ddsm/jpeg/1.3.6.1.4.1.9590.100.1.2.385006824412335838937657967684130607502 does not exist, skipping.
Image /home/sgoli125/workspace/research/MultiModalPFN/mmpfn/data/cbis_ddsm/jpeg/1.3.6.1.4.1.9590.100.1.2.61689595612269292704042290481360023782 does not exist, skipping.
Image /home/sgoli125/workspace/research/MultiModalPFN/mmpfn/data/cbis_ddsm/jpeg/1.3.6.1.4.1.9590.100.1.2.219604667012858753519767878572948512483 does not exist, skipping.
Image /home/sgoli125/workspace/research/MultiModalPFN/mmpfn/data/cbis_ddsm/jpeg/1.3.6.1.4.1.9590.100.1.2.219604667012858753519767878572948512483 does not exist, skipping.
Image /home/sgoli125/workspace/research/MultiModalPFN/mmpfn/data/cbis_ddsm/jpeg/1.3.6.1.4.1.9590.100.1.2.82469470811582019730628947720344371460 does not exist, skipping.
Image /home/sgoli125/workspace/research/MultiModalPFN/mmpfn/data/cbis_ddsm/jpeg/1.3.6.1.4.1.9590.100.1.2.209080277213185608805567622581003123046 does not exist, skipping.
Image /home/sgoli125/workspace/research/MultiModalPFN/mmpfn/data/cbis_ddsm/jpeg/1.3.6.1.4.1.9590.100.1.2.209080277213185608805567622581003123046 does not exist, skipping.
Image /home/sgoli125/workspace/research/MultiModalPFN/mmpfn/data/cbis_ddsm/jpeg/1.3.6.1.4.1.9590.100.1.2.360936240513322154336641238113720846378 does not exist, skipping.
Image /home/sgoli125/workspace/research/MultiModalPFN/mmpfn/data/cbis_ddsm/jpeg/1.3.6.1.4.1.9590.100.1.2.362015820312023323342735233662968726278 does not exist, skipping.
Image /home/sgoli125/workspace/research/MultiModalPFN/mmpfn/data/cbis_ddsm/jpeg/1.3.6.1.4.1.9590.100.1.2.362015820312023323342735233662968726278 does not exist, skipping.
Image /home/sgoli125/workspace/research/MultiModalPFN/mmpfn/data/cbis_ddsm/jpeg/1.3.6.1.4.1.9590.100.1.2.304847144212231865016298922630149685326 does not exist, skipping.
Image /home/sgoli125/workspace/research/MultiModalPFN/mmpfn/data/cbis_ddsm/jpeg/1.3.6.1.4.1.9590.100.1.2.267609969312528346932447118103924370953 does not exist, skipping.
Image /home/sgoli125/workspace/research/MultiModalPFN/mmpfn/data/cbis_ddsm/jpeg/1.3.6.1.4.1.9590.100.1.2.267609969312528346932447118103924370953 does not exist, skipping.
Image /home/sgoli125/workspace/research/MultiModalPFN/mmpfn/data/cbis_ddsm/jpeg/1.3.6.1.4.1.9590.100.1.2.393259498412935747942770369531371396220 does not exist, skipping.
Image /home/sgoli125/workspace/research/MultiModalPFN/mmpfn/data/cbis_ddsm/jpeg/1.3.6.1.4.1.9590.100.1.2.393259498412935747942770369531371396220 does not exist, skipping.
Image /home/sgoli125/workspace/research/MultiModalPFN/mmpfn/data/cbis_ddsm/jpeg/1.3.6.1.4.1.9590.100.1.2.277067611611359674610374893190644235467 does not exist, skipping.
Image /home/sgoli125/workspace/research/MultiModalPFN/mmpfn/data/cbis_ddsm/jpeg/1.3.6.1.4.1.9590.100.1.2.243328526311486984206651759443117883160 does not exist, skipping.
Image /home/sgoli125/workspace/research/MultiModalPFN/mmpfn/data/cbis_ddsm/jpeg/1.3.6.1.4.1.9590.100.1.2.243328526311486984206651759443117883160 does not exist, skipping.
Image /home/sgoli125/workspace/research/MultiModalPFN/mmpfn/data/cbis_ddsm/jpeg/1.3.6.1.4.1.9590.100.1.2.343083435212496268517777179012002399753 does not exist, skipping.
Image /home/sgoli125/workspace/research/MultiModalPFN/mmpfn/data/cbis_ddsm/jpeg/1.3.6.1.4.1.9590.100.1.2.343083435212496268517777179012002399753 does not exist, skipping.
Image /home/sgoli125/workspace/research/MultiModalPFN/mmpfn/data/cbis_ddsm/jpeg/1.3.6.1.4.1.9590.100.1.2.75127378212641044024329744730469663877 does not exist, skipping.
Image /home/sgoli125/workspace/research/MultiModalPFN/mmpfn/data/cbis_ddsm/jpeg/1.3.6.1.4.1.9590.100.1.2.75127378212641044024329744730469663877 does not exist, skipping.
Image /home/sgoli125/workspace/research/MultiModalPFN/mmpfn/data/cbis_ddsm/jpeg/1.3.6.1.4.1.9590.100.1.2.80414976910977511532124481832168105891 does not exist, skipping.
Image /home/sgoli125/workspace/research/MultiModalPFN/mmpfn/data/cbis_ddsm/jpeg/1.3.6.1.4.1.9590.100.1.2.317517784512525540939083334591072370330 does not exist, skipping.
Image /home/sgoli125/workspace/research/MultiModalPFN/mmpfn/data/cbis_ddsm/jpeg/1.3.6.1.4.1.9590.100.1.2.317517784512525540939083334591072370330 does not exist, skipping.
Image /home/sgoli125/workspace/research/MultiModalPFN/mmpfn/data/cbis_ddsm/jpeg/1.3.6.1.4.1.9590.100.1.2.299105392511880367721298479800384510639 does not exist, skipping.
Image /home/sgoli125/workspace/research/MultiModalPFN/mmpfn/data/cbis_ddsm/jpeg/1.3.6.1.4.1.9590.100.1.2.53396256012128187231926890282892811958 does not exist, skipping.
Image /home/sgoli125/workspace/research/MultiModalPFN/mmpfn/data/cbis_ddsm/jpeg/1.3.6.1.4.1.9590.100.1.2.53396256012128187231926890282892811958 does not exist, skipping.
Image /home/sgoli125/workspace/research/MultiModalPFN/mmpfn/data/cbis_ddsm/jpeg/1.3.6.1.4.1.9590.100.1.2.94022745112775314306588417851708070986 does not exist, skipping.
Image /home/sgoli125/workspace/research/MultiModalPFN/mmpfn/data/cbis_ddsm/jpeg/1.3.6.1.4.1.9590.100.1.2.94022745112775314306588417851708070986 does not exist, skipping.
Image /home/sgoli125/workspace/research/MultiModalPFN/mmpfn/data/cbis_ddsm/jpeg/1.3.6.1.4.1.9590.100.1.2.397624024211542911809071789001939577443 does not exist, skipping.
Image /home/sgoli125/workspace/research/MultiModalPFN/mmpfn/data/cbis_ddsm/jpeg/1.3.6.1.4.1.9590.100.1.2.45333568212207677414965738353738652576 does not exist, skipping.
Image /home/sgoli125/workspace/research/MultiModalPFN/mmpfn/data/cbis_ddsm/jpeg/1.3.6.1.4.1.9590.100.1.2.45333568212207677414965738353738652576 does not exist, skipping.
Image /home/sgoli125/workspace/research/MultiModalPFN/mmpfn/data/cbis_ddsm/jpeg/1.3.6.1.4.1.9590.100.1.2.20702791512928575311782893102880193679 does not exist, skipping.
Image /home/sgoli125/workspace/research/MultiModalPFN/mmpfn/data/cbis_ddsm/jpeg/1.3.6.1.4.1.9590.100.1.2.20702791512928575311782893102880193679 does not exist, skipping.
Image /home/sgoli125/workspace/research/MultiModalPFN/mmpfn/data/cbis_ddsm/jpeg/1.3.6.1.4.1.9590.100.1.2.228112769110310508212894048352876218391 does not exist, skipping.
Image /home/sgoli125/workspace/research/MultiModalPFN/mmpfn/data/cbis_ddsm/jpeg/1.3.6.1.4.1.9590.100.1.2.370526853111747940639569998353898464302 does not exist, skipping.
Image /home/sgoli125/workspace/research/MultiModalPFN/mmpfn/data/cbis_ddsm/jpeg/1.3.6.1.4.1.9590.100.1.2.370526853111747940639569998353898464302 does not exist, skipping.
Image /home/sgoli125/workspace/research/MultiModalPFN/mmpfn/data/cbis_ddsm/jpeg/1.3.6.1.4.1.9590.100.1.2.88439765110758116306631505113212607330 does not exist, skipping.
Image /home/sgoli125/workspace/research/MultiModalPFN/mmpfn/data/cbis_ddsm/jpeg/1.3.6.1.4.1.9590.100.1.2.46514526511765166107660714390218400511 does not exist, skipping.
Image /home/sgoli125/workspace/research/MultiModalPFN/mmpfn/data/cbis_ddsm/jpeg/1.3.6.1.4.1.9590.100.1.2.215883384511109118824190798611322360452 does not exist, skipping.
Image /home/sgoli125/workspace/research/MultiModalPFN/mmpfn/data/cbis_ddsm/jpeg/1.3.6.1.4.1.9590.100.1.2.215883384511109118824190798611322360452 does not exist, skipping.
Image /home/sgoli125/workspace/research/MultiModalPFN/mmpfn/data/cbis_ddsm/jpeg/1.3.6.1.4.1.9590.100.1.2.379424626611314498035687579393230248791 does not exist, skipping.
Image /home/sgoli125/workspace/research/MultiModalPFN/mmpfn/data/cbis_ddsm/jpeg/1.3.6.1.4.1.9590.100.1.2.330425343711963672532153494371613409467 does not exist, skipping.
Image /home/sgoli125/workspace/research/MultiModalPFN/mmpfn/data/cbis_ddsm/jpeg/1.3.6.1.4.1.9590.100.1.2.330425343711963672532153494371613409467 does not exist, skipping.
Image /home/sgoli125/workspace/research/MultiModalPFN/mmpfn/data/cbis_ddsm/jpeg/1.3.6.1.4.1.9590.100.1.2.379424626611314498035687579393230248791 does not exist, skipping.
Image /home/sgoli125/workspace/research/MultiModalPFN/mmpfn/data/cbis_ddsm/jpeg/1.3.6.1.4.1.9590.100.1.2.272420956211500194613015855910561320194 does not exist, skipping.
Image /home/sgoli125/workspace/research/MultiModalPFN/mmpfn/data/cbis_ddsm/jpeg/1.3.6.1.4.1.9590.100.1.2.272420956211500194613015855910561320194 does not exist, skipping.
Image /home/sgoli125/workspace/research/MultiModalPFN/mmpfn/data/cbis_ddsm/jpeg/1.3.6.1.4.1.9590.100.1.2.429305306912093674921183906703340820050 does not exist, skipping.
Image /home/sgoli125/workspace/research/MultiModalPFN/mmpfn/data/cbis_ddsm/jpeg/1.3.6.1.4.1.9590.100.1.2.33646194412925075119168546800527738947 does not exist, skipping.
Image /home/sgoli125/workspace/research/MultiModalPFN/mmpfn/data/cbis_ddsm/jpeg/1.3.6.1.4.1.9590.100.1.2.33646194412925075119168546800527738947 does not exist, skipping.
Image /home/sgoli125/workspace/research/MultiModalPFN/mmpfn/data/cbis_ddsm/jpeg/1.3.6.1.4.1.9590.100.1.2.429305306912093674921183906703340820050 does not exist, skipping.
Image /home/sgoli125/workspace/research/MultiModalPFN/mmpfn/data/cbis_ddsm/jpeg/1.3.6.1.4.1.9590.100.1.2.92185521011732663114677198433205120967 does not exist, skipping.
Image /home/sgoli125/workspace/research/MultiModalPFN/mmpfn/data/cbis_ddsm/jpeg/1.3.6.1.4.1.9590.100.1.2.92185521011732663114677198433205120967 does not exist, skipping.
Image /home/sgoli125/workspace/research/MultiModalPFN/mmpfn/data/cbis_ddsm/jpeg/1.3.6.1.4.1.9590.100.1.2.292990097613598902017695510330932882487 does not exist, skipping.
Image /home/sgoli125/workspace/research/MultiModalPFN/mmpfn/data/cbis_ddsm/jpeg/1.3.6.1.4.1.9590.100.1.2.292990097613598902017695510330932882487 does not exist, skipping.
Image /home/sgoli125/workspace/research/MultiModalPFN/mmpfn/data/cbis_ddsm/jpeg/1.3.6.1.4.1.9590.100.1.2.242879520313036652404133300552605167567 does not exist, skipping.
Image /home/sgoli125/workspace/research/MultiModalPFN/mmpfn/data/cbis_ddsm/jpeg/1.3.6.1.4.1.9590.100.1.2.242879520313036652404133300552605167567 does not exist, skipping.
Image /home/sgoli125/workspace/research/MultiModalPFN/mmpfn/data/cbis_ddsm/jpeg/1.3.6.1.4.1.9590.100.1.2.409198680012258836429317523453265258321 does not exist, skipping.
Image /home/sgoli125/workspace/research/MultiModalPFN/mmpfn/data/cbis_ddsm/jpeg/1.3.6.1.4.1.9590.100.1.2.234810835612633355538815031322259010855 does not exist, skipping.
Image /home/sgoli125/workspace/research/MultiModalPFN/mmpfn/data/cbis_ddsm/jpeg/1.3.6.1.4.1.9590.100.1.2.368633492211146724418937145902088192492 does not exist, skipping.
Image /home/sgoli125/workspace/research/MultiModalPFN/mmpfn/data/cbis_ddsm/jpeg/1.3.6.1.4.1.9590.100.1.2.403766626813808370704896321840837134732 does not exist, skipping.
Image /home/sgoli125/workspace/research/MultiModalPFN/mmpfn/data/cbis_ddsm/jpeg/1.3.6.1.4.1.9590.100.1.2.403766626813808370704896321840837134732 does not exist, skipping.
Image /home/sgoli125/workspace/research/MultiModalPFN/mmpfn/data/cbis_ddsm/jpeg/1.3.6.1.4.1.9590.100.1.2.43763994011384233807675677973401758930 does not exist, skipping.
Image /home/sgoli125/workspace/research/MultiModalPFN/mmpfn/data/cbis_ddsm/jpeg/1.3.6.1.4.1.9590.100.1.2.329494580813585681530437157361075928685 does not exist, skipping.
Image /home/sgoli125/workspace/research/MultiModalPFN/mmpfn/data/cbis_ddsm/jpeg/1.3.6.1.4.1.9590.100.1.2.329494580813585681530437157361075928685 does not exist, skipping.
Image /home/sgoli125/workspace/research/MultiModalPFN/mmpfn/data/cbis_ddsm/jpeg/1.3.6.1.4.1.9590.100.1.2.24320319313003073042785307052811674331 does not exist, skipping.
Image /home/sgoli125/workspace/research/MultiModalPFN/mmpfn/data/cbis_ddsm/jpeg/1.3.6.1.4.1.9590.100.1.2.7394325412419055524300338092172956526 does not exist, skipping.
Image /home/sgoli125/workspace/research/MultiModalPFN/mmpfn/data/cbis_ddsm/jpeg/1.3.6.1.4.1.9590.100.1.2.7394325412419055524300338092172956526 does not exist, skipping.
Image /home/sgoli125/workspace/research/MultiModalPFN/mmpfn/data/cbis_ddsm/jpeg/1.3.6.1.4.1.9590.100.1.2.80043732812738825434038752291232759448 does not exist, skipping.
Image /home/sgoli125/workspace/research/MultiModalPFN/mmpfn/data/cbis_ddsm/jpeg/1.3.6.1.4.1.9590.100.1.2.80043732812738825434038752291232759448 does not exist, skipping.
Image /home/sgoli125/workspace/research/MultiModalPFN/mmpfn/data/cbis_ddsm/jpeg/1.3.6.1.4.1.9590.100.1.2.361011800613187938628920052961866947309 does not exist, skipping.
Image /home/sgoli125/workspace/research/MultiModalPFN/mmpfn/data/cbis_ddsm/jpeg/1.3.6.1.4.1.9590.100.1.2.361016410511325710331794277651307275899 does not exist, skipping.
Image /home/sgoli125/workspace/research/MultiModalPFN/mmpfn/data/cbis_ddsm/jpeg/1.3.6.1.4.1.9590.100.1.2.361016410511325710331794277651307275899 does not exist, skipping.
Image /home/sgoli125/workspace/research/MultiModalPFN/mmpfn/data/cbis_ddsm/jpeg/1.3.6.1.4.1.9590.100.1.2.236265083913588875935758782930332629248 does not exist, skipping.
Image /home/sgoli125/workspace/research/MultiModalPFN/mmpfn/data/cbis_ddsm/jpeg/1.3.6.1.4.1.9590.100.1.2.236265083913588875935758782930332629248 does not exist, skipping.
Image /home/sgoli125/workspace/research/MultiModalPFN/mmpfn/data/cbis_ddsm/jpeg/1.3.6.1.4.1.9590.100.1.2.227873690711676823827576319042588800296 does not exist, skipping.
Image /home/sgoli125/workspace/research/MultiModalPFN/mmpfn/data/cbis_ddsm/jpeg/1.3.6.1.4.1.9590.100.1.2.344356805711546795815193754951146394983 does not exist, skipping.
Image /home/sgoli125/workspace/research/MultiModalPFN/mmpfn/data/cbis_ddsm/jpeg/1.3.6.1.4.1.9590.100.1.2.344356805711546795815193754951146394983 does not exist, skipping.
Image /home/sgoli125/workspace/research/MultiModalPFN/mmpfn/data/cbis_ddsm/jpeg/1.3.6.1.4.1.9590.100.1.2.279484316912674361033310206722023521061 does not exist, skipping.
Image /home/sgoli125/workspace/research/MultiModalPFN/mmpfn/data/cbis_ddsm/jpeg/1.3.6.1.4.1.9590.100.1.2.357242183012018051337581682042179203724 does not exist, skipping.
Image /home/sgoli125/workspace/research/MultiModalPFN/mmpfn/data/cbis_ddsm/jpeg/1.3.6.1.4.1.9590.100.1.2.357242183012018051337581682042179203724 does not exist, skipping.
Image /home/sgoli125/workspace/research/MultiModalPFN/mmpfn/data/cbis_ddsm/jpeg/1.3.6.1.4.1.9590.100.1.2.282051316111788314937294731583923174799 does not exist, skipping.
Image /home/sgoli125/workspace/research/MultiModalPFN/mmpfn/data/cbis_ddsm/jpeg/1.3.6.1.4.1.9590.100.1.2.2800998311573902408253367262894163632 does not exist, skipping.
Image /home/sgoli125/workspace/research/MultiModalPFN/mmpfn/data/cbis_ddsm/jpeg/1.3.6.1.4.1.9590.100.1.2.2800998311573902408253367262894163632 does not exist, skipping.
Image /home/sgoli125/workspace/research/MultiModalPFN/mmpfn/data/cbis_ddsm/jpeg/1.3.6.1.4.1.9590.100.1.2.65685903611870203933252271792670452351 does not exist, skipping.
Image /home/sgoli125/workspace/research/MultiModalPFN/mmpfn/data/cbis_ddsm/jpeg/1.3.6.1.4.1.9590.100.1.2.309950836612317995302482026643946726358 does not exist, skipping.
Image /home/sgoli125/workspace/research/MultiModalPFN/mmpfn/data/cbis_ddsm/jpeg/1.3.6.1.4.1.9590.100.1.2.73484882411874041432596696832654912230 does not exist, skipping.
Image /home/sgoli125/workspace/research/MultiModalPFN/mmpfn/data/cbis_ddsm/jpeg/1.3.6.1.4.1.9590.100.1.2.266072811911023523927841675793019037832 does not exist, skipping.
Image /home/sgoli125/workspace/research/MultiModalPFN/mmpfn/data/cbis_ddsm/jpeg/1.3.6.1.4.1.9590.100.1.2.379056257212874666818466899260789254386 does not exist, skipping.
Image /home/sgoli125/workspace/research/MultiModalPFN/mmpfn/data/cbis_ddsm/jpeg/1.3.6.1.4.1.9590.100.1.2.35757334911279427712754085732743561616 does not exist, skipping.
Image /home/sgoli125/workspace/research/MultiModalPFN/mmpfn/data/cbis_ddsm/jpeg/1.3.6.1.4.1.9590.100.1.2.35757334911279427712754085732743561616 does not exist, skipping.
Image /home/sgoli125/workspace/research/MultiModalPFN/mmpfn/data/cbis_ddsm/jpeg/1.3.6.1.4.1.9590.100.1.2.357739067210020964418830539562099744211 does not exist, skipping.
Image /home/sgoli125/workspace/research/MultiModalPFN/mmpfn/data/cbis_ddsm/jpeg/1.3.6.1.4.1.9590.100.1.2.404932601311391260840663888841474075003 does not exist, skipping.
Image /home/sgoli125/workspace/research/MultiModalPFN/mmpfn/data/cbis_ddsm/jpeg/1.3.6.1.4.1.9590.100.1.2.404932601311391260840663888841474075003 does not exist, skipping.
Image /home/sgoli125/workspace/research/MultiModalPFN/mmpfn/data/cbis_ddsm/jpeg/1.3.6.1.4.1.9590.100.1.2.291023260312013420041950836552887962853 does not exist, skipping.
Image /home/sgoli125/workspace/research/MultiModalPFN/mmpfn/data/cbis_ddsm/jpeg/1.3.6.1.4.1.9590.100.1.2.295967619312101214807652573813097665333 does not exist, skipping.
Image /home/sgoli125/workspace/research/MultiModalPFN/mmpfn/data/cbis_ddsm/jpeg/1.3.6.1.4.1.9590.100.1.2.265953197912973660327069359641506533925 does not exist, skipping.
Image /home/sgoli125/workspace/research/MultiModalPFN/mmpfn/data/cbis_ddsm/jpeg/1.3.6.1.4.1.9590.100.1.2.284929040012151954022110215002366071479 does not exist, skipping.
Image /home/sgoli125/workspace/research/MultiModalPFN/mmpfn/data/cbis_ddsm/jpeg/1.3.6.1.4.1.9590.100.1.2.284929040012151954022110215002366071479 does not exist, skipping.
Image /home/sgoli125/workspace/research/MultiModalPFN/mmpfn/data/cbis_ddsm/jpeg/1.3.6.1.4.1.9590.100.1.2.303424926912179382139572637601311551601 does not exist, skipping.
Image /home/sgoli125/workspace/research/MultiModalPFN/mmpfn/data/cbis_ddsm/jpeg/1.3.6.1.4.1.9590.100.1.2.90944234511269225228698510670304304655 does not exist, skipping.
Image /home/sgoli125/workspace/research/MultiModalPFN/mmpfn/data/cbis_ddsm/jpeg/1.3.6.1.4.1.9590.100.1.2.79757901213336906828617466050198255813 does not exist, skipping.
Image /home/sgoli125/workspace/research/MultiModalPFN/mmpfn/data/cbis_ddsm/jpeg/1.3.6.1.4.1.9590.100.1.2.79757901213336906828617466050198255813 does not exist, skipping.
Image /home/sgoli125/workspace/research/MultiModalPFN/mmpfn/data/cbis_ddsm/jpeg/1.3.6.1.4.1.9590.100.1.2.314089976710708762519458897023955523421 does not exist, skipping.
Image /home/sgoli125/workspace/research/MultiModalPFN/mmpfn/data/cbis_ddsm/jpeg/1.3.6.1.4.1.9590.100.1.2.404062618412117123410640260402143809047 does not exist, skipping.
Image /home/sgoli125/workspace/research/MultiModalPFN/mmpfn/data/cbis_ddsm/jpeg/1.3.6.1.4.1.9590.100.1.2.404062618412117123410640260402143809047 does not exist, skipping.
Image /home/sgoli125/workspace/research/MultiModalPFN/mmpfn/data/cbis_ddsm/jpeg/1.3.6.1.4.1.9590.100.1.2.215178032810458477636946646383125292016 does not exist, skipping.
Image /home/sgoli125/workspace/research/MultiModalPFN/mmpfn/data/cbis_ddsm/jpeg/1.3.6.1.4.1.9590.100.1.2.277317277012881504733265824531127388045 does not exist, skipping.
Image /home/sgoli125/workspace/research/MultiModalPFN/mmpfn/data/cbis_ddsm/jpeg/1.3.6.1.4.1.9590.100.1.2.277317277012881504733265824531127388045 does not exist, skipping.
Image /home/sgoli125/workspace/research/MultiModalPFN/mmpfn/data/cbis_ddsm/jpeg/1.3.6.1.4.1.9590.100.1.2.211783388611872654112625125193073173905 does not exist, skipping.
Image /home/sgoli125/workspace/research/MultiModalPFN/mmpfn/data/cbis_ddsm/jpeg/1.3.6.1.4.1.9590.100.1.2.211783388611872654112625125193073173905 does not exist, skipping.
Image /home/sgoli125/workspace/research/MultiModalPFN/mmpfn/data/cbis_ddsm/jpeg/1.3.6.1.4.1.9590.100.1.2.363526941411613640738999932580218867431 does not exist, skipping.
Image /home/sgoli125/workspace/research/MultiModalPFN/mmpfn/data/cbis_ddsm/jpeg/1.3.6.1.4.1.9590.100.1.2.363526941411613640738999932580218867431 does not exist, skipping.
Image /home/sgoli125/workspace/research/MultiModalPFN/mmpfn/data/cbis_ddsm/jpeg/1.3.6.1.4.1.9590.100.1.2.238793485912391945835649251180802187470 does not exist, skipping.
Image /home/sgoli125/workspace/research/MultiModalPFN/mmpfn/data/cbis_ddsm/jpeg/1.3.6.1.4.1.9590.100.1.2.417595190211348226132561942300228382978 does not exist, skipping.
Image /home/sgoli125/workspace/research/MultiModalPFN/mmpfn/data/cbis_ddsm/jpeg/1.3.6.1.4.1.9590.100.1.2.417595190211348226132561942300228382978 does not exist, skipping.
Image /home/sgoli125/workspace/research/MultiModalPFN/mmpfn/data/cbis_ddsm/jpeg/1.3.6.1.4.1.9590.100.1.2.373574830711720536929060253783547284565 does not exist, skipping.
Image /home/sgoli125/workspace/research/MultiModalPFN/mmpfn/data/cbis_ddsm/jpeg/1.3.6.1.4.1.9590.100.1.2.395313574911870609228656702901745421247 does not exist, skipping.
Image /home/sgoli125/workspace/research/MultiModalPFN/mmpfn/data/cbis_ddsm/jpeg/1.3.6.1.4.1.9590.100.1.2.395313574911870609228656702901745421247 does not exist, skipping.
Image /home/sgoli125/workspace/research/MultiModalPFN/mmpfn/data/cbis_ddsm/jpeg/1.3.6.1.4.1.9590.100.1.2.56929777610892637422240794912036342195 does not exist, skipping.
Image /home/sgoli125/workspace/research/MultiModalPFN/mmpfn/data/cbis_ddsm/jpeg/1.3.6.1.4.1.9590.100.1.2.56929777610892637422240794912036342195 does not exist, skipping.
Image /home/sgoli125/workspace/research/MultiModalPFN/mmpfn/data/cbis_ddsm/jpeg/1.3.6.1.4.1.9590.100.1.2.28833606713334344712341195742166287227 does not exist, skipping.
Image /home/sgoli125/workspace/research/MultiModalPFN/mmpfn/data/cbis_ddsm/jpeg/1.3.6.1.4.1.9590.100.1.2.320693689810782044906578213673576310905 does not exist, skipping.
Image /home/sgoli125/workspace/research/MultiModalPFN/mmpfn/data/cbis_ddsm/jpeg/1.3.6.1.4.1.9590.100.1.2.320693689810782044906578213673576310905 does not exist, skipping.
Image /home/sgoli125/workspace/research/MultiModalPFN/mmpfn/data/cbis_ddsm/jpeg/1.3.6.1.4.1.9590.100.1.2.380875278311955950234827380751048602798 does not exist, skipping.
Image /home/sgoli125/workspace/research/MultiModalPFN/mmpfn/data/cbis_ddsm/jpeg/1.3.6.1.4.1.9590.100.1.2.52969375511482689725728608073482435396 does not exist, skipping.
Image /home/sgoli125/workspace/research/MultiModalPFN/mmpfn/data/cbis_ddsm/jpeg/1.3.6.1.4.1.9590.100.1.2.52969375511482689725728608073482435396 does not exist, skipping.
Image /home/sgoli125/workspace/research/MultiModalPFN/mmpfn/data/cbis_ddsm/jpeg/1.3.6.1.4.1.9590.100.1.2.388101891511958357612077848683626236018 does not exist, skipping.
Image /home/sgoli125/workspace/research/MultiModalPFN/mmpfn/data/cbis_ddsm/jpeg/1.3.6.1.4.1.9590.100.1.2.388101891511958357612077848683626236018 does not exist, skipping.
Image /home/sgoli125/workspace/research/MultiModalPFN/mmpfn/data/cbis_ddsm/jpeg/1.3.6.1.4.1.9590.100.1.2.297863445712457620034684302690462565611 does not exist, skipping.
Image /home/sgoli125/workspace/research/MultiModalPFN/mmpfn/data/cbis_ddsm/jpeg/1.3.6.1.4.1.9590.100.1.2.394108678210629411822664454793651189270 does not exist, skipping.
Image /home/sgoli125/workspace/research/MultiModalPFN/mmpfn/data/cbis_ddsm/jpeg/1.3.6.1.4.1.9590.100.1.2.394108678210629411822664454793651189270 does not exist, skipping.
Image /home/sgoli125/workspace/research/MultiModalPFN/mmpfn/data/cbis_ddsm/jpeg/1.3.6.1.4.1.9590.100.1.2.286070678812040982629328111432966528671 does not exist, skipping.
Image /home/sgoli125/workspace/research/MultiModalPFN/mmpfn/data/cbis_ddsm/jpeg/1.3.6.1.4.1.9590.100.1.2.84882231611295697635830539601314440368 does not exist, skipping.
Image /home/sgoli125/workspace/research/MultiModalPFN/mmpfn/data/cbis_ddsm/jpeg/1.3.6.1.4.1.9590.100.1.2.84882231611295697635830539601314440368 does not exist, skipping.
Image /home/sgoli125/workspace/research/MultiModalPFN/mmpfn/data/cbis_ddsm/jpeg/1.3.6.1.4.1.9590.100.1.2.300349485812433462433011608891833744562 does not exist, skipping.
Image /home/sgoli125/workspace/research/MultiModalPFN/mmpfn/data/cbis_ddsm/jpeg/1.3.6.1.4.1.9590.100.1.2.423456694712830769942236112733924236328 does not exist, skipping.
Image /home/sgoli125/workspace/research/MultiModalPFN/mmpfn/data/cbis_ddsm/jpeg/1.3.6.1.4.1.9590.100.1.2.214012950512997243440545294560735825196 does not exist, skipping.
Image /home/sgoli125/workspace/research/MultiModalPFN/mmpfn/data/cbis_ddsm/jpeg/1.3.6.1.4.1.9590.100.1.2.356322748012699373709623763342936738502 does not exist, skipping.
Image /home/sgoli125/workspace/research/MultiModalPFN/mmpfn/data/cbis_ddsm/jpeg/1.3.6.1.4.1.9590.100.1.2.356322748012699373709623763342936738502 does not exist, skipping.
Image /home/sgoli125/workspace/research/MultiModalPFN/mmpfn/data/cbis_ddsm/jpeg/1.3.6.1.4.1.9590.100.1.2.374142001110349203339388573802663391669 does not exist, skipping.
Image /home/sgoli125/workspace/research/MultiModalPFN/mmpfn/data/cbis_ddsm/jpeg/1.3.6.1.4.1.9590.100.1.2.374142001110349203339388573802663391669 does not exist, skipping.
Image /home/sgoli125/workspace/research/MultiModalPFN/mmpfn/data/cbis_ddsm/jpeg/1.3.6.1.4.1.9590.100.1.2.343599979312034701930436051711071015260 does not exist, skipping.
Image /home/sgoli125/workspace/research/MultiModalPFN/mmpfn/data/cbis_ddsm/jpeg/1.3.6.1.4.1.9590.100.1.2.48632924410836683816353826730001584154 does not exist, skipping.
Image /home/sgoli125/workspace/research/MultiModalPFN/mmpfn/data/cbis_ddsm/jpeg/1.3.6.1.4.1.9590.100.1.2.48632924410836683816353826730001584154 does not exist, skipping.
Image /home/sgoli125/workspace/research/MultiModalPFN/mmpfn/data/cbis_ddsm/jpeg/1.3.6.1.4.1.9590.100.1.2.247594800112988856209160032211145354590 does not exist, skipping.
Image /home/sgoli125/workspace/research/MultiModalPFN/mmpfn/data/cbis_ddsm/jpeg/1.3.6.1.4.1.9590.100.1.2.407575669712307303332782404013653965900 does not exist, skipping.
Image /home/sgoli125/workspace/research/MultiModalPFN/mmpfn/data/cbis_ddsm/jpeg/1.3.6.1.4.1.9590.100.1.2.407575669712307303332782404013653965900 does not exist, skipping.
Image /home/sgoli125/workspace/research/MultiModalPFN/mmpfn/data/cbis_ddsm/jpeg/1.3.6.1.4.1.9590.100.1.2.222681259613985116212786136560209167319 does not exist, skipping.
Image /home/sgoli125/workspace/research/MultiModalPFN/mmpfn/data/cbis_ddsm/jpeg/1.3.6.1.4.1.9590.100.1.2.243787511811578838018442497410147237753 does not exist, skipping.
Image /home/sgoli125/workspace/research/MultiModalPFN/mmpfn/data/cbis_ddsm/jpeg/1.3.6.1.4.1.9590.100.1.2.243787511811578838018442497410147237753 does not exist, skipping.
Image /home/sgoli125/workspace/research/MultiModalPFN/mmpfn/data/cbis_ddsm/jpeg/1.3.6.1.4.1.9590.100.1.2.36890167212537392832192713032982177013 does not exist, skipping.
Image /home/sgoli125/workspace/research/MultiModalPFN/mmpfn/data/cbis_ddsm/jpeg/1.3.6.1.4.1.9590.100.1.2.36890167212537392832192713032982177013 does not exist, skipping.
Image /home/sgoli125/workspace/research/MultiModalPFN/mmpfn/data/cbis_ddsm/jpeg/1.3.6.1.4.1.9590.100.1.2.346085707011640067919675163271130398262 does not exist, skipping.
Image /home/sgoli125/workspace/research/MultiModalPFN/mmpfn/data/cbis_ddsm/jpeg/1.3.6.1.4.1.9590.100.1.2.280240309812221697538836066932033885315 does not exist, skipping.
Image /home/sgoli125/workspace/research/MultiModalPFN/mmpfn/data/cbis_ddsm/jpeg/1.3.6.1.4.1.9590.100.1.2.280240309812221697538836066932033885315 does not exist, skipping.
Image /home/sgoli125/workspace/research/MultiModalPFN/mmpfn/data/cbis_ddsm/jpeg/1.3.6.1.4.1.9590.100.1.2.381280286813484985622860668700998869999 does not exist, skipping.
Image /home/sgoli125/workspace/research/MultiModalPFN/mmpfn/data/cbis_ddsm/jpeg/1.3.6.1.4.1.9590.100.1.2.428733233611590851435597101264019643375 does not exist, skipping.
Image /home/sgoli125/workspace/research/MultiModalPFN/mmpfn/data/cbis_ddsm/jpeg/1.3.6.1.4.1.9590.100.1.2.428733233611590851435597101264019643375 does not exist, skipping.
Image /home/sgoli125/workspace/research/MultiModalPFN/mmpfn/data/cbis_ddsm/jpeg/1.3.6.1.4.1.9590.100.1.2.95515823212551133418348077222191174607 does not exist, skipping.
Image /home/sgoli125/workspace/research/MultiModalPFN/mmpfn/data/cbis_ddsm/jpeg/1.3.6.1.4.1.9590.100.1.2.267426465012464916927857299474277539026 does not exist, skipping.
Image /home/sgoli125/workspace/research/MultiModalPFN/mmpfn/data/cbis_ddsm/jpeg/1.3.6.1.4.1.9590.100.1.2.267426465012464916927857299474277539026 does not exist, skipping.
Image /home/sgoli125/workspace/research/MultiModalPFN/mmpfn/data/cbis_ddsm/jpeg/1.3.6.1.4.1.9590.100.1.2.259684152811080267334633814192313787950 does not exist, skipping.
Image /home/sgoli125/workspace/research/MultiModalPFN/mmpfn/data/cbis_ddsm/jpeg/1.3.6.1.4.1.9590.100.1.2.334778996011781732121276571471554160321 does not exist, skipping.
Image /home/sgoli125/workspace/research/MultiModalPFN/mmpfn/data/cbis_ddsm/jpeg/1.3.6.1.4.1.9590.100.1.2.27862697212318718423568055490599485971 does not exist, skipping.
Image /home/sgoli125/workspace/research/MultiModalPFN/mmpfn/data/cbis_ddsm/jpeg/1.3.6.1.4.1.9590.100.1.2.27862697212318718423568055490599485971 does not exist, skipping.
Image /home/sgoli125/workspace/research/MultiModalPFN/mmpfn/data/cbis_ddsm/jpeg/1.3.6.1.4.1.9590.100.1.2.20802081713640268535505609210395450494 does not exist, skipping.
Image /home/sgoli125/workspace/research/MultiModalPFN/mmpfn/data/cbis_ddsm/jpeg/1.3.6.1.4.1.9590.100.1.2.32266881712571853237076522410919296365 does not exist, skipping.
Image /home/sgoli125/workspace/research/MultiModalPFN/mmpfn/data/cbis_ddsm/jpeg/1.3.6.1.4.1.9590.100.1.2.32266881712571853237076522410919296365 does not exist, skipping.
Image /home/sgoli125/workspace/research/MultiModalPFN/mmpfn/data/cbis_ddsm/jpeg/1.3.6.1.4.1.9590.100.1.2.396797850412719728218194699542667759992 does not exist, skipping.
Image /home/sgoli125/workspace/research/MultiModalPFN/mmpfn/data/cbis_ddsm/jpeg/1.3.6.1.4.1.9590.100.1.2.417362694010280809525671528091012547829 does not exist, skipping.
Image /home/sgoli125/workspace/research/MultiModalPFN/mmpfn/data/cbis_ddsm/jpeg/1.3.6.1.4.1.9590.100.1.2.417362694010280809525671528091012547829 does not exist, skipping.
Image /home/sgoli125/workspace/research/MultiModalPFN/mmpfn/data/cbis_ddsm/jpeg/1.3.6.1.4.1.9590.100.1.2.382879699811515402800766125254075421468 does not exist, skipping.
Image /home/sgoli125/workspace/research/MultiModalPFN/mmpfn/data/cbis_ddsm/jpeg/1.3.6.1.4.1.9590.100.1.2.382879699811515402800766125254075421468 does not exist, skipping.
Image /home/sgoli125/workspace/research/MultiModalPFN/mmpfn/data/cbis_ddsm/jpeg/1.3.6.1.4.1.9590.100.1.2.262065977613197613034905819274193764597 does not exist, skipping.
Image /home/sgoli125/workspace/research/MultiModalPFN/mmpfn/data/cbis_ddsm/jpeg/1.3.6.1.4.1.9590.100.1.2.285231969113177337317414575960696322438 does not exist, skipping.
Image /home/sgoli125/workspace/research/MultiModalPFN/mmpfn/data/cbis_ddsm/jpeg/1.3.6.1.4.1.9590.100.1.2.26049283710835788900556189471190240814 does not exist, skipping.
Image /home/sgoli125/workspace/research/MultiModalPFN/mmpfn/data/cbis_ddsm/jpeg/1.3.6.1.4.1.9590.100.1.2.281160244512696906237812213023711879059 does not exist, skipping.
Image /home/sgoli125/workspace/research/MultiModalPFN/mmpfn/data/cbis_ddsm/jpeg/1.3.6.1.4.1.9590.100.1.2.368434953512686740334071092910393175106 does not exist, skipping.
Image /home/sgoli125/workspace/research/MultiModalPFN/mmpfn/data/cbis_ddsm/jpeg/1.3.6.1.4.1.9590.100.1.2.60156917810914737525620819822954849568 does not exist, skipping.
Image /home/sgoli125/workspace/research/MultiModalPFN/mmpfn/data/cbis_ddsm/jpeg/1.3.6.1.4.1.9590.100.1.2.389065219613431726719665409391003097070 does not exist, skipping.
Image /home/sgoli125/workspace/research/MultiModalPFN/mmpfn/data/cbis_ddsm/jpeg/1.3.6.1.4.1.9590.100.1.2.387154060312383833800417411962850957371 does not exist, skipping.
Image /home/sgoli125/workspace/research/MultiModalPFN/mmpfn/data/cbis_ddsm/jpeg/1.3.6.1.4.1.9590.100.1.2.387154060312383833800417411962850957371 does not exist, skipping.
Image /home/sgoli125/workspace/research/MultiModalPFN/mmpfn/data/cbis_ddsm/jpeg/1.3.6.1.4.1.9590.100.1.2.259301364012177611300819083632742554678 does not exist, skipping.
Image /home/sgoli125/workspace/research/MultiModalPFN/mmpfn/data/cbis_ddsm/jpeg/1.3.6.1.4.1.9590.100.1.2.318051409112233239414847655970183400638 does not exist, skipping.
Image /home/sgoli125/workspace/research/MultiModalPFN/mmpfn/data/cbis_ddsm/jpeg/1.3.6.1.4.1.9590.100.1.2.318051409112233239414847655970183400638 does not exist, skipping.
Image /home/sgoli125/workspace/research/MultiModalPFN/mmpfn/data/cbis_ddsm/jpeg/1.3.6.1.4.1.9590.100.1.2.259301364012177611300819083632742554678 does not exist, skipping.
Image /home/sgoli125/workspace/research/MultiModalPFN/mmpfn/data/cbis_ddsm/jpeg/1.3.6.1.4.1.9590.100.1.2.87762910012219476829285710430300540314 does not exist, skipping.
Image /home/sgoli125/workspace/research/MultiModalPFN/mmpfn/data/cbis_ddsm/jpeg/1.3.6.1.4.1.9590.100.1.2.68070600612993674535050384751739982391 does not exist, skipping.
Image /home/sgoli125/workspace/research/MultiModalPFN/mmpfn/data/cbis_ddsm/jpeg/1.3.6.1.4.1.9590.100.1.2.273757703512306341019020740191359065077 does not exist, skipping.
Image /home/sgoli125/workspace/research/MultiModalPFN/mmpfn/data/cbis_ddsm/jpeg/1.3.6.1.4.1.9590.100.1.2.53170057110704206316749464354093307618 does not exist, skipping.
Image /home/sgoli125/workspace/research/MultiModalPFN/mmpfn/data/cbis_ddsm/jpeg/1.3.6.1.4.1.9590.100.1.2.53170057110704206316749464354093307618 does not exist, skipping.
Image /home/sgoli125/workspace/research/MultiModalPFN/mmpfn/data/cbis_ddsm/jpeg/1.3.6.1.4.1.9590.100.1.2.414026706812651455205905829433087007862 does not exist, skipping.
Image /home/sgoli125/workspace/research/MultiModalPFN/mmpfn/data/cbis_ddsm/jpeg/1.3.6.1.4.1.9590.100.1.2.414026706812651455205905829433087007862 does not exist, skipping.
Image /home/sgoli125/workspace/research/MultiModalPFN/mmpfn/data/cbis_ddsm/jpeg/1.3.6.1.4.1.9590.100.1.2.359653834712357915523724051462222236076 does not exist, skipping.
Image /home/sgoli125/workspace/research/MultiModalPFN/mmpfn/data/cbis_ddsm/jpeg/1.3.6.1.4.1.9590.100.1.2.260752246712414136542246527352862647402 does not exist, skipping.
Image /home/sgoli125/workspace/research/MultiModalPFN/mmpfn/data/cbis_ddsm/jpeg/1.3.6.1.4.1.9590.100.1.2.260752246712414136542246527352862647402 does not exist, skipping.
Image /home/sgoli125/workspace/research/MultiModalPFN/mmpfn/data/cbis_ddsm/jpeg/1.3.6.1.4.1.9590.100.1.2.426840530611830774726928779551670982701 does not exist, skipping.
Image /home/sgoli125/workspace/research/MultiModalPFN/mmpfn/data/cbis_ddsm/jpeg/1.3.6.1.4.1.9590.100.1.2.345262103411407650128127650583814145995 does not exist, skipping.
Image /home/sgoli125/workspace/research/MultiModalPFN/mmpfn/data/cbis_ddsm/jpeg/1.3.6.1.4.1.9590.100.1.2.345262103411407650128127650583814145995 does not exist, skipping.
Image /home/sgoli125/workspace/research/MultiModalPFN/mmpfn/data/cbis_ddsm/jpeg/1.3.6.1.4.1.9590.100.1.2.388945630510803488442407018273251518177 does not exist, skipping.
Image /home/sgoli125/workspace/research/MultiModalPFN/mmpfn/data/cbis_ddsm/jpeg/1.3.6.1.4.1.9590.100.1.2.3429204713582358109609880820394708456 does not exist, skipping.
Image /home/sgoli125/workspace/research/MultiModalPFN/mmpfn/data/cbis_ddsm/jpeg/1.3.6.1.4.1.9590.100.1.2.3429204713582358109609880820394708456 does not exist, skipping.
Image /home/sgoli125/workspace/research/MultiModalPFN/mmpfn/data/cbis_ddsm/jpeg/1.3.6.1.4.1.9590.100.1.2.423499231212881160204769583761108492727 does not exist, skipping.
Image /home/sgoli125/workspace/research/MultiModalPFN/mmpfn/data/cbis_ddsm/jpeg/1.3.6.1.4.1.9590.100.1.2.423499231212881160204769583761108492727 does not exist, skipping.
Image /home/sgoli125/workspace/research/MultiModalPFN/mmpfn/data/cbis_ddsm/jpeg/1.3.6.1.4.1.9590.100.1.2.406227558310444421341794976282525029721 does not exist, skipping.
Image /home/sgoli125/workspace/research/MultiModalPFN/mmpfn/data/cbis_ddsm/jpeg/1.3.6.1.4.1.9590.100.1.2.381143665711725146418568510893040274827 does not exist, skipping.
Image /home/sgoli125/workspace/research/MultiModalPFN/mmpfn/data/cbis_ddsm/jpeg/1.3.6.1.4.1.9590.100.1.2.381143665711725146418568510893040274827 does not exist, skipping.
Image /home/sgoli125/workspace/research/MultiModalPFN/mmpfn/data/cbis_ddsm/jpeg/1.3.6.1.4.1.9590.100.1.2.9383151312430789908711205212663448581 does not exist, skipping.
Image /home/sgoli125/workspace/research/MultiModalPFN/mmpfn/data/cbis_ddsm/jpeg/1.3.6.1.4.1.9590.100.1.2.35206296713360473117851291371546672795 does not exist, skipping.
Image /home/sgoli125/workspace/research/MultiModalPFN/mmpfn/data/cbis_ddsm/jpeg/1.3.6.1.4.1.9590.100.1.2.35206296713360473117851291371546672795 does not exist, skipping.
Image /home/sgoli125/workspace/research/MultiModalPFN/mmpfn/data/cbis_ddsm/jpeg/1.3.6.1.4.1.9590.100.1.2.207572409711341229502231661183026713597 does not exist, skipping.
Image /home/sgoli125/workspace/research/MultiModalPFN/mmpfn/data/cbis_ddsm/jpeg/1.3.6.1.4.1.9590.100.1.2.216102351611463725211949134263171261900 does not exist, skipping.
Image /home/sgoli125/workspace/research/MultiModalPFN/mmpfn/data/cbis_ddsm/jpeg/1.3.6.1.4.1.9590.100.1.2.243789476311620228926855927243205261294 does not exist, skipping.
Image /home/sgoli125/workspace/research/MultiModalPFN/mmpfn/data/cbis_ddsm/jpeg/1.3.6.1.4.1.9590.100.1.2.243789476311620228926855927243205261294 does not exist, skipping.
Image /home/sgoli125/workspace/research/MultiModalPFN/mmpfn/data/cbis_ddsm/jpeg/1.3.6.1.4.1.9590.100.1.2.8671267410161383633936689971112124467 does not exist, skipping.
Image /home/sgoli125/workspace/research/MultiModalPFN/mmpfn/data/cbis_ddsm/jpeg/1.3.6.1.4.1.9590.100.1.2.8671267410161383633936689971112124467 does not exist, skipping.
Image /home/sgoli125/workspace/research/MultiModalPFN/mmpfn/data/cbis_ddsm/jpeg/1.3.6.1.4.1.9590.100.1.2.366224461512921462708991507481476230463 does not exist, skipping.
Image /home/sgoli125/workspace/research/MultiModalPFN/mmpfn/data/cbis_ddsm/jpeg/1.3.6.1.4.1.9590.100.1.2.249138173712971928019444463954261443110 does not exist, skipping.
Image /home/sgoli125/workspace/research/MultiModalPFN/mmpfn/data/cbis_ddsm/jpeg/1.3.6.1.4.1.9590.100.1.2.249138173712971928019444463954261443110 does not exist, skipping.
Image /home/sgoli125/workspace/research/MultiModalPFN/mmpfn/data/cbis_ddsm/jpeg/1.3.6.1.4.1.9590.100.1.2.373796532112202089700327689031972129577 does not exist, skipping.
Image /home/sgoli125/workspace/research/MultiModalPFN/mmpfn/data/cbis_ddsm/jpeg/1.3.6.1.4.1.9590.100.1.2.373796532112202089700327689031972129577 does not exist, skipping.
Image /home/sgoli125/workspace/research/MultiModalPFN/mmpfn/data/cbis_ddsm/jpeg/1.3.6.1.4.1.9590.100.1.2.39687204412768757712585658151027219989 does not exist, skipping.
Image /home/sgoli125/workspace/research/MultiModalPFN/mmpfn/data/cbis_ddsm/jpeg/1.3.6.1.4.1.9590.100.1.2.283164120712051268911744006692803176756 does not exist, skipping.
Image /home/sgoli125/workspace/research/MultiModalPFN/mmpfn/data/cbis_ddsm/jpeg/1.3.6.1.4.1.9590.100.1.2.310417008311970894938815230770265106023 does not exist, skipping.
Image /home/sgoli125/workspace/research/MultiModalPFN/mmpfn/data/cbis_ddsm/jpeg/1.3.6.1.4.1.9590.100.1.2.310417008311970894938815230770265106023 does not exist, skipping.
Image /home/sgoli125/workspace/research/MultiModalPFN/mmpfn/data/cbis_ddsm/jpeg/1.3.6.1.4.1.9590.100.1.2.345504654311288462038285026702019249241 does not exist, skipping.
Image /home/sgoli125/workspace/research/MultiModalPFN/mmpfn/data/cbis_ddsm/jpeg/1.3.6.1.4.1.9590.100.1.2.276616123810355532338513184284060942932 does not exist, skipping.
Image /home/sgoli125/workspace/research/MultiModalPFN/mmpfn/data/cbis_ddsm/jpeg/1.3.6.1.4.1.9590.100.1.2.276616123810355532338513184284060942932 does not exist, skipping.
Image /home/sgoli125/workspace/research/MultiModalPFN/mmpfn/data/cbis_ddsm/jpeg/1.3.6.1.4.1.9590.100.1.2.260097163812134737836791390063583834413 does not exist, skipping.
Image /home/sgoli125/workspace/research/MultiModalPFN/mmpfn/data/cbis_ddsm/jpeg/1.3.6.1.4.1.9590.100.1.2.332700967111654335001252220731227140412 does not exist, skipping.
Image /home/sgoli125/workspace/research/MultiModalPFN/mmpfn/data/cbis_ddsm/jpeg/1.3.6.1.4.1.9590.100.1.2.332700967111654335001252220731227140412 does not exist, skipping.
Image /home/sgoli125/workspace/research/MultiModalPFN/mmpfn/data/cbis_ddsm/jpeg/1.3.6.1.4.1.9590.100.1.2.247490147911533287729916340634162491946 does not exist, skipping.
Image /home/sgoli125/workspace/research/MultiModalPFN/mmpfn/data/cbis_ddsm/jpeg/1.3.6.1.4.1.9590.100.1.2.380616930711845654525930515792575143339 does not exist, skipping.
Image /home/sgoli125/workspace/research/MultiModalPFN/mmpfn/data/cbis_ddsm/jpeg/1.3.6.1.4.1.9590.100.1.2.380616930711845654525930515792575143339 does not exist, skipping.
Image /home/sgoli125/workspace/research/MultiModalPFN/mmpfn/data/cbis_ddsm/jpeg/1.3.6.1.4.1.9590.100.1.2.199967109912866426412787232101648660148 does not exist, skipping.
Image /home/sgoli125/workspace/research/MultiModalPFN/mmpfn/data/cbis_ddsm/jpeg/1.3.6.1.4.1.9590.100.1.2.234239153511209189714947751721846928493 does not exist, skipping.
Image /home/sgoli125/workspace/research/MultiModalPFN/mmpfn/data/cbis_ddsm/jpeg/1.3.6.1.4.1.9590.100.1.2.234239153511209189714947751721846928493 does not exist, skipping.
Image /home/sgoli125/workspace/research/MultiModalPFN/mmpfn/data/cbis_ddsm/jpeg/1.3.6.1.4.1.9590.100.1.2.291708845612396087500547083711670299943 does not exist, skipping.
Image /home/sgoli125/workspace/research/MultiModalPFN/mmpfn/data/cbis_ddsm/jpeg/1.3.6.1.4.1.9590.100.1.2.291708845612396087500547083711670299943 does not exist, skipping.
Image /home/sgoli125/workspace/research/MultiModalPFN/mmpfn/data/cbis_ddsm/jpeg/1.3.6.1.4.1.9590.100.1.2.21615316111930020302624756632885461728 does not exist, skipping.
Image /home/sgoli125/workspace/research/MultiModalPFN/mmpfn/data/cbis_ddsm/jpeg/1.3.6.1.4.1.9590.100.1.2.382785538911074403540003060950764875792 does not exist, skipping.
Image /home/sgoli125/workspace/research/MultiModalPFN/mmpfn/data/cbis_ddsm/jpeg/1.3.6.1.4.1.9590.100.1.2.403633164010686270823788499760160451170 does not exist, skipping.
Image /home/sgoli125/workspace/research/MultiModalPFN/mmpfn/data/cbis_ddsm/jpeg/1.3.6.1.4.1.9590.100.1.2.403633164010686270823788499760160451170 does not exist, skipping.
Image /home/sgoli125/workspace/research/MultiModalPFN/mmpfn/data/cbis_ddsm/jpeg/1.3.6.1.4.1.9590.100.1.2.78684859813284664039916578740172712994 does not exist, skipping.
Image /home/sgoli125/workspace/research/MultiModalPFN/mmpfn/data/cbis_ddsm/jpeg/1.3.6.1.4.1.9590.100.1.2.377936417510890071140663464102304556900 does not exist, skipping.
Image /home/sgoli125/workspace/research/MultiModalPFN/mmpfn/data/cbis_ddsm/jpeg/1.3.6.1.4.1.9590.100.1.2.26316563411345028623201688773824119915 does not exist, skipping.
Image /home/sgoli125/workspace/research/MultiModalPFN/mmpfn/data/cbis_ddsm/jpeg/1.3.6.1.4.1.9590.100.1.2.26316563411345028623201688773824119915 does not exist, skipping.
Image /home/sgoli125/workspace/research/MultiModalPFN/mmpfn/data/cbis_ddsm/jpeg/1.3.6.1.4.1.9590.100.1.2.66871694913053462318787529210042793946 does not exist, skipping.
Image /home/sgoli125/workspace/research/MultiModalPFN/mmpfn/data/cbis_ddsm/jpeg/1.3.6.1.4.1.9590.100.1.2.206770941310591831842617476460243335887 does not exist, skipping.
Image /home/sgoli125/workspace/research/MultiModalPFN/mmpfn/data/cbis_ddsm/jpeg/1.3.6.1.4.1.9590.100.1.2.336294562711133796734275132653265929945 does not exist, skipping.
Image /home/sgoli125/workspace/research/MultiModalPFN/mmpfn/data/cbis_ddsm/jpeg/1.3.6.1.4.1.9590.100.1.2.301805576312136110926505701523451263527 does not exist, skipping.
Image /home/sgoli125/workspace/research/MultiModalPFN/mmpfn/data/cbis_ddsm/jpeg/1.3.6.1.4.1.9590.100.1.2.301805576312136110926505701523451263527 does not exist, skipping.
Image /home/sgoli125/workspace/research/MultiModalPFN/mmpfn/data/cbis_ddsm/jpeg/1.3.6.1.4.1.9590.100.1.2.209782512812606525509897235331241811654 does not exist, skipping.
Image /home/sgoli125/workspace/research/MultiModalPFN/mmpfn/data/cbis_ddsm/jpeg/1.3.6.1.4.1.9590.100.1.2.427791843712651407431157597523809469781 does not exist, skipping.
Image /home/sgoli125/workspace/research/MultiModalPFN/mmpfn/data/cbis_ddsm/jpeg/1.3.6.1.4.1.9590.100.1.2.427791843712651407431157597523809469781 does not exist, skipping.
Image /home/sgoli125/workspace/research/MultiModalPFN/mmpfn/data/cbis_ddsm/jpeg/1.3.6.1.4.1.9590.100.1.2.49055609010418986122843145482433179790 does not exist, skipping.
Image /home/sgoli125/workspace/research/MultiModalPFN/mmpfn/data/cbis_ddsm/jpeg/1.3.6.1.4.1.9590.100.1.2.54839051112012784403347327130412002589 does not exist, skipping.
Image /home/sgoli125/workspace/research/MultiModalPFN/mmpfn/data/cbis_ddsm/jpeg/1.3.6.1.4.1.9590.100.1.2.54839051112012784403347327130412002589 does not exist, skipping.
Image /home/sgoli125/workspace/research/MultiModalPFN/mmpfn/data/cbis_ddsm/jpeg/1.3.6.1.4.1.9590.100.1.2.220990211613401067400931229912794070573 does not exist, skipping.
Image /home/sgoli125/workspace/research/MultiModalPFN/mmpfn/data/cbis_ddsm/jpeg/1.3.6.1.4.1.9590.100.1.2.220990211613401067400931229912794070573 does not exist, skipping.
Image /home/sgoli125/workspace/research/MultiModalPFN/mmpfn/data/cbis_ddsm/jpeg/1.3.6.1.4.1.9590.100.1.2.423418338111627617941958352860375625032 does not exist, skipping.
Image /home/sgoli125/workspace/research/MultiModalPFN/mmpfn/data/cbis_ddsm/jpeg/1.3.6.1.4.1.9590.100.1.2.46569623510024119405014199660743933600 does not exist, skipping.
Image /home/sgoli125/workspace/research/MultiModalPFN/mmpfn/data/cbis_ddsm/jpeg/1.3.6.1.4.1.9590.100.1.2.46569623510024119405014199660743933600 does not exist, skipping.
Image /home/sgoli125/workspace/research/MultiModalPFN/mmpfn/data/cbis_ddsm/jpeg/1.3.6.1.4.1.9590.100.1.2.429272924712180645117932944751338112650 does not exist, skipping.
Image /home/sgoli125/workspace/research/MultiModalPFN/mmpfn/data/cbis_ddsm/jpeg/1.3.6.1.4.1.9590.100.1.2.361510015512526913136413449054168104152 does not exist, skipping.
Image /home/sgoli125/workspace/research/MultiModalPFN/mmpfn/data/cbis_ddsm/jpeg/1.3.6.1.4.1.9590.100.1.2.228940534512879091528354845963608902142 does not exist, skipping.
Image /home/sgoli125/workspace/research/MultiModalPFN/mmpfn/data/cbis_ddsm/jpeg/1.3.6.1.4.1.9590.100.1.2.228940534512879091528354845963608902142 does not exist, skipping.
Image /home/sgoli125/workspace/research/MultiModalPFN/mmpfn/data/cbis_ddsm/jpeg/1.3.6.1.4.1.9590.100.1.2.288520517011500966318936802952535540775 does not exist, skipping.
Image /home/sgoli125/workspace/research/MultiModalPFN/mmpfn/data/cbis_ddsm/jpeg/1.3.6.1.4.1.9590.100.1.2.288520517011500966318936802952535540775 does not exist, skipping.
Image /home/sgoli125/workspace/research/MultiModalPFN/mmpfn/data/cbis_ddsm/jpeg/1.3.6.1.4.1.9590.100.1.2.54589971912845806600662511713175024068 does not exist, skipping.
Image /home/sgoli125/workspace/research/MultiModalPFN/mmpfn/data/cbis_ddsm/jpeg/1.3.6.1.4.1.9590.100.1.2.249740277412732082312158987552266485829 does not exist, skipping.
Image /home/sgoli125/workspace/research/MultiModalPFN/mmpfn/data/cbis_ddsm/jpeg/1.3.6.1.4.1.9590.100.1.2.249740277412732082312158987552266485829 does not exist, skipping.
Image /home/sgoli125/workspace/research/MultiModalPFN/mmpfn/data/cbis_ddsm/jpeg/1.3.6.1.4.1.9590.100.1.2.255017621313106640527939798162564871905 does not exist, skipping.
Image /home/sgoli125/workspace/research/MultiModalPFN/mmpfn/data/cbis_ddsm/jpeg/1.3.6.1.4.1.9590.100.1.2.335650228110147472419612611852837629658 does not exist, skipping.
Image /home/sgoli125/workspace/research/MultiModalPFN/mmpfn/data/cbis_ddsm/jpeg/1.3.6.1.4.1.9590.100.1.2.90562377111576588437240836140991805023 does not exist, skipping.
Image /home/sgoli125/workspace/research/MultiModalPFN/mmpfn/data/cbis_ddsm/jpeg/1.3.6.1.4.1.9590.100.1.2.293356243511556585835708189631753848613 does not exist, skipping.
Image /home/sgoli125/workspace/research/MultiModalPFN/mmpfn/data/cbis_ddsm/jpeg/1.3.6.1.4.1.9590.100.1.2.293356243511556585835708189631753848613 does not exist, skipping.
Image /home/sgoli125/workspace/research/MultiModalPFN/mmpfn/data/cbis_ddsm/jpeg/1.3.6.1.4.1.9590.100.1.2.416023076012080833905740875610727249164 does not exist, skipping.
Image /home/sgoli125/workspace/research/MultiModalPFN/mmpfn/data/cbis_ddsm/jpeg/1.3.6.1.4.1.9590.100.1.2.392895116912081777207289373531723921256 does not exist, skipping.
Image /home/sgoli125/workspace/research/MultiModalPFN/mmpfn/data/cbis_ddsm/jpeg/1.3.6.1.4.1.9590.100.1.2.392895116912081777207289373531723921256 does not exist, skipping.
Image /home/sgoli125/workspace/research/MultiModalPFN/mmpfn/data/cbis_ddsm/jpeg/1.3.6.1.4.1.9590.100.1.2.380769145513002751412997507942250308234 does not exist, skipping.
Image /home/sgoli125/workspace/research/MultiModalPFN/mmpfn/data/cbis_ddsm/jpeg/1.3.6.1.4.1.9590.100.1.2.29609545612909937305911804320440329058 does not exist, skipping.
Image /home/sgoli125/workspace/research/MultiModalPFN/mmpfn/data/cbis_ddsm/jpeg/1.3.6.1.4.1.9590.100.1.2.29609545612909937305911804320440329058 does not exist, skipping.
Image /home/sgoli125/workspace/research/MultiModalPFN/mmpfn/data/cbis_ddsm/jpeg/1.3.6.1.4.1.9590.100.1.2.362699455913932408830638593430497146185 does not exist, skipping.
Image /home/sgoli125/workspace/research/MultiModalPFN/mmpfn/data/cbis_ddsm/jpeg/1.3.6.1.4.1.9590.100.1.2.283383049211493262700474976023233039190 does not exist, skipping.
Image /home/sgoli125/workspace/research/MultiModalPFN/mmpfn/data/cbis_ddsm/jpeg/1.3.6.1.4.1.9590.100.1.2.283383049211493262700474976023233039190 does not exist, skipping.
Image /home/sgoli125/workspace/research/MultiModalPFN/mmpfn/data/cbis_ddsm/jpeg/1.3.6.1.4.1.9590.100.1.2.344221963411161539011818472292368930034 does not exist, skipping.
Image /home/sgoli125/workspace/research/MultiModalPFN/mmpfn/data/cbis_ddsm/jpeg/1.3.6.1.4.1.9590.100.1.2.278479423410397786623603601040527941872 does not exist, skipping.
Image /home/sgoli125/workspace/research/MultiModalPFN/mmpfn/data/cbis_ddsm/jpeg/1.3.6.1.4.1.9590.100.1.2.278479423410397786623603601040527941872 does not exist, skipping.
Image /home/sgoli125/workspace/research/MultiModalPFN/mmpfn/data/cbis_ddsm/jpeg/1.3.6.1.4.1.9590.100.1.2.37941560612218986611724038724098003916 does not exist, skipping.
Image /home/sgoli125/workspace/research/MultiModalPFN/mmpfn/data/cbis_ddsm/jpeg/1.3.6.1.4.1.9590.100.1.2.37941560612218986611724038724098003916 does not exist, skipping.
Image /home/sgoli125/workspace/research/MultiModalPFN/mmpfn/data/cbis_ddsm/jpeg/1.3.6.1.4.1.9590.100.1.2.311575927712504734306348916741325595887 does not exist, skipping.
Image /home/sgoli125/workspace/research/MultiModalPFN/mmpfn/data/cbis_ddsm/jpeg/1.3.6.1.4.1.9590.100.1.2.23362247212698980004780624881240487330 does not exist, skipping.
Image /home/sgoli125/workspace/research/MultiModalPFN/mmpfn/data/cbis_ddsm/jpeg/1.3.6.1.4.1.9590.100.1.2.23362247212698980004780624881240487330 does not exist, skipping.
Image /home/sgoli125/workspace/research/MultiModalPFN/mmpfn/data/cbis_ddsm/jpeg/1.3.6.1.4.1.9590.100.1.2.229604156812957526940565152251405901053 does not exist, skipping.
Image /home/sgoli125/workspace/research/MultiModalPFN/mmpfn/data/cbis_ddsm/jpeg/1.3.6.1.4.1.9590.100.1.2.274385030612623929407458446593670412434 does not exist, skipping.
Image /home/sgoli125/workspace/research/MultiModalPFN/mmpfn/data/cbis_ddsm/jpeg/1.3.6.1.4.1.9590.100.1.2.274385030612623929407458446593670412434 does not exist, skipping.
Image /home/sgoli125/workspace/research/MultiModalPFN/mmpfn/data/cbis_ddsm/jpeg/1.3.6.1.4.1.9590.100.1.2.350517798512131225026409122701622110184 does not exist, skipping.
Image /home/sgoli125/workspace/research/MultiModalPFN/mmpfn/data/cbis_ddsm/jpeg/1.3.6.1.4.1.9590.100.1.2.59758168211392010010816976830613192579 does not exist, skipping.
Image /home/sgoli125/workspace/research/MultiModalPFN/mmpfn/data/cbis_ddsm/jpeg/1.3.6.1.4.1.9590.100.1.2.59758168211392010010816976830613192579 does not exist, skipping.
Image /home/sgoli125/workspace/research/MultiModalPFN/mmpfn/data/cbis_ddsm/jpeg/1.3.6.1.4.1.9590.100.1.2.95034519311634764136571565170699722402 does not exist, skipping.
Image /home/sgoli125/workspace/research/MultiModalPFN/mmpfn/data/cbis_ddsm/jpeg/1.3.6.1.4.1.9590.100.1.2.214710479912729172342312170422785489241 does not exist, skipping.
Image /home/sgoli125/workspace/research/MultiModalPFN/mmpfn/data/cbis_ddsm/jpeg/1.3.6.1.4.1.9590.100.1.2.214710479912729172342312170422785489241 does not exist, skipping.
Image /home/sgoli125/workspace/research/MultiModalPFN/mmpfn/data/cbis_ddsm/jpeg/1.3.6.1.4.1.9590.100.1.2.418259643110644642039983722590451171445 does not exist, skipping.
Image /home/sgoli125/workspace/research/MultiModalPFN/mmpfn/data/cbis_ddsm/jpeg/1.3.6.1.4.1.9590.100.1.2.366936631912776024627431295132994614554 does not exist, skipping.
Image /home/sgoli125/workspace/research/MultiModalPFN/mmpfn/data/cbis_ddsm/jpeg/1.3.6.1.4.1.9590.100.1.2.366936631912776024627431295132994614554 does not exist, skipping.
Image /home/sgoli125/workspace/research/MultiModalPFN/mmpfn/data/cbis_ddsm/jpeg/1.3.6.1.4.1.9590.100.1.2.396178191110460835408694483283901250731 does not exist, skipping.
Image /home/sgoli125/workspace/research/MultiModalPFN/mmpfn/data/cbis_ddsm/jpeg/1.3.6.1.4.1.9590.100.1.2.210459296913189622509341746553908565694 does not exist, skipping.
Image /home/sgoli125/workspace/research/MultiModalPFN/mmpfn/data/cbis_ddsm/jpeg/1.3.6.1.4.1.9590.100.1.2.210459296913189622509341746553908565694 does not exist, skipping.
Image /home/sgoli125/workspace/research/MultiModalPFN/mmpfn/data/cbis_ddsm/jpeg/1.3.6.1.4.1.9590.100.1.2.336044071011107523906864513591103608112 does not exist, skipping.
Image /home/sgoli125/workspace/research/MultiModalPFN/mmpfn/data/cbis_ddsm/jpeg/1.3.6.1.4.1.9590.100.1.2.78953662012289228020056948630934822284 does not exist, skipping.
Image /home/sgoli125/workspace/research/MultiModalPFN/mmpfn/data/cbis_ddsm/jpeg/1.3.6.1.4.1.9590.100.1.2.78953662012289228020056948630934822284 does not exist, skipping.
Image /home/sgoli125/workspace/research/MultiModalPFN/mmpfn/data/cbis_ddsm/jpeg/1.3.6.1.4.1.9590.100.1.2.336044071011107523906864513591103608112 does not exist, skipping.
Image /home/sgoli125/workspace/research/MultiModalPFN/mmpfn/data/cbis_ddsm/jpeg/1.3.6.1.4.1.9590.100.1.2.309008803712151034042556394480768984762 does not exist, skipping.
Image /home/sgoli125/workspace/research/MultiModalPFN/mmpfn/data/cbis_ddsm/jpeg/1.3.6.1.4.1.9590.100.1.2.309008803712151034042556394480768984762 does not exist, skipping.
Image /home/sgoli125/workspace/research/MultiModalPFN/mmpfn/data/cbis_ddsm/jpeg/1.3.6.1.4.1.9590.100.1.2.358324866013494251003395178861808166302 does not exist, skipping.
Image /home/sgoli125/workspace/research/MultiModalPFN/mmpfn/data/cbis_ddsm/jpeg/1.3.6.1.4.1.9590.100.1.2.30421233811705377226163603563396302944 does not exist, skipping.
Image /home/sgoli125/workspace/research/MultiModalPFN/mmpfn/data/cbis_ddsm/jpeg/1.3.6.1.4.1.9590.100.1.2.30421233811705377226163603563396302944 does not exist, skipping.
Image /home/sgoli125/workspace/research/MultiModalPFN/mmpfn/data/cbis_ddsm/jpeg/1.3.6.1.4.1.9590.100.1.2.199482819411130337534304815492391029165 does not exist, skipping.
Image /home/sgoli125/workspace/research/MultiModalPFN/mmpfn/data/cbis_ddsm/jpeg/1.3.6.1.4.1.9590.100.1.2.199482819411130337534304815492391029165 does not exist, skipping.
Image /home/sgoli125/workspace/research/MultiModalPFN/mmpfn/data/cbis_ddsm/jpeg/1.3.6.1.4.1.9590.100.1.2.244372785111268123236187043051295644391 does not exist, skipping.
Image /home/sgoli125/workspace/research/MultiModalPFN/mmpfn/data/cbis_ddsm/jpeg/1.3.6.1.4.1.9590.100.1.2.84495138812036775930101272800359498306 does not exist, skipping.
Image /home/sgoli125/workspace/research/MultiModalPFN/mmpfn/data/cbis_ddsm/jpeg/1.3.6.1.4.1.9590.100.1.2.84495138812036775930101272800359498306 does not exist, skipping.
Image /home/sgoli125/workspace/research/MultiModalPFN/mmpfn/data/cbis_ddsm/jpeg/1.3.6.1.4.1.9590.100.1.2.321571514713247316135159699532641256508 does not exist, skipping.
Image /home/sgoli125/workspace/research/MultiModalPFN/mmpfn/data/cbis_ddsm/jpeg/1.3.6.1.4.1.9590.100.1.2.245629699412487934826630043082456879548 does not exist, skipping.
Image /home/sgoli125/workspace/research/MultiModalPFN/mmpfn/data/cbis_ddsm/jpeg/1.3.6.1.4.1.9590.100.1.2.392488603211344890628083772650111649786 does not exist, skipping.
Image /home/sgoli125/workspace/research/MultiModalPFN/mmpfn/data/cbis_ddsm/jpeg/1.3.6.1.4.1.9590.100.1.2.338052784513805638524918455141210925047 does not exist, skipping.
Image /home/sgoli125/workspace/research/MultiModalPFN/mmpfn/data/cbis_ddsm/jpeg/1.3.6.1.4.1.9590.100.1.2.338052784513805638524918455141210925047 does not exist, skipping.
Image /home/sgoli125/workspace/research/MultiModalPFN/mmpfn/data/cbis_ddsm/jpeg/1.3.6.1.4.1.9590.100.1.2.69745952012889155812092274262822416242 does not exist, skipping.
Image /home/sgoli125/workspace/research/MultiModalPFN/mmpfn/data/cbis_ddsm/jpeg/1.3.6.1.4.1.9590.100.1.2.295633062913757524832888662093806859344 does not exist, skipping.
Image /home/sgoli125/workspace/research/MultiModalPFN/mmpfn/data/cbis_ddsm/jpeg/1.3.6.1.4.1.9590.100.1.2.295633062913757524832888662093806859344 does not exist, skipping.
Image /home/sgoli125/workspace/research/MultiModalPFN/mmpfn/data/cbis_ddsm/jpeg/1.3.6.1.4.1.9590.100.1.2.28994390011193705314585586210966915731 does not exist, skipping.
Image /home/sgoli125/workspace/research/MultiModalPFN/mmpfn/data/cbis_ddsm/jpeg/1.3.6.1.4.1.9590.100.1.2.6999357311007552812325812820232058556 does not exist, skipping.
Image /home/sgoli125/workspace/research/MultiModalPFN/mmpfn/data/cbis_ddsm/jpeg/1.3.6.1.4.1.9590.100.1.2.334267647111477037330149142310079137997 does not exist, skipping.
Image /home/sgoli125/workspace/research/MultiModalPFN/mmpfn/data/cbis_ddsm/jpeg/1.3.6.1.4.1.9590.100.1.2.412862240411725259842309390381988811103 does not exist, skipping.
Image /home/sgoli125/workspace/research/MultiModalPFN/mmpfn/data/cbis_ddsm/jpeg/1.3.6.1.4.1.9590.100.1.2.412862240411725259842309390381988811103 does not exist, skipping.
Image /home/sgoli125/workspace/research/MultiModalPFN/mmpfn/data/cbis_ddsm/jpeg/1.3.6.1.4.1.9590.100.1.2.417736898512050606627443457703960665791 does not exist, skipping.
Image /home/sgoli125/workspace/research/MultiModalPFN/mmpfn/data/cbis_ddsm/jpeg/1.3.6.1.4.1.9590.100.1.2.397825462410582759740376106630549593816 does not exist, skipping.
Image /home/sgoli125/workspace/research/MultiModalPFN/mmpfn/data/cbis_ddsm/jpeg/1.3.6.1.4.1.9590.100.1.2.397825462410582759740376106630549593816 does not exist, skipping.
Image /home/sgoli125/workspace/research/MultiModalPFN/mmpfn/data/cbis_ddsm/jpeg/1.3.6.1.4.1.9590.100.1.2.210300122413242416033689056272809864377 does not exist, skipping.
Image /home/sgoli125/workspace/research/MultiModalPFN/mmpfn/data/cbis_ddsm/jpeg/1.3.6.1.4.1.9590.100.1.2.235655662613291937340190521641754135227 does not exist, skipping.
Image /home/sgoli125/workspace/research/MultiModalPFN/mmpfn/data/cbis_ddsm/jpeg/1.3.6.1.4.1.9590.100.1.2.235655662613291937340190521641754135227 does not exist, skipping.
Image /home/sgoli125/workspace/research/MultiModalPFN/mmpfn/data/cbis_ddsm/jpeg/1.3.6.1.4.1.9590.100.1.2.261521794613721978940690958173191292096 does not exist, skipping.
Image /home/sgoli125/workspace/research/MultiModalPFN/mmpfn/data/cbis_ddsm/jpeg/1.3.6.1.4.1.9590.100.1.2.288153362111736388134863963471171051300 does not exist, skipping.
Image /home/sgoli125/workspace/research/MultiModalPFN/mmpfn/data/cbis_ddsm/jpeg/1.3.6.1.4.1.9590.100.1.2.288153362111736388134863963471171051300 does not exist, skipping.
Image /home/sgoli125/workspace/research/MultiModalPFN/mmpfn/data/cbis_ddsm/jpeg/1.3.6.1.4.1.9590.100.1.2.25375892213900651026885971294019504132 does not exist, skipping.
Image /home/sgoli125/workspace/research/MultiModalPFN/mmpfn/data/cbis_ddsm/jpeg/1.3.6.1.4.1.9590.100.1.2.50631654813156170442539396462000816513 does not exist, skipping.
Image /home/sgoli125/workspace/research/MultiModalPFN/mmpfn/data/cbis_ddsm/jpeg/1.3.6.1.4.1.9590.100.1.2.50631654813156170442539396462000816513 does not exist, skipping.
Image /home/sgoli125/workspace/research/MultiModalPFN/mmpfn/data/cbis_ddsm/jpeg/1.3.6.1.4.1.9590.100.1.2.355784709512717039526063735460090665012 does not exist, skipping.
Image /home/sgoli125/workspace/research/MultiModalPFN/mmpfn/data/cbis_ddsm/jpeg/1.3.6.1.4.1.9590.100.1.2.26328160312807915105944979513644204307 does not exist, skipping.
Image /home/sgoli125/workspace/research/MultiModalPFN/mmpfn/data/cbis_ddsm/jpeg/1.3.6.1.4.1.9590.100.1.2.356849603412989115334156110483414749897 does not exist, skipping.
Image /home/sgoli125/workspace/research/MultiModalPFN/mmpfn/data/cbis_ddsm/jpeg/1.3.6.1.4.1.9590.100.1.2.356849603412989115334156110483414749897 does not exist, skipping.
Image /home/sgoli125/workspace/research/MultiModalPFN/mmpfn/data/cbis_ddsm/jpeg/1.3.6.1.4.1.9590.100.1.2.393540200811993411831560257320707365010 does not exist, skipping.
Image /home/sgoli125/workspace/research/MultiModalPFN/mmpfn/data/cbis_ddsm/jpeg/1.3.6.1.4.1.9590.100.1.2.277559716212943042233296549160692950666 does not exist, skipping.
Image /home/sgoli125/workspace/research/MultiModalPFN/mmpfn/data/cbis_ddsm/jpeg/1.3.6.1.4.1.9590.100.1.2.277559716212943042233296549160692950666 does not exist, skipping.
Image /home/sgoli125/workspace/research/MultiModalPFN/mmpfn/data/cbis_ddsm/jpeg/1.3.6.1.4.1.9590.100.1.2.54366092511946679517191617352997203651 does not exist, skipping.
Image /home/sgoli125/workspace/research/MultiModalPFN/mmpfn/data/cbis_ddsm/jpeg/1.3.6.1.4.1.9590.100.1.2.54366092511946679517191617352997203651 does not exist, skipping.
Image /home/sgoli125/workspace/research/MultiModalPFN/mmpfn/data/cbis_ddsm/jpeg/1.3.6.1.4.1.9590.100.1.2.241913331211544797634314927870155206169 does not exist, skipping.
Image /home/sgoli125/workspace/research/MultiModalPFN/mmpfn/data/cbis_ddsm/jpeg/1.3.6.1.4.1.9590.100.1.2.7018942113736335300761509420057906739 does not exist, skipping.
Image /home/sgoli125/workspace/research/MultiModalPFN/mmpfn/data/cbis_ddsm/jpeg/1.3.6.1.4.1.9590.100.1.2.7018942113736335300761509420057906739 does not exist, skipping.
Image /home/sgoli125/workspace/research/MultiModalPFN/mmpfn/data/cbis_ddsm/jpeg/1.3.6.1.4.1.9590.100.1.2.397720794713249394831769852762428926860 does not exist, skipping.
Image /home/sgoli125/workspace/research/MultiModalPFN/mmpfn/data/cbis_ddsm/jpeg/1.3.6.1.4.1.9590.100.1.2.208910580012731410315774570652959814802 does not exist, skipping.
Image /home/sgoli125/workspace/research/MultiModalPFN/mmpfn/data/cbis_ddsm/jpeg/1.3.6.1.4.1.9590.100.1.2.208910580012731410315774570652959814802 does not exist, skipping.
Image /home/sgoli125/workspace/research/MultiModalPFN/mmpfn/data/cbis_ddsm/jpeg/1.3.6.1.4.1.9590.100.1.2.397720794713249394831769852762428926860 does not exist, skipping.
Image /home/sgoli125/workspace/research/MultiModalPFN/mmpfn/data/cbis_ddsm/jpeg/1.3.6.1.4.1.9590.100.1.2.92781300111317316602029016560273464316 does not exist, skipping.
Image /home/sgoli125/workspace/research/MultiModalPFN/mmpfn/data/cbis_ddsm/jpeg/1.3.6.1.4.1.9590.100.1.2.92781300111317316602029016560273464316 does not exist, skipping.
Image /home/sgoli125/workspace/research/MultiModalPFN/mmpfn/data/cbis_ddsm/jpeg/1.3.6.1.4.1.9590.100.1.2.286909713713038588826151039020122936745 does not exist, skipping.
Image /home/sgoli125/workspace/research/MultiModalPFN/mmpfn/data/cbis_ddsm/jpeg/1.3.6.1.4.1.9590.100.1.2.286909713713038588826151039020122936745 does not exist, skipping.
Image /home/sgoli125/workspace/research/MultiModalPFN/mmpfn/data/cbis_ddsm/jpeg/1.3.6.1.4.1.9590.100.1.2.256911302712545834712789594891981521682 does not exist, skipping.
Image /home/sgoli125/workspace/research/MultiModalPFN/mmpfn/data/cbis_ddsm/jpeg/1.3.6.1.4.1.9590.100.1.2.270964980412538159307361770414010109388 does not exist, skipping.
Image /home/sgoli125/workspace/research/MultiModalPFN/mmpfn/data/cbis_ddsm/jpeg/1.3.6.1.4.1.9590.100.1.2.270964980412538159307361770414010109388 does not exist, skipping.
Image /home/sgoli125/workspace/research/MultiModalPFN/mmpfn/data/cbis_ddsm/jpeg/1.3.6.1.4.1.9590.100.1.2.304117436612949689637956561203603784399 does not exist, skipping.
Image /home/sgoli125/workspace/research/MultiModalPFN/mmpfn/data/cbis_ddsm/jpeg/1.3.6.1.4.1.9590.100.1.2.304117436612949689637956561203603784399 does not exist, skipping.
Image /home/sgoli125/workspace/research/MultiModalPFN/mmpfn/data/cbis_ddsm/jpeg/1.3.6.1.4.1.9590.100.1.2.35590170712015951402001860292316082102 does not exist, skipping.
Image /home/sgoli125/workspace/research/MultiModalPFN/mmpfn/data/cbis_ddsm/jpeg/1.3.6.1.4.1.9590.100.1.2.63314488711618373940519113330024031113 does not exist, skipping.
Image /home/sgoli125/workspace/research/MultiModalPFN/mmpfn/data/cbis_ddsm/jpeg/1.3.6.1.4.1.9590.100.1.2.63314488711618373940519113330024031113 does not exist, skipping.
Image /home/sgoli125/workspace/research/MultiModalPFN/mmpfn/data/cbis_ddsm/jpeg/1.3.6.1.4.1.9590.100.1.2.218039118912098497207787511673044468477 does not exist, skipping.
Image /home/sgoli125/workspace/research/MultiModalPFN/mmpfn/data/cbis_ddsm/jpeg/1.3.6.1.4.1.9590.100.1.2.299077753913268345218978871282155483744 does not exist, skipping.
Image /home/sgoli125/workspace/research/MultiModalPFN/mmpfn/data/cbis_ddsm/jpeg/1.3.6.1.4.1.9590.100.1.2.299077753913268345218978871282155483744 does not exist, skipping.
Image /home/sgoli125/workspace/research/MultiModalPFN/mmpfn/data/cbis_ddsm/jpeg/1.3.6.1.4.1.9590.100.1.2.29318932712695951431444118093650037083 does not exist, skipping.
Image /home/sgoli125/workspace/research/MultiModalPFN/mmpfn/data/cbis_ddsm/jpeg/1.3.6.1.4.1.9590.100.1.2.29318932712695951431444118093650037083 does not exist, skipping.
Image /home/sgoli125/workspace/research/MultiModalPFN/mmpfn/data/cbis_ddsm/jpeg/1.3.6.1.4.1.9590.100.1.2.205035326412001734142099619001097799248 does not exist, skipping.
Image /home/sgoli125/workspace/research/MultiModalPFN/mmpfn/data/cbis_ddsm/jpeg/1.3.6.1.4.1.9590.100.1.2.199872781413275649323938881652250087248 does not exist, skipping.
Image /home/sgoli125/workspace/research/MultiModalPFN/mmpfn/data/cbis_ddsm/jpeg/1.3.6.1.4.1.9590.100.1.2.199872781413275649323938881652250087248 does not exist, skipping.
Image /home/sgoli125/workspace/research/MultiModalPFN/mmpfn/data/cbis_ddsm/jpeg/1.3.6.1.4.1.9590.100.1.2.382759899212490555525591376683178735829 does not exist, skipping.
Image /home/sgoli125/workspace/research/MultiModalPFN/mmpfn/data/cbis_ddsm/jpeg/1.3.6.1.4.1.9590.100.1.2.43665767012035310007732414810147712942 does not exist, skipping.
Image /home/sgoli125/workspace/research/MultiModalPFN/mmpfn/data/cbis_ddsm/jpeg/1.3.6.1.4.1.9590.100.1.2.43665767012035310007732414810147712942 does not exist, skipping.
Image /home/sgoli125/workspace/research/MultiModalPFN/mmpfn/data/cbis_ddsm/jpeg/1.3.6.1.4.1.9590.100.1.2.198038869612079048331342389090875295128 does not exist, skipping.
Image /home/sgoli125/workspace/research/MultiModalPFN/mmpfn/data/cbis_ddsm/jpeg/1.3.6.1.4.1.9590.100.1.2.22011950713133475930291969510689163306 does not exist, skipping.
Image /home/sgoli125/workspace/research/MultiModalPFN/mmpfn/data/cbis_ddsm/jpeg/1.3.6.1.4.1.9590.100.1.2.22011950713133475930291969510689163306 does not exist, skipping.
Image /home/sgoli125/workspace/research/MultiModalPFN/mmpfn/data/cbis_ddsm/jpeg/1.3.6.1.4.1.9590.100.1.2.421240757211052274135489665532712199918 does not exist, skipping.
Image /home/sgoli125/workspace/research/MultiModalPFN/mmpfn/data/cbis_ddsm/jpeg/1.3.6.1.4.1.9590.100.1.2.276677083513558125732887643371780505150 does not exist, skipping.
Image /home/sgoli125/workspace/research/MultiModalPFN/mmpfn/data/cbis_ddsm/jpeg/1.3.6.1.4.1.9590.100.1.2.276677083513558125732887643371780505150 does not exist, skipping.
Image /home/sgoli125/workspace/research/MultiModalPFN/mmpfn/data/cbis_ddsm/jpeg/1.3.6.1.4.1.9590.100.1.2.81477356811861181220935482001650306572 does not exist, skipping.
Image /home/sgoli125/workspace/research/MultiModalPFN/mmpfn/data/cbis_ddsm/jpeg/1.3.6.1.4.1.9590.100.1.2.363931718912872812915337826670092071860 does not exist, skipping.
Image /home/sgoli125/workspace/research/MultiModalPFN/mmpfn/data/cbis_ddsm/jpeg/1.3.6.1.4.1.9590.100.1.2.363931718912872812915337826670092071860 does not exist, skipping.
Image /home/sgoli125/workspace/research/MultiModalPFN/mmpfn/data/cbis_ddsm/jpeg/1.3.6.1.4.1.9590.100.1.2.277361223711626264434114039573876582751 does not exist, skipping.
Image /home/sgoli125/workspace/research/MultiModalPFN/mmpfn/data/cbis_ddsm/jpeg/1.3.6.1.4.1.9590.100.1.2.257125356513344819041654017400318916287 does not exist, skipping.
Image /home/sgoli125/workspace/research/MultiModalPFN/mmpfn/data/cbis_ddsm/jpeg/1.3.6.1.4.1.9590.100.1.2.296626193311934752226620230570621823235 does not exist, skipping.
Image /home/sgoli125/workspace/research/MultiModalPFN/mmpfn/data/cbis_ddsm/jpeg/1.3.6.1.4.1.9590.100.1.2.296626193311934752226620230570621823235 does not exist, skipping.
Image /home/sgoli125/workspace/research/MultiModalPFN/mmpfn/data/cbis_ddsm/jpeg/1.3.6.1.4.1.9590.100.1.2.386991383712188443442722182602752682136 does not exist, skipping.
Image /home/sgoli125/workspace/research/MultiModalPFN/mmpfn/data/cbis_ddsm/jpeg/1.3.6.1.4.1.9590.100.1.2.334560243811532874041407284851051538420 does not exist, skipping.
Image /home/sgoli125/workspace/research/MultiModalPFN/mmpfn/data/cbis_ddsm/jpeg/1.3.6.1.4.1.9590.100.1.2.334560243811532874041407284851051538420 does not exist, skipping.
Image /home/sgoli125/workspace/research/MultiModalPFN/mmpfn/data/cbis_ddsm/jpeg/1.3.6.1.4.1.9590.100.1.2.224142725412653436611590383641770331658 does not exist, skipping.
Image /home/sgoli125/workspace/research/MultiModalPFN/mmpfn/data/cbis_ddsm/jpeg/1.3.6.1.4.1.9590.100.1.2.224142725412653436611590383641770331658 does not exist, skipping.
Image /home/sgoli125/workspace/research/MultiModalPFN/mmpfn/data/cbis_ddsm/jpeg/1.3.6.1.4.1.9590.100.1.2.423231217313173838131026205790640709929 does not exist, skipping.
Image /home/sgoli125/workspace/research/MultiModalPFN/mmpfn/data/cbis_ddsm/jpeg/1.3.6.1.4.1.9590.100.1.2.321649469711774731337097599351504150954 does not exist, skipping.
Image /home/sgoli125/workspace/research/MultiModalPFN/mmpfn/data/cbis_ddsm/jpeg/1.3.6.1.4.1.9590.100.1.2.321649469711774731337097599351504150954 does not exist, skipping.
Image /home/sgoli125/workspace/research/MultiModalPFN/mmpfn/data/cbis_ddsm/jpeg/1.3.6.1.4.1.9590.100.1.2.99617316010522989842538197780963621601 does not exist, skipping.
Image /home/sgoli125/workspace/research/MultiModalPFN/mmpfn/data/cbis_ddsm/jpeg/1.3.6.1.4.1.9590.100.1.2.99617316010522989842538197780963621601 does not exist, skipping.
Image /home/sgoli125/workspace/research/MultiModalPFN/mmpfn/data/cbis_ddsm/jpeg/1.3.6.1.4.1.9590.100.1.2.428005849212882608116449204882770222366 does not exist, skipping.
Image /home/sgoli125/workspace/research/MultiModalPFN/mmpfn/data/cbis_ddsm/jpeg/1.3.6.1.4.1.9590.100.1.2.428005849212882608116449204882770222366 does not exist, skipping.
Image /home/sgoli125/workspace/research/MultiModalPFN/mmpfn/data/cbis_ddsm/jpeg/1.3.6.1.4.1.9590.100.1.2.68997620512236632317599893761737278860 does not exist, skipping.
Image /home/sgoli125/workspace/research/MultiModalPFN/mmpfn/data/cbis_ddsm/jpeg/1.3.6.1.4.1.9590.100.1.2.336724220613489894941621974262229457267 does not exist, skipping.
Image /home/sgoli125/workspace/research/MultiModalPFN/mmpfn/data/cbis_ddsm/jpeg/1.3.6.1.4.1.9590.100.1.2.336724220613489894941621974262229457267 does not exist, skipping.
Image /home/sgoli125/workspace/research/MultiModalPFN/mmpfn/data/cbis_ddsm/jpeg/1.3.6.1.4.1.9590.100.1.2.373282707011960449216083283203138529156 does not exist, skipping.
Image /home/sgoli125/workspace/research/MultiModalPFN/mmpfn/data/cbis_ddsm/jpeg/1.3.6.1.4.1.9590.100.1.2.270492055011722033337769435042876305825 does not exist, skipping.
Image /home/sgoli125/workspace/research/MultiModalPFN/mmpfn/data/cbis_ddsm/jpeg/1.3.6.1.4.1.9590.100.1.2.270492055011722033337769435042876305825 does not exist, skipping.
Image /home/sgoli125/workspace/research/MultiModalPFN/mmpfn/data/cbis_ddsm/jpeg/1.3.6.1.4.1.9590.100.1.2.426585149212376352035606570522150235343 does not exist, skipping.
Image /home/sgoli125/workspace/research/MultiModalPFN/mmpfn/data/cbis_ddsm/jpeg/1.3.6.1.4.1.9590.100.1.2.299844048712116315321281215043759859662 does not exist, skipping.
Image /home/sgoli125/workspace/research/MultiModalPFN/mmpfn/data/cbis_ddsm/jpeg/1.3.6.1.4.1.9590.100.1.2.299844048712116315321281215043759859662 does not exist, skipping.
Image /home/sgoli125/workspace/research/MultiModalPFN/mmpfn/data/cbis_ddsm/jpeg/1.3.6.1.4.1.9590.100.1.2.87873763812450520319229641093375687838 does not exist, skipping.
Image /home/sgoli125/workspace/research/MultiModalPFN/mmpfn/data/cbis_ddsm/jpeg/1.3.6.1.4.1.9590.100.1.2.87873763812450520319229641093375687838 does not exist, skipping.
Image /home/sgoli125/workspace/research/MultiModalPFN/mmpfn/data/cbis_ddsm/jpeg/1.3.6.1.4.1.9590.100.1.2.198401805612744270313271998910596126739 does not exist, skipping.
Image /home/sgoli125/workspace/research/MultiModalPFN/mmpfn/data/cbis_ddsm/jpeg/1.3.6.1.4.1.9590.100.1.2.319772607612291177008295115832242706231 does not exist, skipping.
Image /home/sgoli125/workspace/research/MultiModalPFN/mmpfn/data/cbis_ddsm/jpeg/1.3.6.1.4.1.9590.100.1.2.319772607612291177008295115832242706231 does not exist, skipping.
Image /home/sgoli125/workspace/research/MultiModalPFN/mmpfn/data/cbis_ddsm/jpeg/1.3.6.1.4.1.9590.100.1.2.357061978213570897113196261431544582941 does not exist, skipping.
Image /home/sgoli125/workspace/research/MultiModalPFN/mmpfn/data/cbis_ddsm/jpeg/1.3.6.1.4.1.9590.100.1.2.357061978213570897113196261431544582941 does not exist, skipping.
Image /home/sgoli125/workspace/research/MultiModalPFN/mmpfn/data/cbis_ddsm/jpeg/1.3.6.1.4.1.9590.100.1.2.327655230312565966225285546413557874297 does not exist, skipping.
Image /home/sgoli125/workspace/research/MultiModalPFN/mmpfn/data/cbis_ddsm/jpeg/1.3.6.1.4.1.9590.100.1.2.64411509111134375125814659942789076813 does not exist, skipping.
Image /home/sgoli125/workspace/research/MultiModalPFN/mmpfn/data/cbis_ddsm/jpeg/1.3.6.1.4.1.9590.100.1.2.64411509111134375125814659942789076813 does not exist, skipping.
Image /home/sgoli125/workspace/research/MultiModalPFN/mmpfn/data/cbis_ddsm/jpeg/1.3.6.1.4.1.9590.100.1.2.340176900112618379904570070131663790830 does not exist, skipping.
Image /home/sgoli125/workspace/research/MultiModalPFN/mmpfn/data/cbis_ddsm/jpeg/1.3.6.1.4.1.9590.100.1.2.245463468211253768232136260361401907412 does not exist, skipping.
Image /home/sgoli125/workspace/research/MultiModalPFN/mmpfn/data/cbis_ddsm/jpeg/1.3.6.1.4.1.9590.100.1.2.245463468211253768232136260361401907412 does not exist, skipping.
Image /home/sgoli125/workspace/research/MultiModalPFN/mmpfn/data/cbis_ddsm/jpeg/1.3.6.1.4.1.9590.100.1.2.59422632013480698306534357961741191465 does not exist, skipping.
Image /home/sgoli125/workspace/research/MultiModalPFN/mmpfn/data/cbis_ddsm/jpeg/1.3.6.1.4.1.9590.100.1.2.37796352110301113641817982760920017130 does not exist, skipping.
Image /home/sgoli125/workspace/research/MultiModalPFN/mmpfn/data/cbis_ddsm/jpeg/1.3.6.1.4.1.9590.100.1.2.37796352110301113641817982760920017130 does not exist, skipping.
Image /home/sgoli125/workspace/research/MultiModalPFN/mmpfn/data/cbis_ddsm/jpeg/1.3.6.1.4.1.9590.100.1.2.293728369211975468236490743672836489355 does not exist, skipping.
Image /home/sgoli125/workspace/research/MultiModalPFN/mmpfn/data/cbis_ddsm/jpeg/1.3.6.1.4.1.9590.100.1.2.273583962611358776237919717661223592624 does not exist, skipping.
Image /home/sgoli125/workspace/research/MultiModalPFN/mmpfn/data/cbis_ddsm/jpeg/1.3.6.1.4.1.9590.100.1.2.273583962611358776237919717661223592624 does not exist, skipping.
Image /home/sgoli125/workspace/research/MultiModalPFN/mmpfn/data/cbis_ddsm/jpeg/1.3.6.1.4.1.9590.100.1.2.335175831910461163028890246593553073923 does not exist, skipping.
Image /home/sgoli125/workspace/research/MultiModalPFN/mmpfn/data/cbis_ddsm/jpeg/1.3.6.1.4.1.9590.100.1.2.335175831910461163028890246593553073923 does not exist, skipping.
Image /home/sgoli125/workspace/research/MultiModalPFN/mmpfn/data/cbis_ddsm/jpeg/1.3.6.1.4.1.9590.100.1.2.220459760812954633030198434731145904621 does not exist, skipping.
Image /home/sgoli125/workspace/research/MultiModalPFN/mmpfn/data/cbis_ddsm/jpeg/1.3.6.1.4.1.9590.100.1.2.76005815911745512701681591193753262513 does not exist, skipping.
Image /home/sgoli125/workspace/research/MultiModalPFN/mmpfn/data/cbis_ddsm/jpeg/1.3.6.1.4.1.9590.100.1.2.421248934111463549934622132653073148198 does not exist, skipping.
Image /home/sgoli125/workspace/research/MultiModalPFN/mmpfn/data/cbis_ddsm/jpeg/1.3.6.1.4.1.9590.100.1.2.421248934111463549934622132653073148198 does not exist, skipping.
Image /home/sgoli125/workspace/research/MultiModalPFN/mmpfn/data/cbis_ddsm/jpeg/1.3.6.1.4.1.9590.100.1.2.73252707912341102508423261633005345630 does not exist, skipping.
Image /home/sgoli125/workspace/research/MultiModalPFN/mmpfn/data/cbis_ddsm/jpeg/1.3.6.1.4.1.9590.100.1.2.233449637613130303918111725352831217594 does not exist, skipping.
Image /home/sgoli125/workspace/research/MultiModalPFN/mmpfn/data/cbis_ddsm/jpeg/1.3.6.1.4.1.9590.100.1.2.233449637613130303918111725352831217594 does not exist, skipping.
Image /home/sgoli125/workspace/research/MultiModalPFN/mmpfn/data/cbis_ddsm/jpeg/1.3.6.1.4.1.9590.100.1.2.73252707912341102508423261633005345630 does not exist, skipping.
Image /home/sgoli125/workspace/research/MultiModalPFN/mmpfn/data/cbis_ddsm/jpeg/1.3.6.1.4.1.9590.100.1.2.45181171812179860242410412862000710959 does not exist, skipping.
Image /home/sgoli125/workspace/research/MultiModalPFN/mmpfn/data/cbis_ddsm/jpeg/1.3.6.1.4.1.9590.100.1.2.45181171812179860242410412862000710959 does not exist, skipping.
Image /home/sgoli125/workspace/research/MultiModalPFN/mmpfn/data/cbis_ddsm/jpeg/1.3.6.1.4.1.9590.100.1.2.83278964612407383507170994380094259682 does not exist, skipping.
Image /home/sgoli125/workspace/research/MultiModalPFN/mmpfn/data/cbis_ddsm/jpeg/1.3.6.1.4.1.9590.100.1.2.83278964612407383507170994380094259682 does not exist, skipping.
Image /home/sgoli125/workspace/research/MultiModalPFN/mmpfn/data/cbis_ddsm/jpeg/1.3.6.1.4.1.9590.100.1.2.45181171812179860242410412862000710959 does not exist, skipping.
Image /home/sgoli125/workspace/research/MultiModalPFN/mmpfn/data/cbis_ddsm/jpeg/1.3.6.1.4.1.9590.100.1.2.303957848512101522805868401990218279006 does not exist, skipping.
Image /home/sgoli125/workspace/research/MultiModalPFN/mmpfn/data/cbis_ddsm/jpeg/1.3.6.1.4.1.9590.100.1.2.43200967010970030541540261333770476605 does not exist, skipping.
Image /home/sgoli125/workspace/research/MultiModalPFN/mmpfn/data/cbis_ddsm/jpeg/1.3.6.1.4.1.9590.100.1.2.43200967010970030541540261333770476605 does not exist, skipping.
Image /home/sgoli125/workspace/research/MultiModalPFN/mmpfn/data/cbis_ddsm/jpeg/1.3.6.1.4.1.9590.100.1.2.323873351911762283127423474124042969679 does not exist, skipping.
Image /home/sgoli125/workspace/research/MultiModalPFN/mmpfn/data/cbis_ddsm/jpeg/1.3.6.1.4.1.9590.100.1.2.351651574212215901908071085391524934989 does not exist, skipping.
Image /home/sgoli125/workspace/research/MultiModalPFN/mmpfn/data/cbis_ddsm/jpeg/1.3.6.1.4.1.9590.100.1.2.351651574212215901908071085391524934989 does not exist, skipping.
Image /home/sgoli125/workspace/research/MultiModalPFN/mmpfn/data/cbis_ddsm/jpeg/1.3.6.1.4.1.9590.100.1.2.246977598212870752926430767692883581128 does not exist, skipping.
Image /home/sgoli125/workspace/research/MultiModalPFN/mmpfn/data/cbis_ddsm/jpeg/1.3.6.1.4.1.9590.100.1.2.337889068912217823622466563932018789324 does not exist, skipping.
Image /home/sgoli125/workspace/research/MultiModalPFN/mmpfn/data/cbis_ddsm/jpeg/1.3.6.1.4.1.9590.100.1.2.337889068912217823622466563932018789324 does not exist, skipping.
Image /home/sgoli125/workspace/research/MultiModalPFN/mmpfn/data/cbis_ddsm/jpeg/1.3.6.1.4.1.9590.100.1.2.336166961113240798312931567861261557568 does not exist, skipping.
Image /home/sgoli125/workspace/research/MultiModalPFN/mmpfn/data/cbis_ddsm/jpeg/1.3.6.1.4.1.9590.100.1.2.83087165812778063119543525300880140008 does not exist, skipping.
Image /home/sgoli125/workspace/research/MultiModalPFN/mmpfn/data/cbis_ddsm/jpeg/1.3.6.1.4.1.9590.100.1.2.220717935912070495137175307761029780243 does not exist, skipping.
Image /home/sgoli125/workspace/research/MultiModalPFN/mmpfn/data/cbis_ddsm/jpeg/1.3.6.1.4.1.9590.100.1.2.220717935912070495137175307761029780243 does not exist, skipping.
Image /home/sgoli125/workspace/research/MultiModalPFN/mmpfn/data/cbis_ddsm/jpeg/1.3.6.1.4.1.9590.100.1.2.246774080411150717028683145493724841249 does not exist, skipping.
Image /home/sgoli125/workspace/research/MultiModalPFN/mmpfn/data/cbis_ddsm/jpeg/1.3.6.1.4.1.9590.100.1.2.21055311313804633718557804970214380283 does not exist, skipping.
Image /home/sgoli125/workspace/research/MultiModalPFN/mmpfn/data/cbis_ddsm/jpeg/1.3.6.1.4.1.9590.100.1.2.335457925012596074238120969280912081283 does not exist, skipping.
Image /home/sgoli125/workspace/research/MultiModalPFN/mmpfn/data/cbis_ddsm/jpeg/1.3.6.1.4.1.9590.100.1.2.335457925012596074238120969280912081283 does not exist, skipping.
Image /home/sgoli125/workspace/research/MultiModalPFN/mmpfn/data/cbis_ddsm/jpeg/1.3.6.1.4.1.9590.100.1.2.364024163112729960621378871112074931708 does not exist, skipping.
Image /home/sgoli125/workspace/research/MultiModalPFN/mmpfn/data/cbis_ddsm/jpeg/1.3.6.1.4.1.9590.100.1.2.360198479311757074624914251743176849685 does not exist, skipping.
Image /home/sgoli125/workspace/research/MultiModalPFN/mmpfn/data/cbis_ddsm/jpeg/1.3.6.1.4.1.9590.100.1.2.360198479311757074624914251743176849685 does not exist, skipping.
Image /home/sgoli125/workspace/research/MultiModalPFN/mmpfn/data/cbis_ddsm/jpeg/1.3.6.1.4.1.9590.100.1.2.65297355912072883341514625591784543812 does not exist, skipping.
Image /home/sgoli125/workspace/research/MultiModalPFN/mmpfn/data/cbis_ddsm/jpeg/1.3.6.1.4.1.9590.100.1.2.418663386311316553211879607130443069225 does not exist, skipping.
Image /home/sgoli125/workspace/research/MultiModalPFN/mmpfn/data/cbis_ddsm/jpeg/1.3.6.1.4.1.9590.100.1.2.418663386311316553211879607130443069225 does not exist, skipping.
Image /home/sgoli125/workspace/research/MultiModalPFN/mmpfn/data/cbis_ddsm/jpeg/1.3.6.1.4.1.9590.100.1.2.89425131010256793914097816543123412421 does not exist, skipping.
Image /home/sgoli125/workspace/research/MultiModalPFN/mmpfn/data/cbis_ddsm/jpeg/1.3.6.1.4.1.9590.100.1.2.422696775211683441314744421720547813654 does not exist, skipping.
Image /home/sgoli125/workspace/research/MultiModalPFN/mmpfn/data/cbis_ddsm/jpeg/1.3.6.1.4.1.9590.100.1.2.422696775211683441314744421720547813654 does not exist, skipping.
Image /home/sgoli125/workspace/research/MultiModalPFN/mmpfn/data/cbis_ddsm/jpeg/1.3.6.1.4.1.9590.100.1.2.379825687911615271529856495931027265130 does not exist, skipping.
Image /home/sgoli125/workspace/research/MultiModalPFN/mmpfn/data/cbis_ddsm/jpeg/1.3.6.1.4.1.9590.100.1.2.221254486212494798923409778261868431634 does not exist, skipping.
Image /home/sgoli125/workspace/research/MultiModalPFN/mmpfn/data/cbis_ddsm/jpeg/1.3.6.1.4.1.9590.100.1.2.221254486212494798923409778261868431634 does not exist, skipping.
Image /home/sgoli125/workspace/research/MultiModalPFN/mmpfn/data/cbis_ddsm/jpeg/1.3.6.1.4.1.9590.100.1.2.77956721211037999703279136393091702299 does not exist, skipping.
Image /home/sgoli125/workspace/research/MultiModalPFN/mmpfn/data/cbis_ddsm/jpeg/1.3.6.1.4.1.9590.100.1.2.355099487711508295806593867961643704312 does not exist, skipping.
Image /home/sgoli125/workspace/research/MultiModalPFN/mmpfn/data/cbis_ddsm/jpeg/1.3.6.1.4.1.9590.100.1.2.355099487711508295806593867961643704312 does not exist, skipping.
Image /home/sgoli125/workspace/research/MultiModalPFN/mmpfn/data/cbis_ddsm/jpeg/1.3.6.1.4.1.9590.100.1.2.346737023112059737441347004261542315105 does not exist, skipping.
Image /home/sgoli125/workspace/research/MultiModalPFN/mmpfn/data/cbis_ddsm/jpeg/1.3.6.1.4.1.9590.100.1.2.318188438613347851013170786712860862914 does not exist, skipping.
Image /home/sgoli125/workspace/research/MultiModalPFN/mmpfn/data/cbis_ddsm/jpeg/1.3.6.1.4.1.9590.100.1.2.318188438613347851013170786712860862914 does not exist, skipping.
Image /home/sgoli125/workspace/research/MultiModalPFN/mmpfn/data/cbis_ddsm/jpeg/1.3.6.1.4.1.9590.100.1.2.67409892012207587532711656111341914913 does not exist, skipping.
Image /home/sgoli125/workspace/research/MultiModalPFN/mmpfn/data/cbis_ddsm/jpeg/1.3.6.1.4.1.9590.100.1.2.267662455710379580017112843973677805856 does not exist, skipping.
Image /home/sgoli125/workspace/research/MultiModalPFN/mmpfn/data/cbis_ddsm/jpeg/1.3.6.1.4.1.9590.100.1.2.219155182110475447623755959603632750640 does not exist, skipping.
Image /home/sgoli125/workspace/research/MultiModalPFN/mmpfn/data/cbis_ddsm/jpeg/1.3.6.1.4.1.9590.100.1.2.335153714611641436101110929061268116114 does not exist, skipping.
Image /home/sgoli125/workspace/research/MultiModalPFN/mmpfn/data/cbis_ddsm/jpeg/1.3.6.1.4.1.9590.100.1.2.200982276111200652312384078352354358026 does not exist, skipping.
Image /home/sgoli125/workspace/research/MultiModalPFN/mmpfn/data/cbis_ddsm/jpeg/1.3.6.1.4.1.9590.100.1.2.264137553211283361808074930462068297097 does not exist, skipping.
Image /home/sgoli125/workspace/research/MultiModalPFN/mmpfn/data/cbis_ddsm/jpeg/1.3.6.1.4.1.9590.100.1.2.340884794411477928114682894642675747391 does not exist, skipping.
Image /home/sgoli125/workspace/research/MultiModalPFN/mmpfn/data/cbis_ddsm/jpeg/1.3.6.1.4.1.9590.100.1.2.340884794411477928114682894642675747391 does not exist, skipping.
Image /home/sgoli125/workspace/research/MultiModalPFN/mmpfn/data/cbis_ddsm/jpeg/1.3.6.1.4.1.9590.100.1.2.281362808613757744319819657490061233376 does not exist, skipping.
Image /home/sgoli125/workspace/research/MultiModalPFN/mmpfn/data/cbis_ddsm/jpeg/1.3.6.1.4.1.9590.100.1.2.367577797410545669023355319140158622212 does not exist, skipping.
Image /home/sgoli125/workspace/research/MultiModalPFN/mmpfn/data/cbis_ddsm/jpeg/1.3.6.1.4.1.9590.100.1.2.367577797410545669023355319140158622212 does not exist, skipping.
Image /home/sgoli125/workspace/research/MultiModalPFN/mmpfn/data/cbis_ddsm/jpeg/1.3.6.1.4.1.9590.100.1.2.27655563411193153813026594573787372096 does not exist, skipping.
Image /home/sgoli125/workspace/research/MultiModalPFN/mmpfn/data/cbis_ddsm/jpeg/1.3.6.1.4.1.9590.100.1.2.226129505812120883531621472432273169435 does not exist, skipping.
Image /home/sgoli125/workspace/research/MultiModalPFN/mmpfn/data/cbis_ddsm/jpeg/1.3.6.1.4.1.9590.100.1.2.402680578311045896118493981762442088446 does not exist, skipping.
Image /home/sgoli125/workspace/research/MultiModalPFN/mmpfn/data/cbis_ddsm/jpeg/1.3.6.1.4.1.9590.100.1.2.402680578311045896118493981762442088446 does not exist, skipping.
Image /home/sgoli125/workspace/research/MultiModalPFN/mmpfn/data/cbis_ddsm/jpeg/1.3.6.1.4.1.9590.100.1.2.361921556111016290831620461342369083866 does not exist, skipping.
Image /home/sgoli125/workspace/research/MultiModalPFN/mmpfn/data/cbis_ddsm/jpeg/1.3.6.1.4.1.9590.100.1.2.361921556111016290831620461342369083866 does not exist, skipping.
Image /home/sgoli125/workspace/research/MultiModalPFN/mmpfn/data/cbis_ddsm/jpeg/1.3.6.1.4.1.9590.100.1.2.344448188313749227915464419063300669494 does not exist, skipping.
Image /home/sgoli125/workspace/research/MultiModalPFN/mmpfn/data/cbis_ddsm/jpeg/1.3.6.1.4.1.9590.100.1.2.414296620410983523236535970942544193675 does not exist, skipping.
Image /home/sgoli125/workspace/research/MultiModalPFN/mmpfn/data/cbis_ddsm/jpeg/1.3.6.1.4.1.9590.100.1.2.334251952210807009101936723613306535511 does not exist, skipping.
Image /home/sgoli125/workspace/research/MultiModalPFN/mmpfn/data/cbis_ddsm/jpeg/1.3.6.1.4.1.9590.100.1.2.243096104012726513620918828863555253127 does not exist, skipping.
Image /home/sgoli125/workspace/research/MultiModalPFN/mmpfn/data/cbis_ddsm/jpeg/1.3.6.1.4.1.9590.100.1.2.73981681510834344532471573822608492548 does not exist, skipping.
Image /home/sgoli125/workspace/research/MultiModalPFN/mmpfn/data/cbis_ddsm/jpeg/1.3.6.1.4.1.9590.100.1.2.328461678511340500611786981153556909846 does not exist, skipping.
Image /home/sgoli125/workspace/research/MultiModalPFN/mmpfn/data/cbis_ddsm/jpeg/1.3.6.1.4.1.9590.100.1.2.328461678511340500611786981153556909846 does not exist, skipping.
Image /home/sgoli125/workspace/research/MultiModalPFN/mmpfn/data/cbis_ddsm/jpeg/1.3.6.1.4.1.9590.100.1.2.92377848213012493428410717790585677790 does not exist, skipping.
Image /home/sgoli125/workspace/research/MultiModalPFN/mmpfn/data/cbis_ddsm/jpeg/1.3.6.1.4.1.9590.100.1.2.348270716610650763428354323352429855657 does not exist, skipping.
Image /home/sgoli125/workspace/research/MultiModalPFN/mmpfn/data/cbis_ddsm/jpeg/1.3.6.1.4.1.9590.100.1.2.76522398913869440023256183451934189617 does not exist, skipping.
Image /home/sgoli125/workspace/research/MultiModalPFN/mmpfn/data/cbis_ddsm/jpeg/1.3.6.1.4.1.9590.100.1.2.76522398913869440023256183451934189617 does not exist, skipping.
Image /home/sgoli125/workspace/research/MultiModalPFN/mmpfn/data/cbis_ddsm/jpeg/1.3.6.1.4.1.9590.100.1.2.293038857911312173107160364921364678470 does not exist, skipping.
Image /home/sgoli125/workspace/research/MultiModalPFN/mmpfn/data/cbis_ddsm/jpeg/1.3.6.1.4.1.9590.100.1.2.38922043813964577300443560000683407762 does not exist, skipping.
Image /home/sgoli125/workspace/research/MultiModalPFN/mmpfn/data/cbis_ddsm/jpeg/1.3.6.1.4.1.9590.100.1.2.38922043813964577300443560000683407762 does not exist, skipping.
Image /home/sgoli125/workspace/research/MultiModalPFN/mmpfn/data/cbis_ddsm/jpeg/1.3.6.1.4.1.9590.100.1.2.69688454812257584638918432052709217066 does not exist, skipping.
Image /home/sgoli125/workspace/research/MultiModalPFN/mmpfn/data/cbis_ddsm/jpeg/1.3.6.1.4.1.9590.100.1.2.398541271110261309306345739520194904380 does not exist, skipping.
Image /home/sgoli125/workspace/research/MultiModalPFN/mmpfn/data/cbis_ddsm/jpeg/1.3.6.1.4.1.9590.100.1.2.398541271110261309306345739520194904380 does not exist, skipping.
Image /home/sgoli125/workspace/research/MultiModalPFN/mmpfn/data/cbis_ddsm/jpeg/1.3.6.1.4.1.9590.100.1.2.303096389113887090039411557120495109608 does not exist, skipping.
Image /home/sgoli125/workspace/research/MultiModalPFN/mmpfn/data/cbis_ddsm/jpeg/1.3.6.1.4.1.9590.100.1.2.303096389113887090039411557120495109608 does not exist, skipping.
Image /home/sgoli125/workspace/research/MultiModalPFN/mmpfn/data/cbis_ddsm/jpeg/1.3.6.1.4.1.9590.100.1.2.291017408410243382531906013574257188846 does not exist, skipping.
Image /home/sgoli125/workspace/research/MultiModalPFN/mmpfn/data/cbis_ddsm/jpeg/1.3.6.1.4.1.9590.100.1.2.391197370212915483616497504280808802320 does not exist, skipping.
Image /home/sgoli125/workspace/research/MultiModalPFN/mmpfn/data/cbis_ddsm/jpeg/1.3.6.1.4.1.9590.100.1.2.391197370212915483616497504280808802320 does not exist, skipping.
Image /home/sgoli125/workspace/research/MultiModalPFN/mmpfn/data/cbis_ddsm/jpeg/1.3.6.1.4.1.9590.100.1.2.343795299011463113000874569464265754436 does not exist, skipping.
Image /home/sgoli125/workspace/research/MultiModalPFN/mmpfn/data/cbis_ddsm/jpeg/1.3.6.1.4.1.9590.100.1.2.249605650513853894705695011040821528011 does not exist, skipping.
Image /home/sgoli125/workspace/research/MultiModalPFN/mmpfn/data/cbis_ddsm/jpeg/1.3.6.1.4.1.9590.100.1.2.249605650513853894705695011040821528011 does not exist, skipping.
Image /home/sgoli125/workspace/research/MultiModalPFN/mmpfn/data/cbis_ddsm/jpeg/1.3.6.1.4.1.9590.100.1.2.31259250512210677619929353413444550889 does not exist, skipping.
Image /home/sgoli125/workspace/research/MultiModalPFN/mmpfn/data/cbis_ddsm/jpeg/1.3.6.1.4.1.9590.100.1.2.348868297212093775021413390350222938098 does not exist, skipping.
Image /home/sgoli125/workspace/research/MultiModalPFN/mmpfn/data/cbis_ddsm/jpeg/1.3.6.1.4.1.9590.100.1.2.33252777313661485629356254011138829980 does not exist, skipping.
Image /home/sgoli125/workspace/research/MultiModalPFN/mmpfn/data/cbis_ddsm/jpeg/1.3.6.1.4.1.9590.100.1.2.250336634911097557638443680202588416494 does not exist, skipping.
Image /home/sgoli125/workspace/research/MultiModalPFN/mmpfn/data/cbis_ddsm/jpeg/1.3.6.1.4.1.9590.100.1.2.364060989011924906113973441401696933428 does not exist, skipping.
Image /home/sgoli125/workspace/research/MultiModalPFN/mmpfn/data/cbis_ddsm/jpeg/1.3.6.1.4.1.9590.100.1.2.577657812640027026952728342913961044 does not exist, skipping.
Image /home/sgoli125/workspace/research/MultiModalPFN/mmpfn/data/cbis_ddsm/jpeg/1.3.6.1.4.1.9590.100.1.2.203399722911412312801720083332539942756 does not exist, skipping.
Image /home/sgoli125/workspace/research/MultiModalPFN/mmpfn/data/cbis_ddsm/jpeg/1.3.6.1.4.1.9590.100.1.2.73030337512457320122950127983637154516 does not exist, skipping.
Image /home/sgoli125/workspace/research/MultiModalPFN/mmpfn/data/cbis_ddsm/jpeg/1.3.6.1.4.1.9590.100.1.2.428007719513378560403263031341489684589 does not exist, skipping.
Image /home/sgoli125/workspace/research/MultiModalPFN/mmpfn/data/cbis_ddsm/jpeg/1.3.6.1.4.1.9590.100.1.2.428007719513378560403263031341489684589 does not exist, skipping.
Image /home/sgoli125/workspace/research/MultiModalPFN/mmpfn/data/cbis_ddsm/jpeg/1.3.6.1.4.1.9590.100.1.2.368829861911576282017756338212676894767 does not exist, skipping.
Image /home/sgoli125/workspace/research/MultiModalPFN/mmpfn/data/cbis_ddsm/jpeg/1.3.6.1.4.1.9590.100.1.2.214246281012674606311879883570054309779 does not exist, skipping.
Image /home/sgoli125/workspace/research/MultiModalPFN/mmpfn/data/cbis_ddsm/jpeg/1.3.6.1.4.1.9590.100.1.2.241213639112627717226706279733585932152 does not exist, skipping.
Image /home/sgoli125/workspace/research/MultiModalPFN/mmpfn/data/cbis_ddsm/jpeg/1.3.6.1.4.1.9590.100.1.2.242096569811858384728613382742918690380 does not exist, skipping.
Image /home/sgoli125/workspace/research/MultiModalPFN/mmpfn/data/cbis_ddsm/jpeg/1.3.6.1.4.1.9590.100.1.2.242096569811858384728613382742918690380 does not exist, skipping.
Image /home/sgoli125/workspace/research/MultiModalPFN/mmpfn/data/cbis_ddsm/jpeg/1.3.6.1.4.1.9590.100.1.2.246960460211285965016775696960101145501 does not exist, skipping.
Image /home/sgoli125/workspace/research/MultiModalPFN/mmpfn/data/cbis_ddsm/jpeg/1.3.6.1.4.1.9590.100.1.2.246960460211285965016775696960101145501 does not exist, skipping.
Image /home/sgoli125/workspace/research/MultiModalPFN/mmpfn/data/cbis_ddsm/jpeg/1.3.6.1.4.1.9590.100.1.2.361538391211564251229257821720576027765 does not exist, skipping.
Image /home/sgoli125/workspace/research/MultiModalPFN/mmpfn/data/cbis_ddsm/jpeg/1.3.6.1.4.1.9590.100.1.2.247417861712820563602172120873369897997 does not exist, skipping.
Image /home/sgoli125/workspace/research/MultiModalPFN/mmpfn/data/cbis_ddsm/jpeg/1.3.6.1.4.1.9590.100.1.2.73659499810499553515093536053563289213 does not exist, skipping.
Image /home/sgoli125/workspace/research/MultiModalPFN/mmpfn/data/cbis_ddsm/jpeg/1.3.6.1.4.1.9590.100.1.2.73659499810499553515093536053563289213 does not exist, skipping.
Image /home/sgoli125/workspace/research/MultiModalPFN/mmpfn/data/cbis_ddsm/jpeg/1.3.6.1.4.1.9590.100.1.2.392171542011764659539911676220252381146 does not exist, skipping.
Image /home/sgoli125/workspace/research/MultiModalPFN/mmpfn/data/cbis_ddsm/jpeg/1.3.6.1.4.1.9590.100.1.2.93534288513896114033088667362226729905 does not exist, skipping.
Image /home/sgoli125/workspace/research/MultiModalPFN/mmpfn/data/cbis_ddsm/jpeg/1.3.6.1.4.1.9590.100.1.2.93534288513896114033088667362226729905 does not exist, skipping.
Image /home/sgoli125/workspace/research/MultiModalPFN/mmpfn/data/cbis_ddsm/jpeg/1.3.6.1.4.1.9590.100.1.2.426409412812409195109420025761008801742 does not exist, skipping.
Image /home/sgoli125/workspace/research/MultiModalPFN/mmpfn/data/cbis_ddsm/jpeg/1.3.6.1.4.1.9590.100.1.2.417278764012663073624406040370135147809 does not exist, skipping.
Image /home/sgoli125/workspace/research/MultiModalPFN/mmpfn/data/cbis_ddsm/jpeg/1.3.6.1.4.1.9590.100.1.2.417278764012663073624406040370135147809 does not exist, skipping.
Image /home/sgoli125/workspace/research/MultiModalPFN/mmpfn/data/cbis_ddsm/jpeg/1.3.6.1.4.1.9590.100.1.2.288973280512087607133132579092497567120 does not exist, skipping.
Image /home/sgoli125/workspace/research/MultiModalPFN/mmpfn/data/cbis_ddsm/jpeg/1.3.6.1.4.1.9590.100.1.2.89682018712520724125847313120036091153 does not exist, skipping.
Image /home/sgoli125/workspace/research/MultiModalPFN/mmpfn/data/cbis_ddsm/jpeg/1.3.6.1.4.1.9590.100.1.2.89682018712520724125847313120036091153 does not exist, skipping.
Image /home/sgoli125/workspace/research/MultiModalPFN/mmpfn/data/cbis_ddsm/jpeg/1.3.6.1.4.1.9590.100.1.2.83752007111221892540838447654069069225 does not exist, skipping.
Image /home/sgoli125/workspace/research/MultiModalPFN/mmpfn/data/cbis_ddsm/jpeg/1.3.6.1.4.1.9590.100.1.2.19795493312901990317413771553458283178 does not exist, skipping.
Image /home/sgoli125/workspace/research/MultiModalPFN/mmpfn/data/cbis_ddsm/jpeg/1.3.6.1.4.1.9590.100.1.2.19795493312901990317413771553458283178 does not exist, skipping.
Image /home/sgoli125/workspace/research/MultiModalPFN/mmpfn/data/cbis_ddsm/jpeg/1.3.6.1.4.1.9590.100.1.2.362096355311749880109413095802268936069 does not exist, skipping.
Image /home/sgoli125/workspace/research/MultiModalPFN/mmpfn/data/cbis_ddsm/jpeg/1.3.6.1.4.1.9590.100.1.2.345522512011144937217670143263509609355 does not exist, skipping.
Image /home/sgoli125/workspace/research/MultiModalPFN/mmpfn/data/cbis_ddsm/jpeg/1.3.6.1.4.1.9590.100.1.2.345522512011144937217670143263509609355 does not exist, skipping.
Image /home/sgoli125/workspace/research/MultiModalPFN/mmpfn/data/cbis_ddsm/jpeg/1.3.6.1.4.1.9590.100.1.2.388817403211989648609566063780661098092 does not exist, skipping.
Image /home/sgoli125/workspace/research/MultiModalPFN/mmpfn/data/cbis_ddsm/jpeg/1.3.6.1.4.1.9590.100.1.2.326311954211524454527620128613345228551 does not exist, skipping.
Image /home/sgoli125/workspace/research/MultiModalPFN/mmpfn/data/cbis_ddsm/jpeg/1.3.6.1.4.1.9590.100.1.2.326311954211524454527620128613345228551 does not exist, skipping.
Image /home/sgoli125/workspace/research/MultiModalPFN/mmpfn/data/cbis_ddsm/jpeg/1.3.6.1.4.1.9590.100.1.2.53257343411379408834576408930551580268 does not exist, skipping.
Image /home/sgoli125/workspace/research/MultiModalPFN/mmpfn/data/cbis_ddsm/jpeg/1.3.6.1.4.1.9590.100.1.2.418926278211725459525996891322847075901 does not exist, skipping.
Image /home/sgoli125/workspace/research/MultiModalPFN/mmpfn/data/cbis_ddsm/jpeg/1.3.6.1.4.1.9590.100.1.2.418926278211725459525996891322847075901 does not exist, skipping.
Image /home/sgoli125/workspace/research/MultiModalPFN/mmpfn/data/cbis_ddsm/jpeg/1.3.6.1.4.1.9590.100.1.2.287955945312594392121958885674105014184 does not exist, skipping.
Image /home/sgoli125/workspace/research/MultiModalPFN/mmpfn/data/cbis_ddsm/jpeg/1.3.6.1.4.1.9590.100.1.2.221015855811785436606034462030204176638 does not exist, skipping.
Image /home/sgoli125/workspace/research/MultiModalPFN/mmpfn/data/cbis_ddsm/jpeg/1.3.6.1.4.1.9590.100.1.2.221015855811785436606034462030204176638 does not exist, skipping.
Image /home/sgoli125/workspace/research/MultiModalPFN/mmpfn/data/cbis_ddsm/jpeg/1.3.6.1.4.1.9590.100.1.2.349631263412733169813478724241195106333 does not exist, skipping.
Image /home/sgoli125/workspace/research/MultiModalPFN/mmpfn/data/cbis_ddsm/jpeg/1.3.6.1.4.1.9590.100.1.2.212336070411287551012541326683809622945 does not exist, skipping.
Image /home/sgoli125/workspace/research/MultiModalPFN/mmpfn/data/cbis_ddsm/jpeg/1.3.6.1.4.1.9590.100.1.2.286802718813018542407609417563177314404 does not exist, skipping.
Image /home/sgoli125/workspace/research/MultiModalPFN/mmpfn/data/cbis_ddsm/jpeg/1.3.6.1.4.1.9590.100.1.2.286802718813018542407609417563177314404 does not exist, skipping.
Image /home/sgoli125/workspace/research/MultiModalPFN/mmpfn/data/cbis_ddsm/jpeg/1.3.6.1.4.1.9590.100.1.2.265605356712090528205598534831893956192 does not exist, skipping.
Image /home/sgoli125/workspace/research/MultiModalPFN/mmpfn/data/cbis_ddsm/jpeg/1.3.6.1.4.1.9590.100.1.2.333264204512550981335481862973580090298 does not exist, skipping.
Image /home/sgoli125/workspace/research/MultiModalPFN/mmpfn/data/cbis_ddsm/jpeg/1.3.6.1.4.1.9590.100.1.2.333264204512550981335481862973580090298 does not exist, skipping.
Image /home/sgoli125/workspace/research/MultiModalPFN/mmpfn/data/cbis_ddsm/jpeg/1.3.6.1.4.1.9590.100.1.2.75668329611112631828603828991797511086 does not exist, skipping.
Image /home/sgoli125/workspace/research/MultiModalPFN/mmpfn/data/cbis_ddsm/jpeg/1.3.6.1.4.1.9590.100.1.2.89380153312835349441743238493754344206 does not exist, skipping.
Image /home/sgoli125/workspace/research/MultiModalPFN/mmpfn/data/cbis_ddsm/jpeg/1.3.6.1.4.1.9590.100.1.2.319081557612733535902624618491911259141 does not exist, skipping.
Image /home/sgoli125/workspace/research/MultiModalPFN/mmpfn/data/cbis_ddsm/jpeg/1.3.6.1.4.1.9590.100.1.2.8948994112564847239528500832754107853 does not exist, skipping.
Image /home/sgoli125/workspace/research/MultiModalPFN/mmpfn/data/cbis_ddsm/jpeg/1.3.6.1.4.1.9590.100.1.2.215388847611684715918592451941410519178 does not exist, skipping.
Image /home/sgoli125/workspace/research/MultiModalPFN/mmpfn/data/cbis_ddsm/jpeg/1.3.6.1.4.1.9590.100.1.2.255633232213862488229697596482706646126 does not exist, skipping.
Image /home/sgoli125/workspace/research/MultiModalPFN/mmpfn/data/cbis_ddsm/jpeg/1.3.6.1.4.1.9590.100.1.2.276676868013258146141684133623086261949 does not exist, skipping.
Image /home/sgoli125/workspace/research/MultiModalPFN/mmpfn/data/cbis_ddsm/jpeg/1.3.6.1.4.1.9590.100.1.2.284946404711109648716189175233844818150 does not exist, skipping.
Image /home/sgoli125/workspace/research/MultiModalPFN/mmpfn/data/cbis_ddsm/jpeg/1.3.6.1.4.1.9590.100.1.2.284946404711109648716189175233844818150 does not exist, skipping.
Image /home/sgoli125/workspace/research/MultiModalPFN/mmpfn/data/cbis_ddsm/jpeg/1.3.6.1.4.1.9590.100.1.2.95043112711395924724581118731014668622 does not exist, skipping.
Image /home/sgoli125/workspace/research/MultiModalPFN/mmpfn/data/cbis_ddsm/jpeg/1.3.6.1.4.1.9590.100.1.2.95043112711395924724581118731014668622 does not exist, skipping.
Image /home/sgoli125/workspace/research/MultiModalPFN/mmpfn/data/cbis_ddsm/jpeg/1.3.6.1.4.1.9590.100.1.2.248386742010678582309005372213277814849 does not exist, skipping.
Image /home/sgoli125/workspace/research/MultiModalPFN/mmpfn/data/cbis_ddsm/jpeg/1.3.6.1.4.1.9590.100.1.2.94382021310819226504961693614037808055 does not exist, skipping.
Image /home/sgoli125/workspace/research/MultiModalPFN/mmpfn/data/cbis_ddsm/jpeg/1.3.6.1.4.1.9590.100.1.2.94382021310819226504961693614037808055 does not exist, skipping.
Image /home/sgoli125/workspace/research/MultiModalPFN/mmpfn/data/cbis_ddsm/jpeg/1.3.6.1.4.1.9590.100.1.2.329937826112576512207210758762324950579 does not exist, skipping.
Image /home/sgoli125/workspace/research/MultiModalPFN/mmpfn/data/cbis_ddsm/jpeg/1.3.6.1.4.1.9590.100.1.2.84901023211143937715893413734200471329 does not exist, skipping.
Image /home/sgoli125/workspace/research/MultiModalPFN/mmpfn/data/cbis_ddsm/jpeg/1.3.6.1.4.1.9590.100.1.2.84901023211143937715893413734200471329 does not exist, skipping.
Image /home/sgoli125/workspace/research/MultiModalPFN/mmpfn/data/cbis_ddsm/jpeg/1.3.6.1.4.1.9590.100.1.2.327387078711475982721920741524139499720 does not exist, skipping.
Image /home/sgoli125/workspace/research/MultiModalPFN/mmpfn/data/cbis_ddsm/jpeg/1.3.6.1.4.1.9590.100.1.2.200782939711831036409311028913539825368 does not exist, skipping.
Image /home/sgoli125/workspace/research/MultiModalPFN/mmpfn/data/cbis_ddsm/jpeg/1.3.6.1.4.1.9590.100.1.2.416516221012584777431663420301643743534 does not exist, skipping.
Image /home/sgoli125/workspace/research/MultiModalPFN/mmpfn/data/cbis_ddsm/jpeg/1.3.6.1.4.1.9590.100.1.2.41989107611765694601775510150758654763 does not exist, skipping.
Image /home/sgoli125/workspace/research/MultiModalPFN/mmpfn/data/cbis_ddsm/jpeg/1.3.6.1.4.1.9590.100.1.2.382461867111544215621443567822727154295 does not exist, skipping.
Image /home/sgoli125/workspace/research/MultiModalPFN/mmpfn/data/cbis_ddsm/jpeg/1.3.6.1.4.1.9590.100.1.2.69531019711204690717138379752809061274 does not exist, skipping.
Image /home/sgoli125/workspace/research/MultiModalPFN/mmpfn/data/cbis_ddsm/jpeg/1.3.6.1.4.1.9590.100.1.2.94855395812079770126816595643794643222 does not exist, skipping.
Image /home/sgoli125/workspace/research/MultiModalPFN/mmpfn/data/cbis_ddsm/jpeg/1.3.6.1.4.1.9590.100.1.2.68645287211098297927692965481521337149 does not exist, skipping.
Image /home/sgoli125/workspace/research/MultiModalPFN/mmpfn/data/cbis_ddsm/jpeg/1.3.6.1.4.1.9590.100.1.2.68645287211098297927692965481521337149 does not exist, skipping.
Image /home/sgoli125/workspace/research/MultiModalPFN/mmpfn/data/cbis_ddsm/jpeg/1.3.6.1.4.1.9590.100.1.2.364927700011315459741075498511673465715 does not exist, skipping.
Image /home/sgoli125/workspace/research/MultiModalPFN/mmpfn/data/cbis_ddsm/jpeg/1.3.6.1.4.1.9590.100.1.2.364927700011315459741075498511673465715 does not exist, skipping.
Image /home/sgoli125/workspace/research/MultiModalPFN/mmpfn/data/cbis_ddsm/jpeg/1.3.6.1.4.1.9590.100.1.2.272371813112797643932522441451880074529 does not exist, skipping.
Image /home/sgoli125/workspace/research/MultiModalPFN/mmpfn/data/cbis_ddsm/jpeg/1.3.6.1.4.1.9590.100.1.2.272371813112797643932522441451880074529 does not exist, skipping.
Image /home/sgoli125/workspace/research/MultiModalPFN/mmpfn/data/cbis_ddsm/jpeg/1.3.6.1.4.1.9590.100.1.2.7600264811629662706162781553261754735 does not exist, skipping.
Image /home/sgoli125/workspace/research/MultiModalPFN/mmpfn/data/cbis_ddsm/jpeg/1.3.6.1.4.1.9590.100.1.2.7600264811629662706162781553261754735 does not exist, skipping.
Image /home/sgoli125/workspace/research/MultiModalPFN/mmpfn/data/cbis_ddsm/jpeg/1.3.6.1.4.1.9590.100.1.2.239662930011406314903778231512720352112 does not exist, skipping.
Image /home/sgoli125/workspace/research/MultiModalPFN/mmpfn/data/cbis_ddsm/jpeg/1.3.6.1.4.1.9590.100.1.2.93160717713188252726652597010470553673 does not exist, skipping.
Image /home/sgoli125/workspace/research/MultiModalPFN/mmpfn/data/cbis_ddsm/jpeg/1.3.6.1.4.1.9590.100.1.2.93160717713188252726652597010470553673 does not exist, skipping.
Image /home/sgoli125/workspace/research/MultiModalPFN/mmpfn/data/cbis_ddsm/jpeg/1.3.6.1.4.1.9590.100.1.2.270448668111592101400715897741647648945 does not exist, skipping.
Image /home/sgoli125/workspace/research/MultiModalPFN/mmpfn/data/cbis_ddsm/jpeg/1.3.6.1.4.1.9590.100.1.2.288978923611849769311996788940048008503 does not exist, skipping.
Image /home/sgoli125/workspace/research/MultiModalPFN/mmpfn/data/cbis_ddsm/jpeg/1.3.6.1.4.1.9590.100.1.2.288978923611849769311996788940048008503 does not exist, skipping.
Image /home/sgoli125/workspace/research/MultiModalPFN/mmpfn/data/cbis_ddsm/jpeg/1.3.6.1.4.1.9590.100.1.2.374524690313732405614119264610057663073 does not exist, skipping.
Image /home/sgoli125/workspace/research/MultiModalPFN/mmpfn/data/cbis_ddsm/jpeg/1.3.6.1.4.1.9590.100.1.2.325966417613742936321163555014008553282 does not exist, skipping.
Image /home/sgoli125/workspace/research/MultiModalPFN/mmpfn/data/cbis_ddsm/jpeg/1.3.6.1.4.1.9590.100.1.2.325966417613742936321163555014008553282 does not exist, skipping.
Image /home/sgoli125/workspace/research/MultiModalPFN/mmpfn/data/cbis_ddsm/jpeg/1.3.6.1.4.1.9590.100.1.2.309821214911630430905465276412969932117 does not exist, skipping.
Image /home/sgoli125/workspace/research/MultiModalPFN/mmpfn/data/cbis_ddsm/jpeg/1.3.6.1.4.1.9590.100.1.2.398793644911131524114623794323678748526 does not exist, skipping.
Image /home/sgoli125/workspace/research/MultiModalPFN/mmpfn/data/cbis_ddsm/jpeg/1.3.6.1.4.1.9590.100.1.2.36170598711934697508580642950126002358 does not exist, skipping.
Image /home/sgoli125/workspace/research/MultiModalPFN/mmpfn/data/cbis_ddsm/jpeg/1.3.6.1.4.1.9590.100.1.2.36170598711934697508580642950126002358 does not exist, skipping.
Image /home/sgoli125/workspace/research/MultiModalPFN/mmpfn/data/cbis_ddsm/jpeg/1.3.6.1.4.1.9590.100.1.2.20212308611474601739977355683144673897 does not exist, skipping.
Image /home/sgoli125/workspace/research/MultiModalPFN/mmpfn/data/cbis_ddsm/jpeg/1.3.6.1.4.1.9590.100.1.2.358136133412881917314568526481038765464 does not exist, skipping.
Image /home/sgoli125/workspace/research/MultiModalPFN/mmpfn/data/cbis_ddsm/jpeg/1.3.6.1.4.1.9590.100.1.2.358136133412881917314568526481038765464 does not exist, skipping.
Image /home/sgoli125/workspace/research/MultiModalPFN/mmpfn/data/cbis_ddsm/jpeg/1.3.6.1.4.1.9590.100.1.2.226496395312887740508078232422990396199 does not exist, skipping.
Image /home/sgoli125/workspace/research/MultiModalPFN/mmpfn/data/cbis_ddsm/jpeg/1.3.6.1.4.1.9590.100.1.2.8922862410957173308977726782846518305 does not exist, skipping.
Image /home/sgoli125/workspace/research/MultiModalPFN/mmpfn/data/cbis_ddsm/jpeg/1.3.6.1.4.1.9590.100.1.2.8922862410957173308977726782846518305 does not exist, skipping.
Image /home/sgoli125/workspace/research/MultiModalPFN/mmpfn/data/cbis_ddsm/jpeg/1.3.6.1.4.1.9590.100.1.2.391088729011850205527276097792881907407 does not exist, skipping.
Image /home/sgoli125/workspace/research/MultiModalPFN/mmpfn/data/cbis_ddsm/jpeg/1.3.6.1.4.1.9590.100.1.2.74220062511401077210871386881822002785 does not exist, skipping.
Image /home/sgoli125/workspace/research/MultiModalPFN/mmpfn/data/cbis_ddsm/jpeg/1.3.6.1.4.1.9590.100.1.2.74220062511401077210871386881822002785 does not exist, skipping.
Image /home/sgoli125/workspace/research/MultiModalPFN/mmpfn/data/cbis_ddsm/jpeg/1.3.6.1.4.1.9590.100.1.2.5181236013935310013662575551285516309 does not exist, skipping.
Image /home/sgoli125/workspace/research/MultiModalPFN/mmpfn/data/cbis_ddsm/jpeg/1.3.6.1.4.1.9590.100.1.2.273308505711862061609951098003786442595 does not exist, skipping.
Image /home/sgoli125/workspace/research/MultiModalPFN/mmpfn/data/cbis_ddsm/jpeg/1.3.6.1.4.1.9590.100.1.2.273308505711862061609951098003786442595 does not exist, skipping.
Image /home/sgoli125/workspace/research/MultiModalPFN/mmpfn/data/cbis_ddsm/jpeg/1.3.6.1.4.1.9590.100.1.2.268423762911818542327331296211466557896 does not exist, skipping.
Image /home/sgoli125/workspace/research/MultiModalPFN/mmpfn/data/cbis_ddsm/jpeg/1.3.6.1.4.1.9590.100.1.2.299085684411635913016219585731008464008 does not exist, skipping.
Image /home/sgoli125/workspace/research/MultiModalPFN/mmpfn/data/cbis_ddsm/jpeg/1.3.6.1.4.1.9590.100.1.2.299085684411635913016219585731008464008 does not exist, skipping.
Image /home/sgoli125/workspace/research/MultiModalPFN/mmpfn/data/cbis_ddsm/jpeg/1.3.6.1.4.1.9590.100.1.2.303505575511389256316344654312567569645 does not exist, skipping.
Image /home/sgoli125/workspace/research/MultiModalPFN/mmpfn/data/cbis_ddsm/jpeg/1.3.6.1.4.1.9590.100.1.2.33206323111870249411215213072852803128 does not exist, skipping.
Image /home/sgoli125/workspace/research/MultiModalPFN/mmpfn/data/cbis_ddsm/jpeg/1.3.6.1.4.1.9590.100.1.2.33206323111870249411215213072852803128 does not exist, skipping.
Image /home/sgoli125/workspace/research/MultiModalPFN/mmpfn/data/cbis_ddsm/jpeg/1.3.6.1.4.1.9590.100.1.2.28587234012045753428082041973144132184 does not exist, skipping.
Image /home/sgoli125/workspace/research/MultiModalPFN/mmpfn/data/cbis_ddsm/jpeg/1.3.6.1.4.1.9590.100.1.2.403873989913211279736078176542667876950 does not exist, skipping.
Image /home/sgoli125/workspace/research/MultiModalPFN/mmpfn/data/cbis_ddsm/jpeg/1.3.6.1.4.1.9590.100.1.2.403873989913211279736078176542667876950 does not exist, skipping.
Image /home/sgoli125/workspace/research/MultiModalPFN/mmpfn/data/cbis_ddsm/jpeg/1.3.6.1.4.1.9590.100.1.2.249288692911422206836352244602269722096 does not exist, skipping.
Image /home/sgoli125/workspace/research/MultiModalPFN/mmpfn/data/cbis_ddsm/jpeg/1.3.6.1.4.1.9590.100.1.2.367717771712695248738323273530187523179 does not exist, skipping.
Image /home/sgoli125/workspace/research/MultiModalPFN/mmpfn/data/cbis_ddsm/jpeg/1.3.6.1.4.1.9590.100.1.2.367717771712695248738323273530187523179 does not exist, skipping.
Image /home/sgoli125/workspace/research/MultiModalPFN/mmpfn/data/cbis_ddsm/jpeg/1.3.6.1.4.1.9590.100.1.2.64523857513182763328845210913693408348 does not exist, skipping.
Image /home/sgoli125/workspace/research/MultiModalPFN/mmpfn/data/cbis_ddsm/jpeg/1.3.6.1.4.1.9590.100.1.2.400311471112505067911767474342392106636 does not exist, skipping.
Image /home/sgoli125/workspace/research/MultiModalPFN/mmpfn/data/cbis_ddsm/jpeg/1.3.6.1.4.1.9590.100.1.2.400311471112505067911767474342392106636 does not exist, skipping.
Image /home/sgoli125/workspace/research/MultiModalPFN/mmpfn/data/cbis_ddsm/jpeg/1.3.6.1.4.1.9590.100.1.2.389200965213160960901833524512921275503 does not exist, skipping.
Image /home/sgoli125/workspace/research/MultiModalPFN/mmpfn/data/cbis_ddsm/jpeg/1.3.6.1.4.1.9590.100.1.2.230719096313196398039727702341297774438 does not exist, skipping.
Image /home/sgoli125/workspace/research/MultiModalPFN/mmpfn/data/cbis_ddsm/jpeg/1.3.6.1.4.1.9590.100.1.2.230719096313196398039727702341297774438 does not exist, skipping.
Image /home/sgoli125/workspace/research/MultiModalPFN/mmpfn/data/cbis_ddsm/jpeg/1.3.6.1.4.1.9590.100.1.2.63012065711309673533466083074151805587 does not exist, skipping.
Image /home/sgoli125/workspace/research/MultiModalPFN/mmpfn/data/cbis_ddsm/jpeg/1.3.6.1.4.1.9590.100.1.2.382912580213452264934816946051837938528 does not exist, skipping.
Image /home/sgoli125/workspace/research/MultiModalPFN/mmpfn/data/cbis_ddsm/jpeg/1.3.6.1.4.1.9590.100.1.2.308915153813280772336192648964051383488 does not exist, skipping.
Image /home/sgoli125/workspace/research/MultiModalPFN/mmpfn/data/cbis_ddsm/jpeg/1.3.6.1.4.1.9590.100.1.2.57946273812699387823200621041286656332 does not exist, skipping.
Image /home/sgoli125/workspace/research/MultiModalPFN/mmpfn/data/cbis_ddsm/jpeg/1.3.6.1.4.1.9590.100.1.2.274818125012496219521576367720748847527 does not exist, skipping.
Image /home/sgoli125/workspace/research/MultiModalPFN/mmpfn/data/cbis_ddsm/jpeg/1.3.6.1.4.1.9590.100.1.2.274818125012496219521576367720748847527 does not exist, skipping.
Image /home/sgoli125/workspace/research/MultiModalPFN/mmpfn/data/cbis_ddsm/jpeg/1.3.6.1.4.1.9590.100.1.2.284762492511939117113096431964067150055 does not exist, skipping.
Image /home/sgoli125/workspace/research/MultiModalPFN/mmpfn/data/cbis_ddsm/jpeg/1.3.6.1.4.1.9590.100.1.2.282480460512654233317849737073389544728 does not exist, skipping.
Image /home/sgoli125/workspace/research/MultiModalPFN/mmpfn/data/cbis_ddsm/jpeg/1.3.6.1.4.1.9590.100.1.2.282480460512654233317849737073389544728 does not exist, skipping.
Image /home/sgoli125/workspace/research/MultiModalPFN/mmpfn/data/cbis_ddsm/jpeg/1.3.6.1.4.1.9590.100.1.2.283057547411492757733739237421644364669 does not exist, skipping.
Image /home/sgoli125/workspace/research/MultiModalPFN/mmpfn/data/cbis_ddsm/jpeg/1.3.6.1.4.1.9590.100.1.2.40980571712321743700864892560447902301 does not exist, skipping.
Image /home/sgoli125/workspace/research/MultiModalPFN/mmpfn/data/cbis_ddsm/jpeg/1.3.6.1.4.1.9590.100.1.2.40980571712321743700864892560447902301 does not exist, skipping.
Image /home/sgoli125/workspace/research/MultiModalPFN/mmpfn/data/cbis_ddsm/jpeg/1.3.6.1.4.1.9590.100.1.2.38651866813010322230951085184233090099 does not exist, skipping.
Image /home/sgoli125/workspace/research/MultiModalPFN/mmpfn/data/cbis_ddsm/jpeg/1.3.6.1.4.1.9590.100.1.2.334799980611825307041743791643803632529 does not exist, skipping.
Image /home/sgoli125/workspace/research/MultiModalPFN/mmpfn/data/cbis_ddsm/jpeg/1.3.6.1.4.1.9590.100.1.2.334799980611825307041743791643803632529 does not exist, skipping.
Image /home/sgoli125/workspace/research/MultiModalPFN/mmpfn/data/cbis_ddsm/jpeg/1.3.6.1.4.1.9590.100.1.2.400200172610431295237288042874054908510 does not exist, skipping.
Image /home/sgoli125/workspace/research/MultiModalPFN/mmpfn/data/cbis_ddsm/jpeg/1.3.6.1.4.1.9590.100.1.2.265940018312225650840966056303616150848 does not exist, skipping.
Image /home/sgoli125/workspace/research/MultiModalPFN/mmpfn/data/cbis_ddsm/jpeg/1.3.6.1.4.1.9590.100.1.2.265940018312225650840966056303616150848 does not exist, skipping.
Image /home/sgoli125/workspace/research/MultiModalPFN/mmpfn/data/cbis_ddsm/jpeg/1.3.6.1.4.1.9590.100.1.2.62087818610504040041176452382836541602 does not exist, skipping.
Image /home/sgoli125/workspace/research/MultiModalPFN/mmpfn/data/cbis_ddsm/jpeg/1.3.6.1.4.1.9590.100.1.2.62087818610504040041176452382836541602 does not exist, skipping.
Image /home/sgoli125/workspace/research/MultiModalPFN/mmpfn/data/cbis_ddsm/jpeg/1.3.6.1.4.1.9590.100.1.2.311879772413692509211401737020929176955 does not exist, skipping.
Image /home/sgoli125/workspace/research/MultiModalPFN/mmpfn/data/cbis_ddsm/jpeg/1.3.6.1.4.1.9590.100.1.2.298313146910425770935272485680824905058 does not exist, skipping.
Image /home/sgoli125/workspace/research/MultiModalPFN/mmpfn/data/cbis_ddsm/jpeg/1.3.6.1.4.1.9590.100.1.2.219433439111193227434130553772919263578 does not exist, skipping.
Image /home/sgoli125/workspace/research/MultiModalPFN/mmpfn/data/cbis_ddsm/jpeg/1.3.6.1.4.1.9590.100.1.2.219433439111193227434130553772919263578 does not exist, skipping.
Image /home/sgoli125/workspace/research/MultiModalPFN/mmpfn/data/cbis_ddsm/jpeg/1.3.6.1.4.1.9590.100.1.2.299665718312676631426589111303357883600 does not exist, skipping.
Image /home/sgoli125/workspace/research/MultiModalPFN/mmpfn/data/cbis_ddsm/jpeg/1.3.6.1.4.1.9590.100.1.2.259436128510814506705729990502301715621 does not exist, skipping.
Image /home/sgoli125/workspace/research/MultiModalPFN/mmpfn/data/cbis_ddsm/jpeg/1.3.6.1.4.1.9590.100.1.2.259436128510814506705729990502301715621 does not exist, skipping.
Image /home/sgoli125/workspace/research/MultiModalPFN/mmpfn/data/cbis_ddsm/jpeg/1.3.6.1.4.1.9590.100.1.2.380934280412039582606339669871279301358 does not exist, skipping.
Image /home/sgoli125/workspace/research/MultiModalPFN/mmpfn/data/cbis_ddsm/jpeg/1.3.6.1.4.1.9590.100.1.2.59598641912641828812603964202831725195 does not exist, skipping.
Image /home/sgoli125/workspace/research/MultiModalPFN/mmpfn/data/cbis_ddsm/jpeg/1.3.6.1.4.1.9590.100.1.2.59598641912641828812603964202831725195 does not exist, skipping.
Image /home/sgoli125/workspace/research/MultiModalPFN/mmpfn/data/cbis_ddsm/jpeg/1.3.6.1.4.1.9590.100.1.2.423813146212543512414932494131336655782 does not exist, skipping.
Image /home/sgoli125/workspace/research/MultiModalPFN/mmpfn/data/cbis_ddsm/jpeg/1.3.6.1.4.1.9590.100.1.2.244586461811407681731434039213069566723 does not exist, skipping.
Image /home/sgoli125/workspace/research/MultiModalPFN/mmpfn/data/cbis_ddsm/jpeg/1.3.6.1.4.1.9590.100.1.2.244586461811407681731434039213069566723 does not exist, skipping.
Image /home/sgoli125/workspace/research/MultiModalPFN/mmpfn/data/cbis_ddsm/jpeg/1.3.6.1.4.1.9590.100.1.2.424290135313609855032537396902471807364 does not exist, skipping.
Image /home/sgoli125/workspace/research/MultiModalPFN/mmpfn/data/cbis_ddsm/jpeg/1.3.6.1.4.1.9590.100.1.2.334115543412503143133349823160490936315 does not exist, skipping.
Image /home/sgoli125/workspace/research/MultiModalPFN/mmpfn/data/cbis_ddsm/jpeg/1.3.6.1.4.1.9590.100.1.2.334115543412503143133349823160490936315 does not exist, skipping.
Image /home/sgoli125/workspace/research/MultiModalPFN/mmpfn/data/cbis_ddsm/jpeg/1.3.6.1.4.1.9590.100.1.2.200837204213010816335271282531366786390 does not exist, skipping.
Image /home/sgoli125/workspace/research/MultiModalPFN/mmpfn/data/cbis_ddsm/jpeg/1.3.6.1.4.1.9590.100.1.2.273769113111204857614299989942753607249 does not exist, skipping.
Image /home/sgoli125/workspace/research/MultiModalPFN/mmpfn/data/cbis_ddsm/jpeg/1.3.6.1.4.1.9590.100.1.2.368415258811502941121942294011899213718 does not exist, skipping.
Image /home/sgoli125/workspace/research/MultiModalPFN/mmpfn/data/cbis_ddsm/jpeg/1.3.6.1.4.1.9590.100.1.2.368415258811502941121942294011899213718 does not exist, skipping.
Image /home/sgoli125/workspace/research/MultiModalPFN/mmpfn/data/cbis_ddsm/jpeg/1.3.6.1.4.1.9590.100.1.2.216567172211826010508281383960912877972 does not exist, skipping.
Image /home/sgoli125/workspace/research/MultiModalPFN/mmpfn/data/cbis_ddsm/jpeg/1.3.6.1.4.1.9590.100.1.2.216567172211826010508281383960912877972 does not exist, skipping.
Image /home/sgoli125/workspace/research/MultiModalPFN/mmpfn/data/cbis_ddsm/jpeg/1.3.6.1.4.1.9590.100.1.2.55307148413799814332579214442886195340 does not exist, skipping.
Image /home/sgoli125/workspace/research/MultiModalPFN/mmpfn/data/cbis_ddsm/jpeg/1.3.6.1.4.1.9590.100.1.2.340902307911649457115110271134222437704 does not exist, skipping.
Image /home/sgoli125/workspace/research/MultiModalPFN/mmpfn/data/cbis_ddsm/jpeg/1.3.6.1.4.1.9590.100.1.2.340902307911649457115110271134222437704 does not exist, skipping.
Image /home/sgoli125/workspace/research/MultiModalPFN/mmpfn/data/cbis_ddsm/jpeg/1.3.6.1.4.1.9590.100.1.2.396257418811843023229535205503491967422 does not exist, skipping.
Image /home/sgoli125/workspace/research/MultiModalPFN/mmpfn/data/cbis_ddsm/jpeg/1.3.6.1.4.1.9590.100.1.2.424325096511908521711852484042496710975 does not exist, skipping.
Image /home/sgoli125/workspace/research/MultiModalPFN/mmpfn/data/cbis_ddsm/jpeg/1.3.6.1.4.1.9590.100.1.2.424325096511908521711852484042496710975 does not exist, skipping.
Image /home/sgoli125/workspace/research/MultiModalPFN/mmpfn/data/cbis_ddsm/jpeg/1.3.6.1.4.1.9590.100.1.2.94874468210500863217650692172401238913 does not exist, skipping.
Image /home/sgoli125/workspace/research/MultiModalPFN/mmpfn/data/cbis_ddsm/jpeg/1.3.6.1.4.1.9590.100.1.2.331295433311276525933663133590565317152 does not exist, skipping.
Image /home/sgoli125/workspace/research/MultiModalPFN/mmpfn/data/cbis_ddsm/jpeg/1.3.6.1.4.1.9590.100.1.2.331295433311276525933663133590565317152 does not exist, skipping.
Image /home/sgoli125/workspace/research/MultiModalPFN/mmpfn/data/cbis_ddsm/jpeg/1.3.6.1.4.1.9590.100.1.2.359715110512043129718071699341048428218 does not exist, skipping.
Image /home/sgoli125/workspace/research/MultiModalPFN/mmpfn/data/cbis_ddsm/jpeg/1.3.6.1.4.1.9590.100.1.2.223845628211173796734448562093137171383 does not exist, skipping.
Image /home/sgoli125/workspace/research/MultiModalPFN/mmpfn/data/cbis_ddsm/jpeg/1.3.6.1.4.1.9590.100.1.2.278571609413662223200958613891688785467 does not exist, skipping.
Image /home/sgoli125/workspace/research/MultiModalPFN/mmpfn/data/cbis_ddsm/jpeg/1.3.6.1.4.1.9590.100.1.2.246328440012872994208690021400955027556 does not exist, skipping.
Image /home/sgoli125/workspace/research/MultiModalPFN/mmpfn/data/cbis_ddsm/jpeg/1.3.6.1.4.1.9590.100.1.2.47509236813928721433893050102757283168 does not exist, skipping.
Image /home/sgoli125/workspace/research/MultiModalPFN/mmpfn/data/cbis_ddsm/jpeg/1.3.6.1.4.1.9590.100.1.2.217254428211446648828338377582448056934 does not exist, skipping.
Image /home/sgoli125/workspace/research/MultiModalPFN/mmpfn/data/cbis_ddsm/jpeg/1.3.6.1.4.1.9590.100.1.2.92873692112697289717564934862862198857 does not exist, skipping.
Image /home/sgoli125/workspace/research/MultiModalPFN/mmpfn/data/cbis_ddsm/jpeg/1.3.6.1.4.1.9590.100.1.2.339469163112320703021780519901127687387 does not exist, skipping.
Image /home/sgoli125/workspace/research/MultiModalPFN/mmpfn/data/cbis_ddsm/jpeg/1.3.6.1.4.1.9590.100.1.2.259172840011201321837687875911695260516 does not exist, skipping.
Image /home/sgoli125/workspace/research/MultiModalPFN/mmpfn/data/cbis_ddsm/jpeg/1.3.6.1.4.1.9590.100.1.2.259172840011201321837687875911695260516 does not exist, skipping.
Image /home/sgoli125/workspace/research/MultiModalPFN/mmpfn/data/cbis_ddsm/jpeg/1.3.6.1.4.1.9590.100.1.2.271414424911670964506067728680989711189 does not exist, skipping.
Image /home/sgoli125/workspace/research/MultiModalPFN/mmpfn/data/cbis_ddsm/jpeg/1.3.6.1.4.1.9590.100.1.2.271414424911670964506067728680989711189 does not exist, skipping.
Image /home/sgoli125/workspace/research/MultiModalPFN/mmpfn/data/cbis_ddsm/jpeg/1.3.6.1.4.1.9590.100.1.2.229153389010770069434497957601415230725 does not exist, skipping.
Image /home/sgoli125/workspace/research/MultiModalPFN/mmpfn/data/cbis_ddsm/jpeg/1.3.6.1.4.1.9590.100.1.2.343415346312123544113551650783871288016 does not exist, skipping.
Image /home/sgoli125/workspace/research/MultiModalPFN/mmpfn/data/cbis_ddsm/jpeg/1.3.6.1.4.1.9590.100.1.2.343415346312123544113551650783871288016 does not exist, skipping.
Image /home/sgoli125/workspace/research/MultiModalPFN/mmpfn/data/cbis_ddsm/jpeg/1.3.6.1.4.1.9590.100.1.2.209697303710902279801410290493638607923 does not exist, skipping.
Image /home/sgoli125/workspace/research/MultiModalPFN/mmpfn/data/cbis_ddsm/jpeg/1.3.6.1.4.1.9590.100.1.2.209697303710902279801410290493638607923 does not exist, skipping.
Image /home/sgoli125/workspace/research/MultiModalPFN/mmpfn/data/cbis_ddsm/jpeg/1.3.6.1.4.1.9590.100.1.2.304001531413917597335029692233222603277 does not exist, skipping.
Image /home/sgoli125/workspace/research/MultiModalPFN/mmpfn/data/cbis_ddsm/jpeg/1.3.6.1.4.1.9590.100.1.2.32020082613169772607438969723750451483 does not exist, skipping.
Image /home/sgoli125/workspace/research/MultiModalPFN/mmpfn/data/cbis_ddsm/jpeg/1.3.6.1.4.1.9590.100.1.2.32020082613169772607438969723750451483 does not exist, skipping.
Image /home/sgoli125/workspace/research/MultiModalPFN/mmpfn/data/cbis_ddsm/jpeg/1.3.6.1.4.1.9590.100.1.2.38512514910593500021099892600692781287 does not exist, skipping.
Image /home/sgoli125/workspace/research/MultiModalPFN/mmpfn/data/cbis_ddsm/jpeg/1.3.6.1.4.1.9590.100.1.2.250462778711222869426452230721254407820 does not exist, skipping.
Image /home/sgoli125/workspace/research/MultiModalPFN/mmpfn/data/cbis_ddsm/jpeg/1.3.6.1.4.1.9590.100.1.2.250462778711222869426452230721254407820 does not exist, skipping.
Image /home/sgoli125/workspace/research/MultiModalPFN/mmpfn/data/cbis_ddsm/jpeg/1.3.6.1.4.1.9590.100.1.2.241308587310796722637862780492998843596 does not exist, skipping.
Image /home/sgoli125/workspace/research/MultiModalPFN/mmpfn/data/cbis_ddsm/jpeg/1.3.6.1.4.1.9590.100.1.2.22222393411698397130813789941772049663 does not exist, skipping.
Image /home/sgoli125/workspace/research/MultiModalPFN/mmpfn/data/cbis_ddsm/jpeg/1.3.6.1.4.1.9590.100.1.2.22222393411698397130813789941772049663 does not exist, skipping.
Image /home/sgoli125/workspace/research/MultiModalPFN/mmpfn/data/cbis_ddsm/jpeg/1.3.6.1.4.1.9590.100.1.2.208107019711811342522242530712542759282 does not exist, skipping.
Image /home/sgoli125/workspace/research/MultiModalPFN/mmpfn/data/cbis_ddsm/jpeg/1.3.6.1.4.1.9590.100.1.2.328320403411988585638613469653879726386 does not exist, skipping.
Image /home/sgoli125/workspace/research/MultiModalPFN/mmpfn/data/cbis_ddsm/jpeg/1.3.6.1.4.1.9590.100.1.2.328320403411988585638613469653879726386 does not exist, skipping.
Image /home/sgoli125/workspace/research/MultiModalPFN/mmpfn/data/cbis_ddsm/jpeg/1.3.6.1.4.1.9590.100.1.2.52911228912044066036741669740519618759 does not exist, skipping.
Image /home/sgoli125/workspace/research/MultiModalPFN/mmpfn/data/cbis_ddsm/jpeg/1.3.6.1.4.1.9590.100.1.2.353610040210439303833225256102752821466 does not exist, skipping.
Image /home/sgoli125/workspace/research/MultiModalPFN/mmpfn/data/cbis_ddsm/jpeg/1.3.6.1.4.1.9590.100.1.2.353610040210439303833225256102752821466 does not exist, skipping.
Image /home/sgoli125/workspace/research/MultiModalPFN/mmpfn/data/cbis_ddsm/jpeg/1.3.6.1.4.1.9590.100.1.2.90049668411003307234280101243836805116 does not exist, skipping.
Image /home/sgoli125/workspace/research/MultiModalPFN/mmpfn/data/cbis_ddsm/jpeg/1.3.6.1.4.1.9590.100.1.2.383285919712986381706460438071667571219 does not exist, skipping.
Image /home/sgoli125/workspace/research/MultiModalPFN/mmpfn/data/cbis_ddsm/jpeg/1.3.6.1.4.1.9590.100.1.2.383285919712986381706460438071667571219 does not exist, skipping.
Image /home/sgoli125/workspace/research/MultiModalPFN/mmpfn/data/cbis_ddsm/jpeg/1.3.6.1.4.1.9590.100.1.2.326721637012010321626898042221173930361 does not exist, skipping.
Image /home/sgoli125/workspace/research/MultiModalPFN/mmpfn/data/cbis_ddsm/jpeg/1.3.6.1.4.1.9590.100.1.2.273104176312975794115853377520445198068 does not exist, skipping.
Image /home/sgoli125/workspace/research/MultiModalPFN/mmpfn/data/cbis_ddsm/jpeg/1.3.6.1.4.1.9590.100.1.2.299330577311564728312896329492349721608 does not exist, skipping.
Image /home/sgoli125/workspace/research/MultiModalPFN/mmpfn/data/cbis_ddsm/jpeg/1.3.6.1.4.1.9590.100.1.2.299330577311564728312896329492349721608 does not exist, skipping.
Image /home/sgoli125/workspace/research/MultiModalPFN/mmpfn/data/cbis_ddsm/jpeg/1.3.6.1.4.1.9590.100.1.2.290364663411069470323696390944134717011 does not exist, skipping.
Image /home/sgoli125/workspace/research/MultiModalPFN/mmpfn/data/cbis_ddsm/jpeg/1.3.6.1.4.1.9590.100.1.2.303686930511475078103481233072678880183 does not exist, skipping.
Image /home/sgoli125/workspace/research/MultiModalPFN/mmpfn/data/cbis_ddsm/jpeg/1.3.6.1.4.1.9590.100.1.2.303686930511475078103481233072678880183 does not exist, skipping.
Image /home/sgoli125/workspace/research/MultiModalPFN/mmpfn/data/cbis_ddsm/jpeg/1.3.6.1.4.1.9590.100.1.2.304645495911706483111438481251619390979 does not exist, skipping.
Image /home/sgoli125/workspace/research/MultiModalPFN/mmpfn/data/cbis_ddsm/jpeg/1.3.6.1.4.1.9590.100.1.2.260375335412969300725092873432811791261 does not exist, skipping.
Image /home/sgoli125/workspace/research/MultiModalPFN/mmpfn/data/cbis_ddsm/jpeg/1.3.6.1.4.1.9590.100.1.2.219117506712389849824896987400722855437 does not exist, skipping.
Image /home/sgoli125/workspace/research/MultiModalPFN/mmpfn/data/cbis_ddsm/jpeg/1.3.6.1.4.1.9590.100.1.2.319602433610930800717919947950611154184 does not exist, skipping.
Image /home/sgoli125/workspace/research/MultiModalPFN/mmpfn/data/cbis_ddsm/jpeg/1.3.6.1.4.1.9590.100.1.2.319602433610930800717919947950611154184 does not exist, skipping.
Image /home/sgoli125/workspace/research/MultiModalPFN/mmpfn/data/cbis_ddsm/jpeg/1.3.6.1.4.1.9590.100.1.2.393042232112539766937729493943726657474 does not exist, skipping.
Image /home/sgoli125/workspace/research/MultiModalPFN/mmpfn/data/cbis_ddsm/jpeg/1.3.6.1.4.1.9590.100.1.2.386287721313765271638567033852357863555 does not exist, skipping.
Image /home/sgoli125/workspace/research/MultiModalPFN/mmpfn/data/cbis_ddsm/jpeg/1.3.6.1.4.1.9590.100.1.2.386287721313765271638567033852357863555 does not exist, skipping.
Image /home/sgoli125/workspace/research/MultiModalPFN/mmpfn/data/cbis_ddsm/jpeg/1.3.6.1.4.1.9590.100.1.2.247437061111103930327214488590934752276 does not exist, skipping.
Image /home/sgoli125/workspace/research/MultiModalPFN/mmpfn/data/cbis_ddsm/jpeg/1.3.6.1.4.1.9590.100.1.2.277834850111844445628102460182594509736 does not exist, skipping.
Image /home/sgoli125/workspace/research/MultiModalPFN/mmpfn/data/cbis_ddsm/jpeg/1.3.6.1.4.1.9590.100.1.2.297789759910579928235153197293591687373 does not exist, skipping.
Image /home/sgoli125/workspace/research/MultiModalPFN/mmpfn/data/cbis_ddsm/jpeg/1.3.6.1.4.1.9590.100.1.2.297789759910579928235153197293591687373 does not exist, skipping.
Image /home/sgoli125/workspace/research/MultiModalPFN/mmpfn/data/cbis_ddsm/jpeg/1.3.6.1.4.1.9590.100.1.2.391822368011278016029379162891017489915 does not exist, skipping.
Image /home/sgoli125/workspace/research/MultiModalPFN/mmpfn/data/cbis_ddsm/jpeg/1.3.6.1.4.1.9590.100.1.2.368114466512227422920092425383571922380 does not exist, skipping.
Image /home/sgoli125/workspace/research/MultiModalPFN/mmpfn/data/cbis_ddsm/jpeg/1.3.6.1.4.1.9590.100.1.2.368114466512227422920092425383571922380 does not exist, skipping.
Image /home/sgoli125/workspace/research/MultiModalPFN/mmpfn/data/cbis_ddsm/jpeg/1.3.6.1.4.1.9590.100.1.2.331503846211661153500085820252857862817 does not exist, skipping.
Image /home/sgoli125/workspace/research/MultiModalPFN/mmpfn/data/cbis_ddsm/jpeg/1.3.6.1.4.1.9590.100.1.2.331503846211661153500085820252857862817 does not exist, skipping.
Image /home/sgoli125/workspace/research/MultiModalPFN/mmpfn/data/cbis_ddsm/jpeg/1.3.6.1.4.1.9590.100.1.2.329723112512864132612362932722416742076 does not exist, skipping.
Image /home/sgoli125/workspace/research/MultiModalPFN/mmpfn/data/cbis_ddsm/jpeg/1.3.6.1.4.1.9590.100.1.2.43514989712036108241570505284057304845 does not exist, skipping.
Image /home/sgoli125/workspace/research/MultiModalPFN/mmpfn/data/cbis_ddsm/jpeg/1.3.6.1.4.1.9590.100.1.2.43514989712036108241570505284057304845 does not exist, skipping.
Image /home/sgoli125/workspace/research/MultiModalPFN/mmpfn/data/cbis_ddsm/jpeg/1.3.6.1.4.1.9590.100.1.2.28518803912310395837837364480987494239 does not exist, skipping.
Image /home/sgoli125/workspace/research/MultiModalPFN/mmpfn/data/cbis_ddsm/jpeg/1.3.6.1.4.1.9590.100.1.2.28518803912310395837837364480987494239 does not exist, skipping.
Image /home/sgoli125/workspace/research/MultiModalPFN/mmpfn/data/cbis_ddsm/jpeg/1.3.6.1.4.1.9590.100.1.2.284507638613416758207872997261004998521 does not exist, skipping.
Image /home/sgoli125/workspace/research/MultiModalPFN/mmpfn/data/cbis_ddsm/jpeg/1.3.6.1.4.1.9590.100.1.2.22326887011227963702159533191468776297 does not exist, skipping.
Image /home/sgoli125/workspace/research/MultiModalPFN/mmpfn/data/cbis_ddsm/jpeg/1.3.6.1.4.1.9590.100.1.2.22326887011227963702159533191468776297 does not exist, skipping.
Image /home/sgoli125/workspace/research/MultiModalPFN/mmpfn/data/cbis_ddsm/jpeg/1.3.6.1.4.1.9590.100.1.2.318215987711391365112451298662215339278 does not exist, skipping.
Image /home/sgoli125/workspace/research/MultiModalPFN/mmpfn/data/cbis_ddsm/jpeg/1.3.6.1.4.1.9590.100.1.2.410393818511203906132763795700564523508 does not exist, skipping.
Image /home/sgoli125/workspace/research/MultiModalPFN/mmpfn/data/cbis_ddsm/jpeg/1.3.6.1.4.1.9590.100.1.2.410393818511203906132763795700564523508 does not exist, skipping.
Image /home/sgoli125/workspace/research/MultiModalPFN/mmpfn/data/cbis_ddsm/jpeg/1.3.6.1.4.1.9590.100.1.2.383456076011585200833133247132360576495 does not exist, skipping.
Image /home/sgoli125/workspace/research/MultiModalPFN/mmpfn/data/cbis_ddsm/jpeg/1.3.6.1.4.1.9590.100.1.2.6527976411897768803524153661443049263 does not exist, skipping.
Image /home/sgoli125/workspace/research/MultiModalPFN/mmpfn/data/cbis_ddsm/jpeg/1.3.6.1.4.1.9590.100.1.2.6527976411897768803524153661443049263 does not exist, skipping.
Image /home/sgoli125/workspace/research/MultiModalPFN/mmpfn/data/cbis_ddsm/jpeg/1.3.6.1.4.1.9590.100.1.2.88567571811865245834350703782525414557 does not exist, skipping.
Image /home/sgoli125/workspace/research/MultiModalPFN/mmpfn/data/cbis_ddsm/jpeg/1.3.6.1.4.1.9590.100.1.2.275037517911912339613409133263529323008 does not exist, skipping.
Image /home/sgoli125/workspace/research/MultiModalPFN/mmpfn/data/cbis_ddsm/jpeg/1.3.6.1.4.1.9590.100.1.2.275037517911912339613409133263529323008 does not exist, skipping.
Image /home/sgoli125/workspace/research/MultiModalPFN/mmpfn/data/cbis_ddsm/jpeg/1.3.6.1.4.1.9590.100.1.2.70055575411327114507601381440700639808 does not exist, skipping.
Image /home/sgoli125/workspace/research/MultiModalPFN/mmpfn/data/cbis_ddsm/jpeg/1.3.6.1.4.1.9590.100.1.2.243253789211502257036675626273535270169 does not exist, skipping.
Image /home/sgoli125/workspace/research/MultiModalPFN/mmpfn/data/cbis_ddsm/jpeg/1.3.6.1.4.1.9590.100.1.2.291456982912877433901632375470543780956 does not exist, skipping.
Image /home/sgoli125/workspace/research/MultiModalPFN/mmpfn/data/cbis_ddsm/jpeg/1.3.6.1.4.1.9590.100.1.2.50470720412665817320171815761059260329 does not exist, skipping.
Image /home/sgoli125/workspace/research/MultiModalPFN/mmpfn/data/cbis_ddsm/jpeg/1.3.6.1.4.1.9590.100.1.2.343948967311982029004989313710355633688 does not exist, skipping.
Image /home/sgoli125/workspace/research/MultiModalPFN/mmpfn/data/cbis_ddsm/jpeg/1.3.6.1.4.1.9590.100.1.2.65146854411116044628397515693673807312 does not exist, skipping.
Image /home/sgoli125/workspace/research/MultiModalPFN/mmpfn/data/cbis_ddsm/jpeg/1.3.6.1.4.1.9590.100.1.2.407517678211924472933141080803080969072 does not exist, skipping.
Image /home/sgoli125/workspace/research/MultiModalPFN/mmpfn/data/cbis_ddsm/jpeg/1.3.6.1.4.1.9590.100.1.2.371813759313271994601228594001917046161 does not exist, skipping.
Image /home/sgoli125/workspace/research/MultiModalPFN/mmpfn/data/cbis_ddsm/jpeg/1.3.6.1.4.1.9590.100.1.2.407029547912298140703920136971457762790 does not exist, skipping.
Image /home/sgoli125/workspace/research/MultiModalPFN/mmpfn/data/cbis_ddsm/jpeg/1.3.6.1.4.1.9590.100.1.2.34218151912946268510958967670853052175 does not exist, skipping.
Image /home/sgoli125/workspace/research/MultiModalPFN/mmpfn/data/cbis_ddsm/jpeg/1.3.6.1.4.1.9590.100.1.2.403491270912552295626916998623914897782 does not exist, skipping.
Image /home/sgoli125/workspace/research/MultiModalPFN/mmpfn/data/cbis_ddsm/jpeg/1.3.6.1.4.1.9590.100.1.2.35571788212802531401890896782882200908 does not exist, skipping.
Image /home/sgoli125/workspace/research/MultiModalPFN/mmpfn/data/cbis_ddsm/jpeg/1.3.6.1.4.1.9590.100.1.2.336120486712406273923832111983569913869 does not exist, skipping.
Image /home/sgoli125/workspace/research/MultiModalPFN/mmpfn/data/cbis_ddsm/jpeg/1.3.6.1.4.1.9590.100.1.2.317564625510868114735326908630042392506 does not exist, skipping.
Image /home/sgoli125/workspace/research/MultiModalPFN/mmpfn/data/cbis_ddsm/jpeg/1.3.6.1.4.1.9590.100.1.2.89237466312426240700912480394071433919 does not exist, skipping.
Image /home/sgoli125/workspace/research/MultiModalPFN/mmpfn/data/cbis_ddsm/jpeg/1.3.6.1.4.1.9590.100.1.2.399742535611893168217294560510610315389 does not exist, skipping.
Image /home/sgoli125/workspace/research/MultiModalPFN/mmpfn/data/cbis_ddsm/jpeg/1.3.6.1.4.1.9590.100.1.2.387670051013844971436119663732194729981 does not exist, skipping.
Image /home/sgoli125/workspace/research/MultiModalPFN/mmpfn/data/cbis_ddsm/jpeg/1.3.6.1.4.1.9590.100.1.2.94662217113501054508174890510669825986 does not exist, skipping.
Image /home/sgoli125/workspace/research/MultiModalPFN/mmpfn/data/cbis_ddsm/jpeg/1.3.6.1.4.1.9590.100.1.2.68321100113665654207767272293988936808 does not exist, skipping.
Image /home/sgoli125/workspace/research/MultiModalPFN/mmpfn/data/cbis_ddsm/jpeg/1.3.6.1.4.1.9590.100.1.2.303546712613051145839963503541170840323 does not exist, skipping.
Image /home/sgoli125/workspace/research/MultiModalPFN/mmpfn/data/cbis_ddsm/jpeg/1.3.6.1.4.1.9590.100.1.2.412558050811722685411988228462651590663 does not exist, skipping.
Image /home/sgoli125/workspace/research/MultiModalPFN/mmpfn/data/cbis_ddsm/jpeg/1.3.6.1.4.1.9590.100.1.2.375319587411015946201453923033781478743 does not exist, skipping.
Image /home/sgoli125/workspace/research/MultiModalPFN/mmpfn/data/cbis_ddsm/jpeg/1.3.6.1.4.1.9590.100.1.2.387325662211652062642152657100487063460 does not exist, skipping.
Image /home/sgoli125/workspace/research/MultiModalPFN/mmpfn/data/cbis_ddsm/jpeg/1.3.6.1.4.1.9590.100.1.2.314202752110860447319821482722631603171 does not exist, skipping.
Image /home/sgoli125/workspace/research/MultiModalPFN/mmpfn/data/cbis_ddsm/jpeg/1.3.6.1.4.1.9590.100.1.2.237405159212695555542386297803769689402 does not exist, skipping.
Image /home/sgoli125/workspace/research/MultiModalPFN/mmpfn/data/cbis_ddsm/jpeg/1.3.6.1.4.1.9590.100.1.2.290251769212905477734669932883242291615 does not exist, skipping.
Image /home/sgoli125/workspace/research/MultiModalPFN/mmpfn/data/cbis_ddsm/jpeg/1.3.6.1.4.1.9590.100.1.2.321062807811123845106490625560193258924 does not exist, skipping.
Image /home/sgoli125/workspace/research/MultiModalPFN/mmpfn/data/cbis_ddsm/jpeg/1.3.6.1.4.1.9590.100.1.2.203989029910964209440425982812598330086 does not exist, skipping.
Load embeddings from embeddings/cbis_ddsm/mass_train_all_dinov2.pt
Image /home/sgoli125/workspace/research/MultiModalPFN/mmpfn/data/cbis_ddsm/jpeg/1.3.6.1.4.1.9590.100.1.2.245063149211255120613007755642780114172 does not exist, skipping.
Image /home/sgoli125/workspace/research/MultiModalPFN/mmpfn/data/cbis_ddsm/jpeg/1.3.6.1.4.1.9590.100.1.2.30820586311062570442302321942433426184 does not exist, skipping.
Image /home/sgoli125/workspace/research/MultiModalPFN/mmpfn/data/cbis_ddsm/jpeg/1.3.6.1.4.1.9590.100.1.2.30820586311062570442302321942433426184 does not exist, skipping.
Image /home/sgoli125/workspace/research/MultiModalPFN/mmpfn/data/cbis_ddsm/jpeg/1.3.6.1.4.1.9590.100.1.2.85952214611170506017891429690540035518 does not exist, skipping.
Image /home/sgoli125/workspace/research/MultiModalPFN/mmpfn/data/cbis_ddsm/jpeg/1.3.6.1.4.1.9590.100.1.2.381440141511137044327302306604206077287 does not exist, skipping.
Image /home/sgoli125/workspace/research/MultiModalPFN/mmpfn/data/cbis_ddsm/jpeg/1.3.6.1.4.1.9590.100.1.2.381440141511137044327302306604206077287 does not exist, skipping.
Image /home/sgoli125/workspace/research/MultiModalPFN/mmpfn/data/cbis_ddsm/jpeg/1.3.6.1.4.1.9590.100.1.2.22131189612893294827907969600765582967 does not exist, skipping.
Image /home/sgoli125/workspace/research/MultiModalPFN/mmpfn/data/cbis_ddsm/jpeg/1.3.6.1.4.1.9590.100.1.2.212143028513012144941507232513982203672 does not exist, skipping.
Image /home/sgoli125/workspace/research/MultiModalPFN/mmpfn/data/cbis_ddsm/jpeg/1.3.6.1.4.1.9590.100.1.2.212143028513012144941507232513982203672 does not exist, skipping.
Image /home/sgoli125/workspace/research/MultiModalPFN/mmpfn/data/cbis_ddsm/jpeg/1.3.6.1.4.1.9590.100.1.2.239949064412092068706566726490415129934 does not exist, skipping.
Image /home/sgoli125/workspace/research/MultiModalPFN/mmpfn/data/cbis_ddsm/jpeg/1.3.6.1.4.1.9590.100.1.2.215081818713600536113960661873725083371 does not exist, skipping.
Image /home/sgoli125/workspace/research/MultiModalPFN/mmpfn/data/cbis_ddsm/jpeg/1.3.6.1.4.1.9590.100.1.2.199593071810497070809647901570077988031 does not exist, skipping.
Image /home/sgoli125/workspace/research/MultiModalPFN/mmpfn/data/cbis_ddsm/jpeg/1.3.6.1.4.1.9590.100.1.2.199593071810497070809647901570077988031 does not exist, skipping.
Image /home/sgoli125/workspace/research/MultiModalPFN/mmpfn/data/cbis_ddsm/jpeg/1.3.6.1.4.1.9590.100.1.2.318799084911119262430780458250312419361 does not exist, skipping.
Image /home/sgoli125/workspace/research/MultiModalPFN/mmpfn/data/cbis_ddsm/jpeg/1.3.6.1.4.1.9590.100.1.2.44610919611642954332266410812181604922 does not exist, skipping.
Image /home/sgoli125/workspace/research/MultiModalPFN/mmpfn/data/cbis_ddsm/jpeg/1.3.6.1.4.1.9590.100.1.2.44610919611642954332266410812181604922 does not exist, skipping.
Image /home/sgoli125/workspace/research/MultiModalPFN/mmpfn/data/cbis_ddsm/jpeg/1.3.6.1.4.1.9590.100.1.2.345140832810160378520078721331878282316 does not exist, skipping.
Image /home/sgoli125/workspace/research/MultiModalPFN/mmpfn/data/cbis_ddsm/jpeg/1.3.6.1.4.1.9590.100.1.2.335564193512609498716387099372607181452 does not exist, skipping.
Image /home/sgoli125/workspace/research/MultiModalPFN/mmpfn/data/cbis_ddsm/jpeg/1.3.6.1.4.1.9590.100.1.2.335564193512609498716387099372607181452 does not exist, skipping.
Image /home/sgoli125/workspace/research/MultiModalPFN/mmpfn/data/cbis_ddsm/jpeg/1.3.6.1.4.1.9590.100.1.2.59887648512379053809277845872128232362 does not exist, skipping.
Image /home/sgoli125/workspace/research/MultiModalPFN/mmpfn/data/cbis_ddsm/jpeg/1.3.6.1.4.1.9590.100.1.2.371211525812372459428004652923830584055 does not exist, skipping.
Image /home/sgoli125/workspace/research/MultiModalPFN/mmpfn/data/cbis_ddsm/jpeg/1.3.6.1.4.1.9590.100.1.2.371211525812372459428004652923830584055 does not exist, skipping.
Image /home/sgoli125/workspace/research/MultiModalPFN/mmpfn/data/cbis_ddsm/jpeg/1.3.6.1.4.1.9590.100.1.2.302678903112208607702983192631368637142 does not exist, skipping.
Image /home/sgoli125/workspace/research/MultiModalPFN/mmpfn/data/cbis_ddsm/jpeg/1.3.6.1.4.1.9590.100.1.2.94222899611000951402700588920137869763 does not exist, skipping.
Image /home/sgoli125/workspace/research/MultiModalPFN/mmpfn/data/cbis_ddsm/jpeg/1.3.6.1.4.1.9590.100.1.2.94222899611000951402700588920137869763 does not exist, skipping.
Image /home/sgoli125/workspace/research/MultiModalPFN/mmpfn/data/cbis_ddsm/jpeg/1.3.6.1.4.1.9590.100.1.2.398695186611278204714097118000162925433 does not exist, skipping.
Image /home/sgoli125/workspace/research/MultiModalPFN/mmpfn/data/cbis_ddsm/jpeg/1.3.6.1.4.1.9590.100.1.2.90316691111901811331698126462090336197 does not exist, skipping.
Image /home/sgoli125/workspace/research/MultiModalPFN/mmpfn/data/cbis_ddsm/jpeg/1.3.6.1.4.1.9590.100.1.2.90316691111901811331698126462090336197 does not exist, skipping.
Image /home/sgoli125/workspace/research/MultiModalPFN/mmpfn/data/cbis_ddsm/jpeg/1.3.6.1.4.1.9590.100.1.2.334704328611391643805508991083300190349 does not exist, skipping.
Image /home/sgoli125/workspace/research/MultiModalPFN/mmpfn/data/cbis_ddsm/jpeg/1.3.6.1.4.1.9590.100.1.2.70841443011707611139823617463537593303 does not exist, skipping.
Image /home/sgoli125/workspace/research/MultiModalPFN/mmpfn/data/cbis_ddsm/jpeg/1.3.6.1.4.1.9590.100.1.2.70841443011707611139823617463537593303 does not exist, skipping.
Image /home/sgoli125/workspace/research/MultiModalPFN/mmpfn/data/cbis_ddsm/jpeg/1.3.6.1.4.1.9590.100.1.2.33104460512287295106729517150165977308 does not exist, skipping.
Image /home/sgoli125/workspace/research/MultiModalPFN/mmpfn/data/cbis_ddsm/jpeg/1.3.6.1.4.1.9590.100.1.2.33104460512287295106729517150165977308 does not exist, skipping.
Image /home/sgoli125/workspace/research/MultiModalPFN/mmpfn/data/cbis_ddsm/jpeg/1.3.6.1.4.1.9590.100.1.2.335479646812762679101737627170413443119 does not exist, skipping.
Image /home/sgoli125/workspace/research/MultiModalPFN/mmpfn/data/cbis_ddsm/jpeg/1.3.6.1.4.1.9590.100.1.2.335479646812762679101737627170413443119 does not exist, skipping.
Image /home/sgoli125/workspace/research/MultiModalPFN/mmpfn/data/cbis_ddsm/jpeg/1.3.6.1.4.1.9590.100.1.2.35213499610180117017197818161597828685 does not exist, skipping.
Image /home/sgoli125/workspace/research/MultiModalPFN/mmpfn/data/cbis_ddsm/jpeg/1.3.6.1.4.1.9590.100.1.2.35213499610180117017197818161597828685 does not exist, skipping.
Image /home/sgoli125/workspace/research/MultiModalPFN/mmpfn/data/cbis_ddsm/jpeg/1.3.6.1.4.1.9590.100.1.2.407181433912424288305829315861762316394 does not exist, skipping.
Image /home/sgoli125/workspace/research/MultiModalPFN/mmpfn/data/cbis_ddsm/jpeg/1.3.6.1.4.1.9590.100.1.2.407181433912424288305829315861762316394 does not exist, skipping.
Image /home/sgoli125/workspace/research/MultiModalPFN/mmpfn/data/cbis_ddsm/jpeg/1.3.6.1.4.1.9590.100.1.2.328461764911878115334285413513283421596 does not exist, skipping.
Image /home/sgoli125/workspace/research/MultiModalPFN/mmpfn/data/cbis_ddsm/jpeg/1.3.6.1.4.1.9590.100.1.2.328461764911878115334285413513283421596 does not exist, skipping.
Image /home/sgoli125/workspace/research/MultiModalPFN/mmpfn/data/cbis_ddsm/jpeg/1.3.6.1.4.1.9590.100.1.2.405113295812235780932337765514205663231 does not exist, skipping.
Image /home/sgoli125/workspace/research/MultiModalPFN/mmpfn/data/cbis_ddsm/jpeg/1.3.6.1.4.1.9590.100.1.2.405113295812235780932337765514205663231 does not exist, skipping.
Image /home/sgoli125/workspace/research/MultiModalPFN/mmpfn/data/cbis_ddsm/jpeg/1.3.6.1.4.1.9590.100.1.2.31806790311370032429632027040449743382 does not exist, skipping.
Image /home/sgoli125/workspace/research/MultiModalPFN/mmpfn/data/cbis_ddsm/jpeg/1.3.6.1.4.1.9590.100.1.2.31806790311370032429632027040449743382 does not exist, skipping.
Image /home/sgoli125/workspace/research/MultiModalPFN/mmpfn/data/cbis_ddsm/jpeg/1.3.6.1.4.1.9590.100.1.2.276507869711889466025221201043664468321 does not exist, skipping.
Image /home/sgoli125/workspace/research/MultiModalPFN/mmpfn/data/cbis_ddsm/jpeg/1.3.6.1.4.1.9590.100.1.2.276507869711889466025221201043664468321 does not exist, skipping.
Image /home/sgoli125/workspace/research/MultiModalPFN/mmpfn/data/cbis_ddsm/jpeg/1.3.6.1.4.1.9590.100.1.2.53981029411515416635208605883563819654 does not exist, skipping.
Image /home/sgoli125/workspace/research/MultiModalPFN/mmpfn/data/cbis_ddsm/jpeg/1.3.6.1.4.1.9590.100.1.2.260826680211463150629506377090181207701 does not exist, skipping.
Image /home/sgoli125/workspace/research/MultiModalPFN/mmpfn/data/cbis_ddsm/jpeg/1.3.6.1.4.1.9590.100.1.2.401212390711913852429512943903151027124 does not exist, skipping.
Image /home/sgoli125/workspace/research/MultiModalPFN/mmpfn/data/cbis_ddsm/jpeg/1.3.6.1.4.1.9590.100.1.2.417157466613270187342040774840270966760 does not exist, skipping.
Image /home/sgoli125/workspace/research/MultiModalPFN/mmpfn/data/cbis_ddsm/jpeg/1.3.6.1.4.1.9590.100.1.2.423283243012912888204847591923699853302 does not exist, skipping.
Image /home/sgoli125/workspace/research/MultiModalPFN/mmpfn/data/cbis_ddsm/jpeg/1.3.6.1.4.1.9590.100.1.2.88091748413596024615343003341621545741 does not exist, skipping.
Image /home/sgoli125/workspace/research/MultiModalPFN/mmpfn/data/cbis_ddsm/jpeg/1.3.6.1.4.1.9590.100.1.2.259283265213236844915772927081591873003 does not exist, skipping.
Image /home/sgoli125/workspace/research/MultiModalPFN/mmpfn/data/cbis_ddsm/jpeg/1.3.6.1.4.1.9590.100.1.2.273736527812245924738896549683395645939 does not exist, skipping.
Image /home/sgoli125/workspace/research/MultiModalPFN/mmpfn/data/cbis_ddsm/jpeg/1.3.6.1.4.1.9590.100.1.2.71333513012885558329531613884249028215 does not exist, skipping.
Image /home/sgoli125/workspace/research/MultiModalPFN/mmpfn/data/cbis_ddsm/jpeg/1.3.6.1.4.1.9590.100.1.2.205725985411395777531154536140194748555 does not exist, skipping.
Image /home/sgoli125/workspace/research/MultiModalPFN/mmpfn/data/cbis_ddsm/jpeg/1.3.6.1.4.1.9590.100.1.2.205725985411395777531154536140194748555 does not exist, skipping.
Image /home/sgoli125/workspace/research/MultiModalPFN/mmpfn/data/cbis_ddsm/jpeg/1.3.6.1.4.1.9590.100.1.2.294502521311914830642172663623958151512 does not exist, skipping.
Image /home/sgoli125/workspace/research/MultiModalPFN/mmpfn/data/cbis_ddsm/jpeg/1.3.6.1.4.1.9590.100.1.2.294502521311914830642172663623958151512 does not exist, skipping.
Image /home/sgoli125/workspace/research/MultiModalPFN/mmpfn/data/cbis_ddsm/jpeg/1.3.6.1.4.1.9590.100.1.2.339564316712843853222719131073480450951 does not exist, skipping.
Image /home/sgoli125/workspace/research/MultiModalPFN/mmpfn/data/cbis_ddsm/jpeg/1.3.6.1.4.1.9590.100.1.2.68262587513622730932485303632746993994 does not exist, skipping.
Image /home/sgoli125/workspace/research/MultiModalPFN/mmpfn/data/cbis_ddsm/jpeg/1.3.6.1.4.1.9590.100.1.2.68262587513622730932485303632746993994 does not exist, skipping.
Image /home/sgoli125/workspace/research/MultiModalPFN/mmpfn/data/cbis_ddsm/jpeg/1.3.6.1.4.1.9590.100.1.2.337692867012177696402442541140093720047 does not exist, skipping.
Image /home/sgoli125/workspace/research/MultiModalPFN/mmpfn/data/cbis_ddsm/jpeg/1.3.6.1.4.1.9590.100.1.2.88878536113017646120238207221607862534 does not exist, skipping.
Image /home/sgoli125/workspace/research/MultiModalPFN/mmpfn/data/cbis_ddsm/jpeg/1.3.6.1.4.1.9590.100.1.2.88878536113017646120238207221607862534 does not exist, skipping.
Image /home/sgoli125/workspace/research/MultiModalPFN/mmpfn/data/cbis_ddsm/jpeg/1.3.6.1.4.1.9590.100.1.2.318175244011353566129653618441084786424 does not exist, skipping.
Image /home/sgoli125/workspace/research/MultiModalPFN/mmpfn/data/cbis_ddsm/jpeg/1.3.6.1.4.1.9590.100.1.2.36557930712232912912470726592672447758 does not exist, skipping.
Image /home/sgoli125/workspace/research/MultiModalPFN/mmpfn/data/cbis_ddsm/jpeg/1.3.6.1.4.1.9590.100.1.2.36557930712232912912470726592672447758 does not exist, skipping.
Image /home/sgoli125/workspace/research/MultiModalPFN/mmpfn/data/cbis_ddsm/jpeg/1.3.6.1.4.1.9590.100.1.2.53164963713539945704420389270899642316 does not exist, skipping.
Image /home/sgoli125/workspace/research/MultiModalPFN/mmpfn/data/cbis_ddsm/jpeg/1.3.6.1.4.1.9590.100.1.2.302117799111020717142633394451378732071 does not exist, skipping.
Image /home/sgoli125/workspace/research/MultiModalPFN/mmpfn/data/cbis_ddsm/jpeg/1.3.6.1.4.1.9590.100.1.2.302117799111020717142633394451378732071 does not exist, skipping.
Image /home/sgoli125/workspace/research/MultiModalPFN/mmpfn/data/cbis_ddsm/jpeg/1.3.6.1.4.1.9590.100.1.2.272584833612462853710337893452059578587 does not exist, skipping.
Image /home/sgoli125/workspace/research/MultiModalPFN/mmpfn/data/cbis_ddsm/jpeg/1.3.6.1.4.1.9590.100.1.2.54837713212547534204564391961131164353 does not exist, skipping.
Image /home/sgoli125/workspace/research/MultiModalPFN/mmpfn/data/cbis_ddsm/jpeg/1.3.6.1.4.1.9590.100.1.2.54837713212547534204564391961131164353 does not exist, skipping.
Image /home/sgoli125/workspace/research/MultiModalPFN/mmpfn/data/cbis_ddsm/jpeg/1.3.6.1.4.1.9590.100.1.2.280437157711493692000884645494047094463 does not exist, skipping.
Image /home/sgoli125/workspace/research/MultiModalPFN/mmpfn/data/cbis_ddsm/jpeg/1.3.6.1.4.1.9590.100.1.2.64244239512457367223420936982089637275 does not exist, skipping.
Image /home/sgoli125/workspace/research/MultiModalPFN/mmpfn/data/cbis_ddsm/jpeg/1.3.6.1.4.1.9590.100.1.2.64244239512457367223420936982089637275 does not exist, skipping.
Image /home/sgoli125/workspace/research/MultiModalPFN/mmpfn/data/cbis_ddsm/jpeg/1.3.6.1.4.1.9590.100.1.2.316561317812864764642007141470711249510 does not exist, skipping.
Image /home/sgoli125/workspace/research/MultiModalPFN/mmpfn/data/cbis_ddsm/jpeg/1.3.6.1.4.1.9590.100.1.2.316561317812864764642007141470711249510 does not exist, skipping.
Image /home/sgoli125/workspace/research/MultiModalPFN/mmpfn/data/cbis_ddsm/jpeg/1.3.6.1.4.1.9590.100.1.2.95930514311143196521379851620797527375 does not exist, skipping.
Image /home/sgoli125/workspace/research/MultiModalPFN/mmpfn/data/cbis_ddsm/jpeg/1.3.6.1.4.1.9590.100.1.2.98400029212492178138998913762211242870 does not exist, skipping.
Image /home/sgoli125/workspace/research/MultiModalPFN/mmpfn/data/cbis_ddsm/jpeg/1.3.6.1.4.1.9590.100.1.2.98400029212492178138998913762211242870 does not exist, skipping.
Image /home/sgoli125/workspace/research/MultiModalPFN/mmpfn/data/cbis_ddsm/jpeg/1.3.6.1.4.1.9590.100.1.2.95930514311143196521379851620797527375 does not exist, skipping.
Image /home/sgoli125/workspace/research/MultiModalPFN/mmpfn/data/cbis_ddsm/jpeg/1.3.6.1.4.1.9590.100.1.2.4356497311475610233941088031476573127 does not exist, skipping.
Image /home/sgoli125/workspace/research/MultiModalPFN/mmpfn/data/cbis_ddsm/jpeg/1.3.6.1.4.1.9590.100.1.2.4356497311475610233941088031476573127 does not exist, skipping.
Image /home/sgoli125/workspace/research/MultiModalPFN/mmpfn/data/cbis_ddsm/jpeg/1.3.6.1.4.1.9590.100.1.2.358353735511679745623895707213815894557 does not exist, skipping.
Image /home/sgoli125/workspace/research/MultiModalPFN/mmpfn/data/cbis_ddsm/jpeg/1.3.6.1.4.1.9590.100.1.2.36303630610708348409626602342124467114 does not exist, skipping.
Image /home/sgoli125/workspace/research/MultiModalPFN/mmpfn/data/cbis_ddsm/jpeg/1.3.6.1.4.1.9590.100.1.2.36303630610708348409626602342124467114 does not exist, skipping.
Image /home/sgoli125/workspace/research/MultiModalPFN/mmpfn/data/cbis_ddsm/jpeg/1.3.6.1.4.1.9590.100.1.2.277904999011825388509729900852338577655 does not exist, skipping.
Image /home/sgoli125/workspace/research/MultiModalPFN/mmpfn/data/cbis_ddsm/jpeg/1.3.6.1.4.1.9590.100.1.2.277521333612539669533671144223025553484 does not exist, skipping.
Image /home/sgoli125/workspace/research/MultiModalPFN/mmpfn/data/cbis_ddsm/jpeg/1.3.6.1.4.1.9590.100.1.2.277521333612539669533671144223025553484 does not exist, skipping.
Image /home/sgoli125/workspace/research/MultiModalPFN/mmpfn/data/cbis_ddsm/jpeg/1.3.6.1.4.1.9590.100.1.2.3137485612561155103546988960022747853 does not exist, skipping.
Image /home/sgoli125/workspace/research/MultiModalPFN/mmpfn/data/cbis_ddsm/jpeg/1.3.6.1.4.1.9590.100.1.2.206133830412739740219136620982493384137 does not exist, skipping.
Image /home/sgoli125/workspace/research/MultiModalPFN/mmpfn/data/cbis_ddsm/jpeg/1.3.6.1.4.1.9590.100.1.2.81893494413544881216885610760867316033 does not exist, skipping.
Image /home/sgoli125/workspace/research/MultiModalPFN/mmpfn/data/cbis_ddsm/jpeg/1.3.6.1.4.1.9590.100.1.2.205826898113630199908418083061888658721 does not exist, skipping.
Image /home/sgoli125/workspace/research/MultiModalPFN/mmpfn/data/cbis_ddsm/jpeg/1.3.6.1.4.1.9590.100.1.2.205826898113630199908418083061888658721 does not exist, skipping.
Image /home/sgoli125/workspace/research/MultiModalPFN/mmpfn/data/cbis_ddsm/jpeg/1.3.6.1.4.1.9590.100.1.2.327009617710603607241815735472292092939 does not exist, skipping.
Image /home/sgoli125/workspace/research/MultiModalPFN/mmpfn/data/cbis_ddsm/jpeg/1.3.6.1.4.1.9590.100.1.2.22617306611307586519548814632713216941 does not exist, skipping.
Image /home/sgoli125/workspace/research/MultiModalPFN/mmpfn/data/cbis_ddsm/jpeg/1.3.6.1.4.1.9590.100.1.2.22617306611307586519548814632713216941 does not exist, skipping.
Image /home/sgoli125/workspace/research/MultiModalPFN/mmpfn/data/cbis_ddsm/jpeg/1.3.6.1.4.1.9590.100.1.2.297424856211796189434977419630658917185 does not exist, skipping.
Image /home/sgoli125/workspace/research/MultiModalPFN/mmpfn/data/cbis_ddsm/jpeg/1.3.6.1.4.1.9590.100.1.2.328232715912756907303947147581073201088 does not exist, skipping.
Image /home/sgoli125/workspace/research/MultiModalPFN/mmpfn/data/cbis_ddsm/jpeg/1.3.6.1.4.1.9590.100.1.2.328232715912756907303947147581073201088 does not exist, skipping.
Image /home/sgoli125/workspace/research/MultiModalPFN/mmpfn/data/cbis_ddsm/jpeg/1.3.6.1.4.1.9590.100.1.2.336327858311367277236448869284215926808 does not exist, skipping.
Image /home/sgoli125/workspace/research/MultiModalPFN/mmpfn/data/cbis_ddsm/jpeg/1.3.6.1.4.1.9590.100.1.2.422957282012810013841418684460061208674 does not exist, skipping.
Image /home/sgoli125/workspace/research/MultiModalPFN/mmpfn/data/cbis_ddsm/jpeg/1.3.6.1.4.1.9590.100.1.2.422957282012810013841418684460061208674 does not exist, skipping.
Image /home/sgoli125/workspace/research/MultiModalPFN/mmpfn/data/cbis_ddsm/jpeg/1.3.6.1.4.1.9590.100.1.2.303093614813874094019726427331964927001 does not exist, skipping.
Image /home/sgoli125/workspace/research/MultiModalPFN/mmpfn/data/cbis_ddsm/jpeg/1.3.6.1.4.1.9590.100.1.2.303093614813874094019726427331964927001 does not exist, skipping.
Image /home/sgoli125/workspace/research/MultiModalPFN/mmpfn/data/cbis_ddsm/jpeg/1.3.6.1.4.1.9590.100.1.2.201851292211399543509571257810125997042 does not exist, skipping.
Image /home/sgoli125/workspace/research/MultiModalPFN/mmpfn/data/cbis_ddsm/jpeg/1.3.6.1.4.1.9590.100.1.2.69686622212106490038029293173339040059 does not exist, skipping.
Image /home/sgoli125/workspace/research/MultiModalPFN/mmpfn/data/cbis_ddsm/jpeg/1.3.6.1.4.1.9590.100.1.2.92625977011874636004018945600136848409 does not exist, skipping.
Image /home/sgoli125/workspace/research/MultiModalPFN/mmpfn/data/cbis_ddsm/jpeg/1.3.6.1.4.1.9590.100.1.2.92625977011874636004018945600136848409 does not exist, skipping.
Image /home/sgoli125/workspace/research/MultiModalPFN/mmpfn/data/cbis_ddsm/jpeg/1.3.6.1.4.1.9590.100.1.2.304047329610483978323624639211723767286 does not exist, skipping.
Image /home/sgoli125/workspace/research/MultiModalPFN/mmpfn/data/cbis_ddsm/jpeg/1.3.6.1.4.1.9590.100.1.2.304047329610483978323624639211723767286 does not exist, skipping.
Image /home/sgoli125/workspace/research/MultiModalPFN/mmpfn/data/cbis_ddsm/jpeg/1.3.6.1.4.1.9590.100.1.2.354993151412880729816316519960664426722 does not exist, skipping.
Image /home/sgoli125/workspace/research/MultiModalPFN/mmpfn/data/cbis_ddsm/jpeg/1.3.6.1.4.1.9590.100.1.2.354993151412880729816316519960664426722 does not exist, skipping.
Image /home/sgoli125/workspace/research/MultiModalPFN/mmpfn/data/cbis_ddsm/jpeg/1.3.6.1.4.1.9590.100.1.2.47772150812629014000458732812506911221 does not exist, skipping.
Image /home/sgoli125/workspace/research/MultiModalPFN/mmpfn/data/cbis_ddsm/jpeg/1.3.6.1.4.1.9590.100.1.2.251369311213760600219860847710711651604 does not exist, skipping.
Image /home/sgoli125/workspace/research/MultiModalPFN/mmpfn/data/cbis_ddsm/jpeg/1.3.6.1.4.1.9590.100.1.2.251369311213760600219860847710711651604 does not exist, skipping.
Image /home/sgoli125/workspace/research/MultiModalPFN/mmpfn/data/cbis_ddsm/jpeg/1.3.6.1.4.1.9590.100.1.2.40622628512047589915317930394080917323 does not exist, skipping.
Image /home/sgoli125/workspace/research/MultiModalPFN/mmpfn/data/cbis_ddsm/jpeg/1.3.6.1.4.1.9590.100.1.2.412456861611910866011192792561631871112 does not exist, skipping.
Image /home/sgoli125/workspace/research/MultiModalPFN/mmpfn/data/cbis_ddsm/jpeg/1.3.6.1.4.1.9590.100.1.2.412456861611910866011192792561631871112 does not exist, skipping.
Image /home/sgoli125/workspace/research/MultiModalPFN/mmpfn/data/cbis_ddsm/jpeg/1.3.6.1.4.1.9590.100.1.2.410797929011029003111842814751970052555 does not exist, skipping.
Image /home/sgoli125/workspace/research/MultiModalPFN/mmpfn/data/cbis_ddsm/jpeg/1.3.6.1.4.1.9590.100.1.2.410797929011029003111842814751970052555 does not exist, skipping.
Image /home/sgoli125/workspace/research/MultiModalPFN/mmpfn/data/cbis_ddsm/jpeg/1.3.6.1.4.1.9590.100.1.2.397840223011442643919447320932472056409 does not exist, skipping.
Image /home/sgoli125/workspace/research/MultiModalPFN/mmpfn/data/cbis_ddsm/jpeg/1.3.6.1.4.1.9590.100.1.2.345309220211676554635929778040975737650 does not exist, skipping.
Image /home/sgoli125/workspace/research/MultiModalPFN/mmpfn/data/cbis_ddsm/jpeg/1.3.6.1.4.1.9590.100.1.2.345309220211676554635929778040975737650 does not exist, skipping.
Image /home/sgoli125/workspace/research/MultiModalPFN/mmpfn/data/cbis_ddsm/jpeg/1.3.6.1.4.1.9590.100.1.2.351272204912461401915277016870066028936 does not exist, skipping.
Image /home/sgoli125/workspace/research/MultiModalPFN/mmpfn/data/cbis_ddsm/jpeg/1.3.6.1.4.1.9590.100.1.2.351272204912461401915277016870066028936 does not exist, skipping.
Image /home/sgoli125/workspace/research/MultiModalPFN/mmpfn/data/cbis_ddsm/jpeg/1.3.6.1.4.1.9590.100.1.2.405986879113620060932111527932552308724 does not exist, skipping.
Image /home/sgoli125/workspace/research/MultiModalPFN/mmpfn/data/cbis_ddsm/jpeg/1.3.6.1.4.1.9590.100.1.2.71398149011079150828226233641279923807 does not exist, skipping.
Image /home/sgoli125/workspace/research/MultiModalPFN/mmpfn/data/cbis_ddsm/jpeg/1.3.6.1.4.1.9590.100.1.2.421655962713561385939752534200837655338 does not exist, skipping.
Image /home/sgoli125/workspace/research/MultiModalPFN/mmpfn/data/cbis_ddsm/jpeg/1.3.6.1.4.1.9590.100.1.2.421655962713561385939752534200837655338 does not exist, skipping.
Image /home/sgoli125/workspace/research/MultiModalPFN/mmpfn/data/cbis_ddsm/jpeg/1.3.6.1.4.1.9590.100.1.2.37253217512123502836460931953438745187 does not exist, skipping.
Image /home/sgoli125/workspace/research/MultiModalPFN/mmpfn/data/cbis_ddsm/jpeg/1.3.6.1.4.1.9590.100.1.2.205940907212865861439105350533077325098 does not exist, skipping.
Image /home/sgoli125/workspace/research/MultiModalPFN/mmpfn/data/cbis_ddsm/jpeg/1.3.6.1.4.1.9590.100.1.2.315919034211749245501471318130559908439 does not exist, skipping.
Image /home/sgoli125/workspace/research/MultiModalPFN/mmpfn/data/cbis_ddsm/jpeg/1.3.6.1.4.1.9590.100.1.2.99008179012572848208364353570880638263 does not exist, skipping.
Image /home/sgoli125/workspace/research/MultiModalPFN/mmpfn/data/cbis_ddsm/jpeg/1.3.6.1.4.1.9590.100.1.2.247934203213872381418141618123923023703 does not exist, skipping.
Image /home/sgoli125/workspace/research/MultiModalPFN/mmpfn/data/cbis_ddsm/jpeg/1.3.6.1.4.1.9590.100.1.2.247934203213872381418141618123923023703 does not exist, skipping.
Image /home/sgoli125/workspace/research/MultiModalPFN/mmpfn/data/cbis_ddsm/jpeg/1.3.6.1.4.1.9590.100.1.2.374553695313635103709420138272111327091 does not exist, skipping.
Image /home/sgoli125/workspace/research/MultiModalPFN/mmpfn/data/cbis_ddsm/jpeg/1.3.6.1.4.1.9590.100.1.2.41743489410850712912973362470784453085 does not exist, skipping.
Image /home/sgoli125/workspace/research/MultiModalPFN/mmpfn/data/cbis_ddsm/jpeg/1.3.6.1.4.1.9590.100.1.2.41743489410850712912973362470784453085 does not exist, skipping.
Image /home/sgoli125/workspace/research/MultiModalPFN/mmpfn/data/cbis_ddsm/jpeg/1.3.6.1.4.1.9590.100.1.2.379745782313287003838481581422265534239 does not exist, skipping.
Image /home/sgoli125/workspace/research/MultiModalPFN/mmpfn/data/cbis_ddsm/jpeg/1.3.6.1.4.1.9590.100.1.2.232043140012455442340816109393409527243 does not exist, skipping.
Image /home/sgoli125/workspace/research/MultiModalPFN/mmpfn/data/cbis_ddsm/jpeg/1.3.6.1.4.1.9590.100.1.2.245093344812536344341063041422079983468 does not exist, skipping.
Image /home/sgoli125/workspace/research/MultiModalPFN/mmpfn/data/cbis_ddsm/jpeg/1.3.6.1.4.1.9590.100.1.2.245093344812536344341063041422079983468 does not exist, skipping.
Image /home/sgoli125/workspace/research/MultiModalPFN/mmpfn/data/cbis_ddsm/jpeg/1.3.6.1.4.1.9590.100.1.2.35067210511731963308204215142101876938 does not exist, skipping.
Image /home/sgoli125/workspace/research/MultiModalPFN/mmpfn/data/cbis_ddsm/jpeg/1.3.6.1.4.1.9590.100.1.2.403411011112474923820858113371941158725 does not exist, skipping.
Image /home/sgoli125/workspace/research/MultiModalPFN/mmpfn/data/cbis_ddsm/jpeg/1.3.6.1.4.1.9590.100.1.2.403411011112474923820858113371941158725 does not exist, skipping.
Image /home/sgoli125/workspace/research/MultiModalPFN/mmpfn/data/cbis_ddsm/jpeg/1.3.6.1.4.1.9590.100.1.2.35067210511731963308204215142101876938 does not exist, skipping.
Image /home/sgoli125/workspace/research/MultiModalPFN/mmpfn/data/cbis_ddsm/jpeg/1.3.6.1.4.1.9590.100.1.2.328429385711490788140972619663135317137 does not exist, skipping.
Image /home/sgoli125/workspace/research/MultiModalPFN/mmpfn/data/cbis_ddsm/jpeg/1.3.6.1.4.1.9590.100.1.2.328429385711490788140972619663135317137 does not exist, skipping.
Image /home/sgoli125/workspace/research/MultiModalPFN/mmpfn/data/cbis_ddsm/jpeg/1.3.6.1.4.1.9590.100.1.2.409879974811638013707390803431977340674 does not exist, skipping.
Image /home/sgoli125/workspace/research/MultiModalPFN/mmpfn/data/cbis_ddsm/jpeg/1.3.6.1.4.1.9590.100.1.2.409879974811638013707390803431977340674 does not exist, skipping.
Image /home/sgoli125/workspace/research/MultiModalPFN/mmpfn/data/cbis_ddsm/jpeg/1.3.6.1.4.1.9590.100.1.2.299089859011811216702959702283135393884 does not exist, skipping.
Image /home/sgoli125/workspace/research/MultiModalPFN/mmpfn/data/cbis_ddsm/jpeg/1.3.6.1.4.1.9590.100.1.2.328888964910420470437557917552593278246 does not exist, skipping.
Image /home/sgoli125/workspace/research/MultiModalPFN/mmpfn/data/cbis_ddsm/jpeg/1.3.6.1.4.1.9590.100.1.2.96511975911876292931610031542715440172 does not exist, skipping.
Image /home/sgoli125/workspace/research/MultiModalPFN/mmpfn/data/cbis_ddsm/jpeg/1.3.6.1.4.1.9590.100.1.2.96511975911876292931610031542715440172 does not exist, skipping.
Image /home/sgoli125/workspace/research/MultiModalPFN/mmpfn/data/cbis_ddsm/jpeg/1.3.6.1.4.1.9590.100.1.2.413890656112604639030656894860865210722 does not exist, skipping.
Image /home/sgoli125/workspace/research/MultiModalPFN/mmpfn/data/cbis_ddsm/jpeg/1.3.6.1.4.1.9590.100.1.2.81725609911708652628398135590462047603 does not exist, skipping.
Image /home/sgoli125/workspace/research/MultiModalPFN/mmpfn/data/cbis_ddsm/jpeg/1.3.6.1.4.1.9590.100.1.2.81725609911708652628398135590462047603 does not exist, skipping.
Image /home/sgoli125/workspace/research/MultiModalPFN/mmpfn/data/cbis_ddsm/jpeg/1.3.6.1.4.1.9590.100.1.2.206770272312843689332399740791908277748 does not exist, skipping.
Image /home/sgoli125/workspace/research/MultiModalPFN/mmpfn/data/cbis_ddsm/jpeg/1.3.6.1.4.1.9590.100.1.2.370047058411160509216337197304234192394 does not exist, skipping.
Image /home/sgoli125/workspace/research/MultiModalPFN/mmpfn/data/cbis_ddsm/jpeg/1.3.6.1.4.1.9590.100.1.2.370047058411160509216337197304234192394 does not exist, skipping.
Image /home/sgoli125/workspace/research/MultiModalPFN/mmpfn/data/cbis_ddsm/jpeg/1.3.6.1.4.1.9590.100.1.2.349416630510389001238937099742685821816 does not exist, skipping.
Image /home/sgoli125/workspace/research/MultiModalPFN/mmpfn/data/cbis_ddsm/jpeg/1.3.6.1.4.1.9590.100.1.2.363395995912273495907455594562595248339 does not exist, skipping.
Image /home/sgoli125/workspace/research/MultiModalPFN/mmpfn/data/cbis_ddsm/jpeg/1.3.6.1.4.1.9590.100.1.2.363395995912273495907455594562595248339 does not exist, skipping.
Image /home/sgoli125/workspace/research/MultiModalPFN/mmpfn/data/cbis_ddsm/jpeg/1.3.6.1.4.1.9590.100.1.2.74504296312163760305056065661669925702 does not exist, skipping.
Image /home/sgoli125/workspace/research/MultiModalPFN/mmpfn/data/cbis_ddsm/jpeg/1.3.6.1.4.1.9590.100.1.2.309578778713117238806452545511768662263 does not exist, skipping.
Image /home/sgoli125/workspace/research/MultiModalPFN/mmpfn/data/cbis_ddsm/jpeg/1.3.6.1.4.1.9590.100.1.2.309578778713117238806452545511768662263 does not exist, skipping.
Image /home/sgoli125/workspace/research/MultiModalPFN/mmpfn/data/cbis_ddsm/jpeg/1.3.6.1.4.1.9590.100.1.2.237080668813961677812731068531533210068 does not exist, skipping.
Image /home/sgoli125/workspace/research/MultiModalPFN/mmpfn/data/cbis_ddsm/jpeg/1.3.6.1.4.1.9590.100.1.2.319426199012584501032015548591161944183 does not exist, skipping.
Image /home/sgoli125/workspace/research/MultiModalPFN/mmpfn/data/cbis_ddsm/jpeg/1.3.6.1.4.1.9590.100.1.2.319426199012584501032015548591161944183 does not exist, skipping.
Image /home/sgoli125/workspace/research/MultiModalPFN/mmpfn/data/cbis_ddsm/jpeg/1.3.6.1.4.1.9590.100.1.2.392008025111320666713741270121973626961 does not exist, skipping.
Image /home/sgoli125/workspace/research/MultiModalPFN/mmpfn/data/cbis_ddsm/jpeg/1.3.6.1.4.1.9590.100.1.2.94296125711718307136651626732027641581 does not exist, skipping.
Image /home/sgoli125/workspace/research/MultiModalPFN/mmpfn/data/cbis_ddsm/jpeg/1.3.6.1.4.1.9590.100.1.2.94296125711718307136651626732027641581 does not exist, skipping.
Image /home/sgoli125/workspace/research/MultiModalPFN/mmpfn/data/cbis_ddsm/jpeg/1.3.6.1.4.1.9590.100.1.2.344262099412871449018520272690029800443 does not exist, skipping.
Image /home/sgoli125/workspace/research/MultiModalPFN/mmpfn/data/cbis_ddsm/jpeg/1.3.6.1.4.1.9590.100.1.2.282450645012411295632927225621190271161 does not exist, skipping.
Image /home/sgoli125/workspace/research/MultiModalPFN/mmpfn/data/cbis_ddsm/jpeg/1.3.6.1.4.1.9590.100.1.2.282450645012411295632927225621190271161 does not exist, skipping.
Image /home/sgoli125/workspace/research/MultiModalPFN/mmpfn/data/cbis_ddsm/jpeg/1.3.6.1.4.1.9590.100.1.2.238092478711823991532426154722901786367 does not exist, skipping.
Image /home/sgoli125/workspace/research/MultiModalPFN/mmpfn/data/cbis_ddsm/jpeg/1.3.6.1.4.1.9590.100.1.2.238092478711823991532426154722901786367 does not exist, skipping.
Image /home/sgoli125/workspace/research/MultiModalPFN/mmpfn/data/cbis_ddsm/jpeg/1.3.6.1.4.1.9590.100.1.2.317216124410630220004117216344047489299 does not exist, skipping.
Image /home/sgoli125/workspace/research/MultiModalPFN/mmpfn/data/cbis_ddsm/jpeg/1.3.6.1.4.1.9590.100.1.2.379707289610326757632542844341667442069 does not exist, skipping.
Image /home/sgoli125/workspace/research/MultiModalPFN/mmpfn/data/cbis_ddsm/jpeg/1.3.6.1.4.1.9590.100.1.2.379707289610326757632542844341667442069 does not exist, skipping.
Image /home/sgoli125/workspace/research/MultiModalPFN/mmpfn/data/cbis_ddsm/jpeg/1.3.6.1.4.1.9590.100.1.2.325293736011893421816901315930122472763 does not exist, skipping.
Image /home/sgoli125/workspace/research/MultiModalPFN/mmpfn/data/cbis_ddsm/jpeg/1.3.6.1.4.1.9590.100.1.2.77795177210720655324735986231176035759 does not exist, skipping.
Image /home/sgoli125/workspace/research/MultiModalPFN/mmpfn/data/cbis_ddsm/jpeg/1.3.6.1.4.1.9590.100.1.2.272184723711385047630954095450427972031 does not exist, skipping.
Image /home/sgoli125/workspace/research/MultiModalPFN/mmpfn/data/cbis_ddsm/jpeg/1.3.6.1.4.1.9590.100.1.2.373949293413399691210036819474124893691 does not exist, skipping.
Image /home/sgoli125/workspace/research/MultiModalPFN/mmpfn/data/cbis_ddsm/jpeg/1.3.6.1.4.1.9590.100.1.2.34719084810338030929028689201743802900 does not exist, skipping.
Image /home/sgoli125/workspace/research/MultiModalPFN/mmpfn/data/cbis_ddsm/jpeg/1.3.6.1.4.1.9590.100.1.2.210576431910621599930996225412975583367 does not exist, skipping.
Image /home/sgoli125/workspace/research/MultiModalPFN/mmpfn/data/cbis_ddsm/jpeg/1.3.6.1.4.1.9590.100.1.2.210576431910621599930996225412975583367 does not exist, skipping.
Image /home/sgoli125/workspace/research/MultiModalPFN/mmpfn/data/cbis_ddsm/jpeg/1.3.6.1.4.1.9590.100.1.2.422849860111676111028201908821884934975 does not exist, skipping.
Image /home/sgoli125/workspace/research/MultiModalPFN/mmpfn/data/cbis_ddsm/jpeg/1.3.6.1.4.1.9590.100.1.2.87747304813106768832465470981961783228 does not exist, skipping.
Image /home/sgoli125/workspace/research/MultiModalPFN/mmpfn/data/cbis_ddsm/jpeg/1.3.6.1.4.1.9590.100.1.2.87747304813106768832465470981961783228 does not exist, skipping.
Image /home/sgoli125/workspace/research/MultiModalPFN/mmpfn/data/cbis_ddsm/jpeg/1.3.6.1.4.1.9590.100.1.2.306024108010728918506901922744233626490 does not exist, skipping.
Image /home/sgoli125/workspace/research/MultiModalPFN/mmpfn/data/cbis_ddsm/jpeg/1.3.6.1.4.1.9590.100.1.2.271196701611666628735372012851189292665 does not exist, skipping.
Image /home/sgoli125/workspace/research/MultiModalPFN/mmpfn/data/cbis_ddsm/jpeg/1.3.6.1.4.1.9590.100.1.2.271196701611666628735372012851189292665 does not exist, skipping.
Image /home/sgoli125/workspace/research/MultiModalPFN/mmpfn/data/cbis_ddsm/jpeg/1.3.6.1.4.1.9590.100.1.2.216221514411130349135227372933512912158 does not exist, skipping.
Image /home/sgoli125/workspace/research/MultiModalPFN/mmpfn/data/cbis_ddsm/jpeg/1.3.6.1.4.1.9590.100.1.2.256403565813600307536474945580729509681 does not exist, skipping.
Image /home/sgoli125/workspace/research/MultiModalPFN/mmpfn/data/cbis_ddsm/jpeg/1.3.6.1.4.1.9590.100.1.2.256403565813600307536474945580729509681 does not exist, skipping.
Image /home/sgoli125/workspace/research/MultiModalPFN/mmpfn/data/cbis_ddsm/jpeg/1.3.6.1.4.1.9590.100.1.2.49644675112519947439011196481198359947 does not exist, skipping.
Image /home/sgoli125/workspace/research/MultiModalPFN/mmpfn/data/cbis_ddsm/jpeg/1.3.6.1.4.1.9590.100.1.2.49644675112519947439011196481198359947 does not exist, skipping.
Image /home/sgoli125/workspace/research/MultiModalPFN/mmpfn/data/cbis_ddsm/jpeg/1.3.6.1.4.1.9590.100.1.2.81471011312650121631650241400160900958 does not exist, skipping.
Image /home/sgoli125/workspace/research/MultiModalPFN/mmpfn/data/cbis_ddsm/jpeg/1.3.6.1.4.1.9590.100.1.2.399661616412709482210273174221545231646 does not exist, skipping.
Image /home/sgoli125/workspace/research/MultiModalPFN/mmpfn/data/cbis_ddsm/jpeg/1.3.6.1.4.1.9590.100.1.2.399661616412709482210273174221545231646 does not exist, skipping.
Image /home/sgoli125/workspace/research/MultiModalPFN/mmpfn/data/cbis_ddsm/jpeg/1.3.6.1.4.1.9590.100.1.2.96513597513029391720964120841854212659 does not exist, skipping.
Image /home/sgoli125/workspace/research/MultiModalPFN/mmpfn/data/cbis_ddsm/jpeg/1.3.6.1.4.1.9590.100.1.2.71663211411635502418862581101374137867 does not exist, skipping.
Image /home/sgoli125/workspace/research/MultiModalPFN/mmpfn/data/cbis_ddsm/jpeg/1.3.6.1.4.1.9590.100.1.2.71663211411635502418862581101374137867 does not exist, skipping.
Image /home/sgoli125/workspace/research/MultiModalPFN/mmpfn/data/cbis_ddsm/jpeg/1.3.6.1.4.1.9590.100.1.2.399153417611060546131475739452590070447 does not exist, skipping.
Image /home/sgoli125/workspace/research/MultiModalPFN/mmpfn/data/cbis_ddsm/jpeg/1.3.6.1.4.1.9590.100.1.2.20425561612565630827094503750346517741 does not exist, skipping.
Image /home/sgoli125/workspace/research/MultiModalPFN/mmpfn/data/cbis_ddsm/jpeg/1.3.6.1.4.1.9590.100.1.2.20425561612565630827094503750346517741 does not exist, skipping.
Image /home/sgoli125/workspace/research/MultiModalPFN/mmpfn/data/cbis_ddsm/jpeg/1.3.6.1.4.1.9590.100.1.2.279036464210524758620840078703971245005 does not exist, skipping.
Image /home/sgoli125/workspace/research/MultiModalPFN/mmpfn/data/cbis_ddsm/jpeg/1.3.6.1.4.1.9590.100.1.2.238216059611621256525631758193558342949 does not exist, skipping.
Image /home/sgoli125/workspace/research/MultiModalPFN/mmpfn/data/cbis_ddsm/jpeg/1.3.6.1.4.1.9590.100.1.2.238216059611621256525631758193558342949 does not exist, skipping.
Image /home/sgoli125/workspace/research/MultiModalPFN/mmpfn/data/cbis_ddsm/jpeg/1.3.6.1.4.1.9590.100.1.2.293096625911071436602452456242279917890 does not exist, skipping.
Image /home/sgoli125/workspace/research/MultiModalPFN/mmpfn/data/cbis_ddsm/jpeg/1.3.6.1.4.1.9590.100.1.2.293096625911071436602452456242279917890 does not exist, skipping.
Image /home/sgoli125/workspace/research/MultiModalPFN/mmpfn/data/cbis_ddsm/jpeg/1.3.6.1.4.1.9590.100.1.2.83882081811707961806397341681542038535 does not exist, skipping.
Image /home/sgoli125/workspace/research/MultiModalPFN/mmpfn/data/cbis_ddsm/jpeg/1.3.6.1.4.1.9590.100.1.2.198269270912076369503183553521022428056 does not exist, skipping.
Image /home/sgoli125/workspace/research/MultiModalPFN/mmpfn/data/cbis_ddsm/jpeg/1.3.6.1.4.1.9590.100.1.2.198269270912076369503183553521022428056 does not exist, skipping.
Image /home/sgoli125/workspace/research/MultiModalPFN/mmpfn/data/cbis_ddsm/jpeg/1.3.6.1.4.1.9590.100.1.2.317382923213614689928747109691347347957 does not exist, skipping.
Image /home/sgoli125/workspace/research/MultiModalPFN/mmpfn/data/cbis_ddsm/jpeg/1.3.6.1.4.1.9590.100.1.2.230042971411568677000086396172682339366 does not exist, skipping.
Image /home/sgoli125/workspace/research/MultiModalPFN/mmpfn/data/cbis_ddsm/jpeg/1.3.6.1.4.1.9590.100.1.2.230042971411568677000086396172682339366 does not exist, skipping.
Image /home/sgoli125/workspace/research/MultiModalPFN/mmpfn/data/cbis_ddsm/jpeg/1.3.6.1.4.1.9590.100.1.2.282465505413067883739353092010390100823 does not exist, skipping.
Image /home/sgoli125/workspace/research/MultiModalPFN/mmpfn/data/cbis_ddsm/jpeg/1.3.6.1.4.1.9590.100.1.2.232015616011940511429471107840008891072 does not exist, skipping.
Image /home/sgoli125/workspace/research/MultiModalPFN/mmpfn/data/cbis_ddsm/jpeg/1.3.6.1.4.1.9590.100.1.2.232015616011940511429471107840008891072 does not exist, skipping.
Image /home/sgoli125/workspace/research/MultiModalPFN/mmpfn/data/cbis_ddsm/jpeg/1.3.6.1.4.1.9590.100.1.2.79352214011910536602988061690782315986 does not exist, skipping.
Image /home/sgoli125/workspace/research/MultiModalPFN/mmpfn/data/cbis_ddsm/jpeg/1.3.6.1.4.1.9590.100.1.2.215253971912844918033688173401235614041 does not exist, skipping.
Image /home/sgoli125/workspace/research/MultiModalPFN/mmpfn/data/cbis_ddsm/jpeg/1.3.6.1.4.1.9590.100.1.2.215253971912844918033688173401235614041 does not exist, skipping.
Image /home/sgoli125/workspace/research/MultiModalPFN/mmpfn/data/cbis_ddsm/jpeg/1.3.6.1.4.1.9590.100.1.2.299745035111229031813860197373015983117 does not exist, skipping.
Image /home/sgoli125/workspace/research/MultiModalPFN/mmpfn/data/cbis_ddsm/jpeg/1.3.6.1.4.1.9590.100.1.2.406410622413261560639578989102228499443 does not exist, skipping.
Image /home/sgoli125/workspace/research/MultiModalPFN/mmpfn/data/cbis_ddsm/jpeg/1.3.6.1.4.1.9590.100.1.2.406410622413261560639578989102228499443 does not exist, skipping.
Image /home/sgoli125/workspace/research/MultiModalPFN/mmpfn/data/cbis_ddsm/jpeg/1.3.6.1.4.1.9590.100.1.2.220831191011856250400073982792248475888 does not exist, skipping.
Image /home/sgoli125/workspace/research/MultiModalPFN/mmpfn/data/cbis_ddsm/jpeg/1.3.6.1.4.1.9590.100.1.2.220831191011856250400073982792248475888 does not exist, skipping.
Image /home/sgoli125/workspace/research/MultiModalPFN/mmpfn/data/cbis_ddsm/jpeg/1.3.6.1.4.1.9590.100.1.2.205541446211035821906475782702643280438 does not exist, skipping.
Image /home/sgoli125/workspace/research/MultiModalPFN/mmpfn/data/cbis_ddsm/jpeg/1.3.6.1.4.1.9590.100.1.2.205541446211035821906475782702643280438 does not exist, skipping.
Image /home/sgoli125/workspace/research/MultiModalPFN/mmpfn/data/cbis_ddsm/jpeg/1.3.6.1.4.1.9590.100.1.2.274702782811231050122037728161127946983 does not exist, skipping.
Image /home/sgoli125/workspace/research/MultiModalPFN/mmpfn/data/cbis_ddsm/jpeg/1.3.6.1.4.1.9590.100.1.2.274702782811231050122037728161127946983 does not exist, skipping.
Image /home/sgoli125/workspace/research/MultiModalPFN/mmpfn/data/cbis_ddsm/jpeg/1.3.6.1.4.1.9590.100.1.2.361080532611041680227688608041486125163 does not exist, skipping.
Image /home/sgoli125/workspace/research/MultiModalPFN/mmpfn/data/cbis_ddsm/jpeg/1.3.6.1.4.1.9590.100.1.2.336808310512179890426351290163257227345 does not exist, skipping.
Image /home/sgoli125/workspace/research/MultiModalPFN/mmpfn/data/cbis_ddsm/jpeg/1.3.6.1.4.1.9590.100.1.2.336808310512179890426351290163257227345 does not exist, skipping.
Image /home/sgoli125/workspace/research/MultiModalPFN/mmpfn/data/cbis_ddsm/jpeg/1.3.6.1.4.1.9590.100.1.2.317683329413111068336146607743308707151 does not exist, skipping.
Image /home/sgoli125/workspace/research/MultiModalPFN/mmpfn/data/cbis_ddsm/jpeg/1.3.6.1.4.1.9590.100.1.2.77701178612385361115971076201770600132 does not exist, skipping.
Image /home/sgoli125/workspace/research/MultiModalPFN/mmpfn/data/cbis_ddsm/jpeg/1.3.6.1.4.1.9590.100.1.2.77701178612385361115971076201770600132 does not exist, skipping.
Image /home/sgoli125/workspace/research/MultiModalPFN/mmpfn/data/cbis_ddsm/jpeg/1.3.6.1.4.1.9590.100.1.2.280715336413264839123954197972783877415 does not exist, skipping.
Image /home/sgoli125/workspace/research/MultiModalPFN/mmpfn/data/cbis_ddsm/jpeg/1.3.6.1.4.1.9590.100.1.2.418404337911276861429584501050052112344 does not exist, skipping.
Image /home/sgoli125/workspace/research/MultiModalPFN/mmpfn/data/cbis_ddsm/jpeg/1.3.6.1.4.1.9590.100.1.2.418404337911276861429584501050052112344 does not exist, skipping.
Image /home/sgoli125/workspace/research/MultiModalPFN/mmpfn/data/cbis_ddsm/jpeg/1.3.6.1.4.1.9590.100.1.2.304568701412374073029222916421322882504 does not exist, skipping.
Image /home/sgoli125/workspace/research/MultiModalPFN/mmpfn/data/cbis_ddsm/jpeg/1.3.6.1.4.1.9590.100.1.2.360339937711853457637083324233810696192 does not exist, skipping.
Image /home/sgoli125/workspace/research/MultiModalPFN/mmpfn/data/cbis_ddsm/jpeg/1.3.6.1.4.1.9590.100.1.2.214717197311929484017527202982043234585 does not exist, skipping.
Image /home/sgoli125/workspace/research/MultiModalPFN/mmpfn/data/cbis_ddsm/jpeg/1.3.6.1.4.1.9590.100.1.2.214717197311929484017527202982043234585 does not exist, skipping.
Image /home/sgoli125/workspace/research/MultiModalPFN/mmpfn/data/cbis_ddsm/jpeg/1.3.6.1.4.1.9590.100.1.2.365545388913113620222934826503707312382 does not exist, skipping.
Image /home/sgoli125/workspace/research/MultiModalPFN/mmpfn/data/cbis_ddsm/jpeg/1.3.6.1.4.1.9590.100.1.2.325269065813060982105594538431355675682 does not exist, skipping.
Image /home/sgoli125/workspace/research/MultiModalPFN/mmpfn/data/cbis_ddsm/jpeg/1.3.6.1.4.1.9590.100.1.2.325269065813060982105594538431355675682 does not exist, skipping.
Image /home/sgoli125/workspace/research/MultiModalPFN/mmpfn/data/cbis_ddsm/jpeg/1.3.6.1.4.1.9590.100.1.2.225497890412984571941445661550697944888 does not exist, skipping.
Image /home/sgoli125/workspace/research/MultiModalPFN/mmpfn/data/cbis_ddsm/jpeg/1.3.6.1.4.1.9590.100.1.2.305394303611452161700668770890569784420 does not exist, skipping.
Image /home/sgoli125/workspace/research/MultiModalPFN/mmpfn/data/cbis_ddsm/jpeg/1.3.6.1.4.1.9590.100.1.2.305394303611452161700668770890569784420 does not exist, skipping.
Image /home/sgoli125/workspace/research/MultiModalPFN/mmpfn/data/cbis_ddsm/jpeg/1.3.6.1.4.1.9590.100.1.2.288750095111620690127940276520877836108 does not exist, skipping.
Image /home/sgoli125/workspace/research/MultiModalPFN/mmpfn/data/cbis_ddsm/jpeg/1.3.6.1.4.1.9590.100.1.2.288750095111620690127940276520877836108 does not exist, skipping.
Image /home/sgoli125/workspace/research/MultiModalPFN/mmpfn/data/cbis_ddsm/jpeg/1.3.6.1.4.1.9590.100.1.2.96055546212612146511521525081909597765 does not exist, skipping.
Image /home/sgoli125/workspace/research/MultiModalPFN/mmpfn/data/cbis_ddsm/jpeg/1.3.6.1.4.1.9590.100.1.2.80886674312817201836626612943776301160 does not exist, skipping.
Image /home/sgoli125/workspace/research/MultiModalPFN/mmpfn/data/cbis_ddsm/jpeg/1.3.6.1.4.1.9590.100.1.2.80886674312817201836626612943776301160 does not exist, skipping.
Image /home/sgoli125/workspace/research/MultiModalPFN/mmpfn/data/cbis_ddsm/jpeg/1.3.6.1.4.1.9590.100.1.2.4140531212071306626669661820377250615 does not exist, skipping.
Image /home/sgoli125/workspace/research/MultiModalPFN/mmpfn/data/cbis_ddsm/jpeg/1.3.6.1.4.1.9590.100.1.2.293186695712418317826410436081321367919 does not exist, skipping.
Image /home/sgoli125/workspace/research/MultiModalPFN/mmpfn/data/cbis_ddsm/jpeg/1.3.6.1.4.1.9590.100.1.2.293186695712418317826410436081321367919 does not exist, skipping.
Image /home/sgoli125/workspace/research/MultiModalPFN/mmpfn/data/cbis_ddsm/jpeg/1.3.6.1.4.1.9590.100.1.2.63717644713809986732781249430042425901 does not exist, skipping.
Image /home/sgoli125/workspace/research/MultiModalPFN/mmpfn/data/cbis_ddsm/jpeg/1.3.6.1.4.1.9590.100.1.2.63717644713809986732781249430042425901 does not exist, skipping.
Image /home/sgoli125/workspace/research/MultiModalPFN/mmpfn/data/cbis_ddsm/jpeg/1.3.6.1.4.1.9590.100.1.2.65600667311336576717304559970374263647 does not exist, skipping.
Image /home/sgoli125/workspace/research/MultiModalPFN/mmpfn/data/cbis_ddsm/jpeg/1.3.6.1.4.1.9590.100.1.2.381139915010396857911239962933475689266 does not exist, skipping.
Image /home/sgoli125/workspace/research/MultiModalPFN/mmpfn/data/cbis_ddsm/jpeg/1.3.6.1.4.1.9590.100.1.2.381139915010396857911239962933475689266 does not exist, skipping.
Image /home/sgoli125/workspace/research/MultiModalPFN/mmpfn/data/cbis_ddsm/jpeg/1.3.6.1.4.1.9590.100.1.2.366557165612782681202292343440774546974 does not exist, skipping.
Image /home/sgoli125/workspace/research/MultiModalPFN/mmpfn/data/cbis_ddsm/jpeg/1.3.6.1.4.1.9590.100.1.2.322635074812434597915459176203713798271 does not exist, skipping.
Image /home/sgoli125/workspace/research/MultiModalPFN/mmpfn/data/cbis_ddsm/jpeg/1.3.6.1.4.1.9590.100.1.2.322635074812434597915459176203713798271 does not exist, skipping.
Image /home/sgoli125/workspace/research/MultiModalPFN/mmpfn/data/cbis_ddsm/jpeg/1.3.6.1.4.1.9590.100.1.2.267140124212547754319082735671199457584 does not exist, skipping.
Image /home/sgoli125/workspace/research/MultiModalPFN/mmpfn/data/cbis_ddsm/jpeg/1.3.6.1.4.1.9590.100.1.2.263394041912778504734980094980701386114 does not exist, skipping.
Image /home/sgoli125/workspace/research/MultiModalPFN/mmpfn/data/cbis_ddsm/jpeg/1.3.6.1.4.1.9590.100.1.2.263394041912778504734980094980701386114 does not exist, skipping.
Image /home/sgoli125/workspace/research/MultiModalPFN/mmpfn/data/cbis_ddsm/jpeg/1.3.6.1.4.1.9590.100.1.2.224596063111590108517713919203417309235 does not exist, skipping.
Image /home/sgoli125/workspace/research/MultiModalPFN/mmpfn/data/cbis_ddsm/jpeg/1.3.6.1.4.1.9590.100.1.2.224596063111590108517713919203417309235 does not exist, skipping.
Image /home/sgoli125/workspace/research/MultiModalPFN/mmpfn/data/cbis_ddsm/jpeg/1.3.6.1.4.1.9590.100.1.2.65603312513435703008593993544017526418 does not exist, skipping.
Image /home/sgoli125/workspace/research/MultiModalPFN/mmpfn/data/cbis_ddsm/jpeg/1.3.6.1.4.1.9590.100.1.2.258503939211307921301965554251595328151 does not exist, skipping.
Image /home/sgoli125/workspace/research/MultiModalPFN/mmpfn/data/cbis_ddsm/jpeg/1.3.6.1.4.1.9590.100.1.2.760042110779670710874482441020251796 does not exist, skipping.
Image /home/sgoli125/workspace/research/MultiModalPFN/mmpfn/data/cbis_ddsm/jpeg/1.3.6.1.4.1.9590.100.1.2.760042110779670710874482441020251796 does not exist, skipping.
Image /home/sgoli125/workspace/research/MultiModalPFN/mmpfn/data/cbis_ddsm/jpeg/1.3.6.1.4.1.9590.100.1.2.212566885810817325830568575112613373106 does not exist, skipping.
Image /home/sgoli125/workspace/research/MultiModalPFN/mmpfn/data/cbis_ddsm/jpeg/1.3.6.1.4.1.9590.100.1.2.272526908312292998809742829391733036091 does not exist, skipping.
Image /home/sgoli125/workspace/research/MultiModalPFN/mmpfn/data/cbis_ddsm/jpeg/1.3.6.1.4.1.9590.100.1.2.272526908312292998809742829391733036091 does not exist, skipping.
Image /home/sgoli125/workspace/research/MultiModalPFN/mmpfn/data/cbis_ddsm/jpeg/1.3.6.1.4.1.9590.100.1.2.264906955811106358522569461023509978726 does not exist, skipping.
Image /home/sgoli125/workspace/research/MultiModalPFN/mmpfn/data/cbis_ddsm/jpeg/1.3.6.1.4.1.9590.100.1.2.334528798112183442610944157953324835730 does not exist, skipping.
Image /home/sgoli125/workspace/research/MultiModalPFN/mmpfn/data/cbis_ddsm/jpeg/1.3.6.1.4.1.9590.100.1.2.334528798112183442610944157953324835730 does not exist, skipping.
Image /home/sgoli125/workspace/research/MultiModalPFN/mmpfn/data/cbis_ddsm/jpeg/1.3.6.1.4.1.9590.100.1.2.402215839512821920219668314973367807678 does not exist, skipping.
Image /home/sgoli125/workspace/research/MultiModalPFN/mmpfn/data/cbis_ddsm/jpeg/1.3.6.1.4.1.9590.100.1.2.402215839512821920219668314973367807678 does not exist, skipping.
Image /home/sgoli125/workspace/research/MultiModalPFN/mmpfn/data/cbis_ddsm/jpeg/1.3.6.1.4.1.9590.100.1.2.20451842012947487407679988681863733854 does not exist, skipping.
Image /home/sgoli125/workspace/research/MultiModalPFN/mmpfn/data/cbis_ddsm/jpeg/1.3.6.1.4.1.9590.100.1.2.263962073213889344204212412241773647126 does not exist, skipping.
Image /home/sgoli125/workspace/research/MultiModalPFN/mmpfn/data/cbis_ddsm/jpeg/1.3.6.1.4.1.9590.100.1.2.263962073213889344204212412241773647126 does not exist, skipping.
Image /home/sgoli125/workspace/research/MultiModalPFN/mmpfn/data/cbis_ddsm/jpeg/1.3.6.1.4.1.9590.100.1.2.249341090513371521918814112271071302823 does not exist, skipping.
Image /home/sgoli125/workspace/research/MultiModalPFN/mmpfn/data/cbis_ddsm/jpeg/1.3.6.1.4.1.9590.100.1.2.8765695412897876727426080090200147170 does not exist, skipping.
Image /home/sgoli125/workspace/research/MultiModalPFN/mmpfn/data/cbis_ddsm/jpeg/1.3.6.1.4.1.9590.100.1.2.8765695412897876727426080090200147170 does not exist, skipping.
Image /home/sgoli125/workspace/research/MultiModalPFN/mmpfn/data/cbis_ddsm/jpeg/1.3.6.1.4.1.9590.100.1.2.57356823611525636036904521060745035167 does not exist, skipping.
Image /home/sgoli125/workspace/research/MultiModalPFN/mmpfn/data/cbis_ddsm/jpeg/1.3.6.1.4.1.9590.100.1.2.242030448212482239912700364092701339463 does not exist, skipping.
Image /home/sgoli125/workspace/research/MultiModalPFN/mmpfn/data/cbis_ddsm/jpeg/1.3.6.1.4.1.9590.100.1.2.242030448212482239912700364092701339463 does not exist, skipping.
Image /home/sgoli125/workspace/research/MultiModalPFN/mmpfn/data/cbis_ddsm/jpeg/1.3.6.1.4.1.9590.100.1.2.48473032313233605538418748780882019557 does not exist, skipping.
Image /home/sgoli125/workspace/research/MultiModalPFN/mmpfn/data/cbis_ddsm/jpeg/1.3.6.1.4.1.9590.100.1.2.357301018711284777003046565202970682599 does not exist, skipping.
Image /home/sgoli125/workspace/research/MultiModalPFN/mmpfn/data/cbis_ddsm/jpeg/1.3.6.1.4.1.9590.100.1.2.357301018711284777003046565202970682599 does not exist, skipping.
Image /home/sgoli125/workspace/research/MultiModalPFN/mmpfn/data/cbis_ddsm/jpeg/1.3.6.1.4.1.9590.100.1.2.271770296112689949720751010963599745032 does not exist, skipping.
Image /home/sgoli125/workspace/research/MultiModalPFN/mmpfn/data/cbis_ddsm/jpeg/1.3.6.1.4.1.9590.100.1.2.296688914412318095942614557852519960917 does not exist, skipping.
Image /home/sgoli125/workspace/research/MultiModalPFN/mmpfn/data/cbis_ddsm/jpeg/1.3.6.1.4.1.9590.100.1.2.296688914412318095942614557852519960917 does not exist, skipping.
Image /home/sgoli125/workspace/research/MultiModalPFN/mmpfn/data/cbis_ddsm/jpeg/1.3.6.1.4.1.9590.100.1.2.303187804912710561742283155760426369730 does not exist, skipping.
Image /home/sgoli125/workspace/research/MultiModalPFN/mmpfn/data/cbis_ddsm/jpeg/1.3.6.1.4.1.9590.100.1.2.73692977010116789140672214141142360185 does not exist, skipping.
Image /home/sgoli125/workspace/research/MultiModalPFN/mmpfn/data/cbis_ddsm/jpeg/1.3.6.1.4.1.9590.100.1.2.73692977010116789140672214141142360185 does not exist, skipping.
Image /home/sgoli125/workspace/research/MultiModalPFN/mmpfn/data/cbis_ddsm/jpeg/1.3.6.1.4.1.9590.100.1.2.63254124010382412106140886080421874346 does not exist, skipping.
Image /home/sgoli125/workspace/research/MultiModalPFN/mmpfn/data/cbis_ddsm/jpeg/1.3.6.1.4.1.9590.100.1.2.201527583611463430741068294442740798624 does not exist, skipping.
Image /home/sgoli125/workspace/research/MultiModalPFN/mmpfn/data/cbis_ddsm/jpeg/1.3.6.1.4.1.9590.100.1.2.48204200510419510939592316502673035643 does not exist, skipping.
Image /home/sgoli125/workspace/research/MultiModalPFN/mmpfn/data/cbis_ddsm/jpeg/1.3.6.1.4.1.9590.100.1.2.48204200510419510939592316502673035643 does not exist, skipping.
Image /home/sgoli125/workspace/research/MultiModalPFN/mmpfn/data/cbis_ddsm/jpeg/1.3.6.1.4.1.9590.100.1.2.270534843010768821512804269102368391525 does not exist, skipping.
Image /home/sgoli125/workspace/research/MultiModalPFN/mmpfn/data/cbis_ddsm/jpeg/1.3.6.1.4.1.9590.100.1.2.51274773610140560532925725820714319150 does not exist, skipping.
Image /home/sgoli125/workspace/research/MultiModalPFN/mmpfn/data/cbis_ddsm/jpeg/1.3.6.1.4.1.9590.100.1.2.376151876612204717439672567664259859553 does not exist, skipping.
Image /home/sgoli125/workspace/research/MultiModalPFN/mmpfn/data/cbis_ddsm/jpeg/1.3.6.1.4.1.9590.100.1.2.376151876612204717439672567664259859553 does not exist, skipping.
Image /home/sgoli125/workspace/research/MultiModalPFN/mmpfn/data/cbis_ddsm/jpeg/1.3.6.1.4.1.9590.100.1.2.266411285312966427931464733992684501075 does not exist, skipping.
Image /home/sgoli125/workspace/research/MultiModalPFN/mmpfn/data/cbis_ddsm/jpeg/1.3.6.1.4.1.9590.100.1.2.23181015511650413417901638403939230860 does not exist, skipping.
Image /home/sgoli125/workspace/research/MultiModalPFN/mmpfn/data/cbis_ddsm/jpeg/1.3.6.1.4.1.9590.100.1.2.23181015511650413417901638403939230860 does not exist, skipping.
Image /home/sgoli125/workspace/research/MultiModalPFN/mmpfn/data/cbis_ddsm/jpeg/1.3.6.1.4.1.9590.100.1.2.52961829611670829303289191680479351305 does not exist, skipping.
Image /home/sgoli125/workspace/research/MultiModalPFN/mmpfn/data/cbis_ddsm/jpeg/1.3.6.1.4.1.9590.100.1.2.27148298711187888502320098633296300043 does not exist, skipping.
Image /home/sgoli125/workspace/research/MultiModalPFN/mmpfn/data/cbis_ddsm/jpeg/1.3.6.1.4.1.9590.100.1.2.27148298711187888502320098633296300043 does not exist, skipping.
Image /home/sgoli125/workspace/research/MultiModalPFN/mmpfn/data/cbis_ddsm/jpeg/1.3.6.1.4.1.9590.100.1.2.68570444110011189929790796053164855558 does not exist, skipping.
Image /home/sgoli125/workspace/research/MultiModalPFN/mmpfn/data/cbis_ddsm/jpeg/1.3.6.1.4.1.9590.100.1.2.334264328811472580216194328743547952403 does not exist, skipping.
Image /home/sgoli125/workspace/research/MultiModalPFN/mmpfn/data/cbis_ddsm/jpeg/1.3.6.1.4.1.9590.100.1.2.334264328811472580216194328743547952403 does not exist, skipping.
Image /home/sgoli125/workspace/research/MultiModalPFN/mmpfn/data/cbis_ddsm/jpeg/1.3.6.1.4.1.9590.100.1.2.385242189912588347312359400063863796094 does not exist, skipping.
Image /home/sgoli125/workspace/research/MultiModalPFN/mmpfn/data/cbis_ddsm/jpeg/1.3.6.1.4.1.9590.100.1.2.313505299312573284435154387532392130079 does not exist, skipping.
Image /home/sgoli125/workspace/research/MultiModalPFN/mmpfn/data/cbis_ddsm/jpeg/1.3.6.1.4.1.9590.100.1.2.313505299312573284435154387532392130079 does not exist, skipping.
Image /home/sgoli125/workspace/research/MultiModalPFN/mmpfn/data/cbis_ddsm/jpeg/1.3.6.1.4.1.9590.100.1.2.308758825912337947930849727183058208921 does not exist, skipping.
Image /home/sgoli125/workspace/research/MultiModalPFN/mmpfn/data/cbis_ddsm/jpeg/1.3.6.1.4.1.9590.100.1.2.53542233411818606701776508291995689378 does not exist, skipping.
Image /home/sgoli125/workspace/research/MultiModalPFN/mmpfn/data/cbis_ddsm/jpeg/1.3.6.1.4.1.9590.100.1.2.53542233411818606701776508291995689378 does not exist, skipping.
Image /home/sgoli125/workspace/research/MultiModalPFN/mmpfn/data/cbis_ddsm/jpeg/1.3.6.1.4.1.9590.100.1.2.268773746013947447819288936172589383858 does not exist, skipping.
Image /home/sgoli125/workspace/research/MultiModalPFN/mmpfn/data/cbis_ddsm/jpeg/1.3.6.1.4.1.9590.100.1.2.286898270210290389222743340814072130884 does not exist, skipping.
Image /home/sgoli125/workspace/research/MultiModalPFN/mmpfn/data/cbis_ddsm/jpeg/1.3.6.1.4.1.9590.100.1.2.286898270210290389222743340814072130884 does not exist, skipping.
Image /home/sgoli125/workspace/research/MultiModalPFN/mmpfn/data/cbis_ddsm/jpeg/1.3.6.1.4.1.9590.100.1.2.298182292911092851330265757910945773003 does not exist, skipping.
Image /home/sgoli125/workspace/research/MultiModalPFN/mmpfn/data/cbis_ddsm/jpeg/1.3.6.1.4.1.9590.100.1.2.316298261312019251424151835271692075228 does not exist, skipping.
Image /home/sgoli125/workspace/research/MultiModalPFN/mmpfn/data/cbis_ddsm/jpeg/1.3.6.1.4.1.9590.100.1.2.316298261312019251424151835271692075228 does not exist, skipping.
Image /home/sgoli125/workspace/research/MultiModalPFN/mmpfn/data/cbis_ddsm/jpeg/1.3.6.1.4.1.9590.100.1.2.351095773812262405525829356842200610924 does not exist, skipping.
Image /home/sgoli125/workspace/research/MultiModalPFN/mmpfn/data/cbis_ddsm/jpeg/1.3.6.1.4.1.9590.100.1.2.203447424311328163229206877990822111680 does not exist, skipping.
Image /home/sgoli125/workspace/research/MultiModalPFN/mmpfn/data/cbis_ddsm/jpeg/1.3.6.1.4.1.9590.100.1.2.203447424311328163229206877990822111680 does not exist, skipping.
Image /home/sgoli125/workspace/research/MultiModalPFN/mmpfn/data/cbis_ddsm/jpeg/1.3.6.1.4.1.9590.100.1.2.228321467711661695217126616462194081040 does not exist, skipping.
Image /home/sgoli125/workspace/research/MultiModalPFN/mmpfn/data/cbis_ddsm/jpeg/1.3.6.1.4.1.9590.100.1.2.71975575012836002940257179402872713362 does not exist, skipping.
Image /home/sgoli125/workspace/research/MultiModalPFN/mmpfn/data/cbis_ddsm/jpeg/1.3.6.1.4.1.9590.100.1.2.71975575012836002940257179402872713362 does not exist, skipping.
Image /home/sgoli125/workspace/research/MultiModalPFN/mmpfn/data/cbis_ddsm/jpeg/1.3.6.1.4.1.9590.100.1.2.367256477812693815717371345252508663163 does not exist, skipping.
Image /home/sgoli125/workspace/research/MultiModalPFN/mmpfn/data/cbis_ddsm/jpeg/1.3.6.1.4.1.9590.100.1.2.403050124711420404835698594840910402827 does not exist, skipping.
Image /home/sgoli125/workspace/research/MultiModalPFN/mmpfn/data/cbis_ddsm/jpeg/1.3.6.1.4.1.9590.100.1.2.51582710211596099039989380421672374419 does not exist, skipping.
Image /home/sgoli125/workspace/research/MultiModalPFN/mmpfn/data/cbis_ddsm/jpeg/1.3.6.1.4.1.9590.100.1.2.51582710211596099039989380421672374419 does not exist, skipping.
Image /home/sgoli125/workspace/research/MultiModalPFN/mmpfn/data/cbis_ddsm/jpeg/1.3.6.1.4.1.9590.100.1.2.361646451612645136338469362150071379257 does not exist, skipping.
Image /home/sgoli125/workspace/research/MultiModalPFN/mmpfn/data/cbis_ddsm/jpeg/1.3.6.1.4.1.9590.100.1.2.43570729611559421906689975482802889563 does not exist, skipping.
Image /home/sgoli125/workspace/research/MultiModalPFN/mmpfn/data/cbis_ddsm/jpeg/1.3.6.1.4.1.9590.100.1.2.43570729611559421906689975482802889563 does not exist, skipping.
Image /home/sgoli125/workspace/research/MultiModalPFN/mmpfn/data/cbis_ddsm/jpeg/1.3.6.1.4.1.9590.100.1.2.348428884611844260610119323273123841038 does not exist, skipping.
Image /home/sgoli125/workspace/research/MultiModalPFN/mmpfn/data/cbis_ddsm/jpeg/1.3.6.1.4.1.9590.100.1.2.348428884611844260610119323273123841038 does not exist, skipping.
Image /home/sgoli125/workspace/research/MultiModalPFN/mmpfn/data/cbis_ddsm/jpeg/1.3.6.1.4.1.9590.100.1.2.258538260613959366301046032761392246135 does not exist, skipping.
Image /home/sgoli125/workspace/research/MultiModalPFN/mmpfn/data/cbis_ddsm/jpeg/1.3.6.1.4.1.9590.100.1.2.349640436613918095506404847891161325836 does not exist, skipping.
Image /home/sgoli125/workspace/research/MultiModalPFN/mmpfn/data/cbis_ddsm/jpeg/1.3.6.1.4.1.9590.100.1.2.349640436613918095506404847891161325836 does not exist, skipping.
Image /home/sgoli125/workspace/research/MultiModalPFN/mmpfn/data/cbis_ddsm/jpeg/1.3.6.1.4.1.9590.100.1.2.242629471012127869529548965622673332057 does not exist, skipping.
Image /home/sgoli125/workspace/research/MultiModalPFN/mmpfn/data/cbis_ddsm/jpeg/1.3.6.1.4.1.9590.100.1.2.204033481911004862841422657551673864032 does not exist, skipping.
Image /home/sgoli125/workspace/research/MultiModalPFN/mmpfn/data/cbis_ddsm/jpeg/1.3.6.1.4.1.9590.100.1.2.67609098512679403432428254042416854686 does not exist, skipping.
Image /home/sgoli125/workspace/research/MultiModalPFN/mmpfn/data/cbis_ddsm/jpeg/1.3.6.1.4.1.9590.100.1.2.213373259211561590636126913501301096523 does not exist, skipping.
Image /home/sgoli125/workspace/research/MultiModalPFN/mmpfn/data/cbis_ddsm/jpeg/1.3.6.1.4.1.9590.100.1.2.338795836012549040207248221723714291947 does not exist, skipping.
Image /home/sgoli125/workspace/research/MultiModalPFN/mmpfn/data/cbis_ddsm/jpeg/1.3.6.1.4.1.9590.100.1.2.271119365811925830039649727131876647231 does not exist, skipping.
Image /home/sgoli125/workspace/research/MultiModalPFN/mmpfn/data/cbis_ddsm/jpeg/1.3.6.1.4.1.9590.100.1.2.417648191012923677524976239580596100929 does not exist, skipping.
Image /home/sgoli125/workspace/research/MultiModalPFN/mmpfn/data/cbis_ddsm/jpeg/1.3.6.1.4.1.9590.100.1.2.382574224611462782629539373151799262608 does not exist, skipping.
Image /home/sgoli125/workspace/research/MultiModalPFN/mmpfn/data/cbis_ddsm/jpeg/1.3.6.1.4.1.9590.100.1.2.323291677311591228208438770392577269840 does not exist, skipping.
Image /home/sgoli125/workspace/research/MultiModalPFN/mmpfn/data/cbis_ddsm/jpeg/1.3.6.1.4.1.9590.100.1.2.323291677311591228208438770392577269840 does not exist, skipping.
Image /home/sgoli125/workspace/research/MultiModalPFN/mmpfn/data/cbis_ddsm/jpeg/1.3.6.1.4.1.9590.100.1.2.324551556111223663025351205692776613584 does not exist, skipping.
Image /home/sgoli125/workspace/research/MultiModalPFN/mmpfn/data/cbis_ddsm/jpeg/1.3.6.1.4.1.9590.100.1.2.324551556111223663025351205692776613584 does not exist, skipping.
Image /home/sgoli125/workspace/research/MultiModalPFN/mmpfn/data/cbis_ddsm/jpeg/1.3.6.1.4.1.9590.100.1.2.211754276610265292729942197084289485442 does not exist, skipping.
Image /home/sgoli125/workspace/research/MultiModalPFN/mmpfn/data/cbis_ddsm/jpeg/1.3.6.1.4.1.9590.100.1.2.51457123011337046939870076193775211718 does not exist, skipping.
Image /home/sgoli125/workspace/research/MultiModalPFN/mmpfn/data/cbis_ddsm/jpeg/1.3.6.1.4.1.9590.100.1.2.51457123011337046939870076193775211718 does not exist, skipping.
Image /home/sgoli125/workspace/research/MultiModalPFN/mmpfn/data/cbis_ddsm/jpeg/1.3.6.1.4.1.9590.100.1.2.91499954013996703516414818583573199018 does not exist, skipping.
Image /home/sgoli125/workspace/research/MultiModalPFN/mmpfn/data/cbis_ddsm/jpeg/1.3.6.1.4.1.9590.100.1.2.54787993111115505516831243850587083916 does not exist, skipping.
Image /home/sgoli125/workspace/research/MultiModalPFN/mmpfn/data/cbis_ddsm/jpeg/1.3.6.1.4.1.9590.100.1.2.54787993111115505516831243850587083916 does not exist, skipping.
Image /home/sgoli125/workspace/research/MultiModalPFN/mmpfn/data/cbis_ddsm/jpeg/1.3.6.1.4.1.9590.100.1.2.71997710712252113428035035082879692119 does not exist, skipping.
Image /home/sgoli125/workspace/research/MultiModalPFN/mmpfn/data/cbis_ddsm/jpeg/1.3.6.1.4.1.9590.100.1.2.349712538411695464105034518232137454202 does not exist, skipping.
Image /home/sgoli125/workspace/research/MultiModalPFN/mmpfn/data/cbis_ddsm/jpeg/1.3.6.1.4.1.9590.100.1.2.349712538411695464105034518232137454202 does not exist, skipping.
Image /home/sgoli125/workspace/research/MultiModalPFN/mmpfn/data/cbis_ddsm/jpeg/1.3.6.1.4.1.9590.100.1.2.406501635410171818639933528422385577029 does not exist, skipping.
Image /home/sgoli125/workspace/research/MultiModalPFN/mmpfn/data/cbis_ddsm/jpeg/1.3.6.1.4.1.9590.100.1.2.86622033913828703533750660040467085652 does not exist, skipping.
Image /home/sgoli125/workspace/research/MultiModalPFN/mmpfn/data/cbis_ddsm/jpeg/1.3.6.1.4.1.9590.100.1.2.86622033913828703533750660040467085652 does not exist, skipping.
Image /home/sgoli125/workspace/research/MultiModalPFN/mmpfn/data/cbis_ddsm/jpeg/1.3.6.1.4.1.9590.100.1.2.298973629312152448729346533244186987306 does not exist, skipping.
Image /home/sgoli125/workspace/research/MultiModalPFN/mmpfn/data/cbis_ddsm/jpeg/1.3.6.1.4.1.9590.100.1.2.404821915312665201015449965031659535458 does not exist, skipping.
Image /home/sgoli125/workspace/research/MultiModalPFN/mmpfn/data/cbis_ddsm/jpeg/1.3.6.1.4.1.9590.100.1.2.404821915312665201015449965031659535458 does not exist, skipping.
Image /home/sgoli125/workspace/research/MultiModalPFN/mmpfn/data/cbis_ddsm/jpeg/1.3.6.1.4.1.9590.100.1.2.360559152513252260107127896703987027920 does not exist, skipping.
Image /home/sgoli125/workspace/research/MultiModalPFN/mmpfn/data/cbis_ddsm/jpeg/1.3.6.1.4.1.9590.100.1.2.375830253112899228738641160991069708034 does not exist, skipping.
Image /home/sgoli125/workspace/research/MultiModalPFN/mmpfn/data/cbis_ddsm/jpeg/1.3.6.1.4.1.9590.100.1.2.375830253112899228738641160991069708034 does not exist, skipping.
Image /home/sgoli125/workspace/research/MultiModalPFN/mmpfn/data/cbis_ddsm/jpeg/1.3.6.1.4.1.9590.100.1.2.91058729212200153403438754930629868603 does not exist, skipping.
Image /home/sgoli125/workspace/research/MultiModalPFN/mmpfn/data/cbis_ddsm/jpeg/1.3.6.1.4.1.9590.100.1.2.68212116710493161835358532393824099886 does not exist, skipping.
Image /home/sgoli125/workspace/research/MultiModalPFN/mmpfn/data/cbis_ddsm/jpeg/1.3.6.1.4.1.9590.100.1.2.68212116710493161835358532393824099886 does not exist, skipping.
Image /home/sgoli125/workspace/research/MultiModalPFN/mmpfn/data/cbis_ddsm/jpeg/1.3.6.1.4.1.9590.100.1.2.385754322612458255422314848630057330699 does not exist, skipping.
Image /home/sgoli125/workspace/research/MultiModalPFN/mmpfn/data/cbis_ddsm/jpeg/1.3.6.1.4.1.9590.100.1.2.197787917513045477714271796933024451802 does not exist, skipping.
Image /home/sgoli125/workspace/research/MultiModalPFN/mmpfn/data/cbis_ddsm/jpeg/1.3.6.1.4.1.9590.100.1.2.197787917513045477714271796933024451802 does not exist, skipping.
Image /home/sgoli125/workspace/research/MultiModalPFN/mmpfn/data/cbis_ddsm/jpeg/1.3.6.1.4.1.9590.100.1.2.354465341311462662536122889121674320216 does not exist, skipping.
Image /home/sgoli125/workspace/research/MultiModalPFN/mmpfn/data/cbis_ddsm/jpeg/1.3.6.1.4.1.9590.100.1.2.354465341311462662536122889121674320216 does not exist, skipping.
Image /home/sgoli125/workspace/research/MultiModalPFN/mmpfn/data/cbis_ddsm/jpeg/1.3.6.1.4.1.9590.100.1.2.332921884313361268429213728330957943425 does not exist, skipping.
Image /home/sgoli125/workspace/research/MultiModalPFN/mmpfn/data/cbis_ddsm/jpeg/1.3.6.1.4.1.9590.100.1.2.332921884313361268429213728330957943425 does not exist, skipping.
Image /home/sgoli125/workspace/research/MultiModalPFN/mmpfn/data/cbis_ddsm/jpeg/1.3.6.1.4.1.9590.100.1.2.28288434812371789322754195204092975239 does not exist, skipping.
Image /home/sgoli125/workspace/research/MultiModalPFN/mmpfn/data/cbis_ddsm/jpeg/1.3.6.1.4.1.9590.100.1.2.28288434812371789322754195204092975239 does not exist, skipping.
Image /home/sgoli125/workspace/research/MultiModalPFN/mmpfn/data/cbis_ddsm/jpeg/1.3.6.1.4.1.9590.100.1.2.268423938412010621940435047711718112693 does not exist, skipping.
Image /home/sgoli125/workspace/research/MultiModalPFN/mmpfn/data/cbis_ddsm/jpeg/1.3.6.1.4.1.9590.100.1.2.362620324812321450233913983280182210137 does not exist, skipping.
Image /home/sgoli125/workspace/research/MultiModalPFN/mmpfn/data/cbis_ddsm/jpeg/1.3.6.1.4.1.9590.100.1.2.250494629811387716326401222903538266699 does not exist, skipping.
Image /home/sgoli125/workspace/research/MultiModalPFN/mmpfn/data/cbis_ddsm/jpeg/1.3.6.1.4.1.9590.100.1.2.402514805513321652003565633564122805664 does not exist, skipping.
Image /home/sgoli125/workspace/research/MultiModalPFN/mmpfn/data/cbis_ddsm/jpeg/1.3.6.1.4.1.9590.100.1.2.402514805513321652003565633564122805664 does not exist, skipping.
Image /home/sgoli125/workspace/research/MultiModalPFN/mmpfn/data/cbis_ddsm/jpeg/1.3.6.1.4.1.9590.100.1.2.204433294712596606213536280693657707372 does not exist, skipping.
Image /home/sgoli125/workspace/research/MultiModalPFN/mmpfn/data/cbis_ddsm/jpeg/1.3.6.1.4.1.9590.100.1.2.280587160611933401703009084553597862056 does not exist, skipping.
Image /home/sgoli125/workspace/research/MultiModalPFN/mmpfn/data/cbis_ddsm/jpeg/1.3.6.1.4.1.9590.100.1.2.280587160611933401703009084553597862056 does not exist, skipping.
Image /home/sgoli125/workspace/research/MultiModalPFN/mmpfn/data/cbis_ddsm/jpeg/1.3.6.1.4.1.9590.100.1.2.61602306212554287925778904670142684861 does not exist, skipping.
Image /home/sgoli125/workspace/research/MultiModalPFN/mmpfn/data/cbis_ddsm/jpeg/1.3.6.1.4.1.9590.100.1.2.387376052612398043313028230883987785975 does not exist, skipping.
Image /home/sgoli125/workspace/research/MultiModalPFN/mmpfn/data/cbis_ddsm/jpeg/1.3.6.1.4.1.9590.100.1.2.91848545911005523541209798760943510196 does not exist, skipping.
Image /home/sgoli125/workspace/research/MultiModalPFN/mmpfn/data/cbis_ddsm/jpeg/1.3.6.1.4.1.9590.100.1.2.91848545911005523541209798760943510196 does not exist, skipping.
Image /home/sgoli125/workspace/research/MultiModalPFN/mmpfn/data/cbis_ddsm/jpeg/1.3.6.1.4.1.9590.100.1.2.49242335311260400338112751602458001814 does not exist, skipping.
Image /home/sgoli125/workspace/research/MultiModalPFN/mmpfn/data/cbis_ddsm/jpeg/1.3.6.1.4.1.9590.100.1.2.354447778710312542110033340782411712017 does not exist, skipping.
Image /home/sgoli125/workspace/research/MultiModalPFN/mmpfn/data/cbis_ddsm/jpeg/1.3.6.1.4.1.9590.100.1.2.354447778710312542110033340782411712017 does not exist, skipping.
Image /home/sgoli125/workspace/research/MultiModalPFN/mmpfn/data/cbis_ddsm/jpeg/1.3.6.1.4.1.9590.100.1.2.398219774612448517402302058261533052307 does not exist, skipping.
Image /home/sgoli125/workspace/research/MultiModalPFN/mmpfn/data/cbis_ddsm/jpeg/1.3.6.1.4.1.9590.100.1.2.219465915111092818230700566321147872133 does not exist, skipping.
Image /home/sgoli125/workspace/research/MultiModalPFN/mmpfn/data/cbis_ddsm/jpeg/1.3.6.1.4.1.9590.100.1.2.219465915111092818230700566321147872133 does not exist, skipping.
Image /home/sgoli125/workspace/research/MultiModalPFN/mmpfn/data/cbis_ddsm/jpeg/1.3.6.1.4.1.9590.100.1.2.231894579813593468217419823840305212127 does not exist, skipping.
Image /home/sgoli125/workspace/research/MultiModalPFN/mmpfn/data/cbis_ddsm/jpeg/1.3.6.1.4.1.9590.100.1.2.231894579813593468217419823840305212127 does not exist, skipping.
Image /home/sgoli125/workspace/research/MultiModalPFN/mmpfn/data/cbis_ddsm/jpeg/1.3.6.1.4.1.9590.100.1.2.412937317312184318725880587670963604709 does not exist, skipping.
Image /home/sgoli125/workspace/research/MultiModalPFN/mmpfn/data/cbis_ddsm/jpeg/1.3.6.1.4.1.9590.100.1.2.277081864811600393526786479392430357123 does not exist, skipping.
Image /home/sgoli125/workspace/research/MultiModalPFN/mmpfn/data/cbis_ddsm/jpeg/1.3.6.1.4.1.9590.100.1.2.277081864811600393526786479392430357123 does not exist, skipping.
Image /home/sgoli125/workspace/research/MultiModalPFN/mmpfn/data/cbis_ddsm/jpeg/1.3.6.1.4.1.9590.100.1.2.216202987611560920141595662430329374783 does not exist, skipping.
Image /home/sgoli125/workspace/research/MultiModalPFN/mmpfn/data/cbis_ddsm/jpeg/1.3.6.1.4.1.9590.100.1.2.85686461910787171020983218554121150052 does not exist, skipping.
Image /home/sgoli125/workspace/research/MultiModalPFN/mmpfn/data/cbis_ddsm/jpeg/1.3.6.1.4.1.9590.100.1.2.350758500711977203105438437652746485768 does not exist, skipping.
Image /home/sgoli125/workspace/research/MultiModalPFN/mmpfn/data/cbis_ddsm/jpeg/1.3.6.1.4.1.9590.100.1.2.419552524112122749501984836111617727698 does not exist, skipping.
Image /home/sgoli125/workspace/research/MultiModalPFN/mmpfn/data/cbis_ddsm/jpeg/1.3.6.1.4.1.9590.100.1.2.250580549713037595829242331282759055654 does not exist, skipping.
Image /home/sgoli125/workspace/research/MultiModalPFN/mmpfn/data/cbis_ddsm/jpeg/1.3.6.1.4.1.9590.100.1.2.84252652613949378218158585893387800265 does not exist, skipping.
Image /home/sgoli125/workspace/research/MultiModalPFN/mmpfn/data/cbis_ddsm/jpeg/1.3.6.1.4.1.9590.100.1.2.80498641111280800807291969642715338491 does not exist, skipping.
Image /home/sgoli125/workspace/research/MultiModalPFN/mmpfn/data/cbis_ddsm/jpeg/1.3.6.1.4.1.9590.100.1.2.385218070411979027119046972691512037926 does not exist, skipping.
Image /home/sgoli125/workspace/research/MultiModalPFN/mmpfn/data/cbis_ddsm/jpeg/1.3.6.1.4.1.9590.100.1.2.385218070411979027119046972691512037926 does not exist, skipping.
Image /home/sgoli125/workspace/research/MultiModalPFN/mmpfn/data/cbis_ddsm/jpeg/1.3.6.1.4.1.9590.100.1.2.403427335312961258003933894882074211899 does not exist, skipping.
Image /home/sgoli125/workspace/research/MultiModalPFN/mmpfn/data/cbis_ddsm/jpeg/1.3.6.1.4.1.9590.100.1.2.4403516411780420321859482963304518113 does not exist, skipping.
Image /home/sgoli125/workspace/research/MultiModalPFN/mmpfn/data/cbis_ddsm/jpeg/1.3.6.1.4.1.9590.100.1.2.4403516411780420321859482963304518113 does not exist, skipping.
Image /home/sgoli125/workspace/research/MultiModalPFN/mmpfn/data/cbis_ddsm/jpeg/1.3.6.1.4.1.9590.100.1.2.95066275112816836637397827910274893726 does not exist, skipping.
Image /home/sgoli125/workspace/research/MultiModalPFN/mmpfn/data/cbis_ddsm/jpeg/1.3.6.1.4.1.9590.100.1.2.35524814812243006241502811421668291918 does not exist, skipping.
Image /home/sgoli125/workspace/research/MultiModalPFN/mmpfn/data/cbis_ddsm/jpeg/1.3.6.1.4.1.9590.100.1.2.35524814812243006241502811421668291918 does not exist, skipping.
Image /home/sgoli125/workspace/research/MultiModalPFN/mmpfn/data/cbis_ddsm/jpeg/1.3.6.1.4.1.9590.100.1.2.95066275112816836637397827910274893726 does not exist, skipping.
Image /home/sgoli125/workspace/research/MultiModalPFN/mmpfn/data/cbis_ddsm/jpeg/1.3.6.1.4.1.9590.100.1.2.222305179412673797027769181562090130934 does not exist, skipping.
Image /home/sgoli125/workspace/research/MultiModalPFN/mmpfn/data/cbis_ddsm/jpeg/1.3.6.1.4.1.9590.100.1.2.222305179412673797027769181562090130934 does not exist, skipping.
Image /home/sgoli125/workspace/research/MultiModalPFN/mmpfn/data/cbis_ddsm/jpeg/1.3.6.1.4.1.9590.100.1.2.213455545211549072236204855191519693004 does not exist, skipping.
Image /home/sgoli125/workspace/research/MultiModalPFN/mmpfn/data/cbis_ddsm/jpeg/1.3.6.1.4.1.9590.100.1.2.213455545211549072236204855191519693004 does not exist, skipping.
Image /home/sgoli125/workspace/research/MultiModalPFN/mmpfn/data/cbis_ddsm/jpeg/1.3.6.1.4.1.9590.100.1.2.340899045412691612316983079840633999565 does not exist, skipping.
Image /home/sgoli125/workspace/research/MultiModalPFN/mmpfn/data/cbis_ddsm/jpeg/1.3.6.1.4.1.9590.100.1.2.64916104113931074233904155262460309011 does not exist, skipping.
Image /home/sgoli125/workspace/research/MultiModalPFN/mmpfn/data/cbis_ddsm/jpeg/1.3.6.1.4.1.9590.100.1.2.64916104113931074233904155262460309011 does not exist, skipping.
Image /home/sgoli125/workspace/research/MultiModalPFN/mmpfn/data/cbis_ddsm/jpeg/1.3.6.1.4.1.9590.100.1.2.241767253112981316208761762850200425270 does not exist, skipping.
Image /home/sgoli125/workspace/research/MultiModalPFN/mmpfn/data/cbis_ddsm/jpeg/1.3.6.1.4.1.9590.100.1.2.32422377312658223238640623520777538644 does not exist, skipping.
Image /home/sgoli125/workspace/research/MultiModalPFN/mmpfn/data/cbis_ddsm/jpeg/1.3.6.1.4.1.9590.100.1.2.32422377312658223238640623520777538644 does not exist, skipping.
Image /home/sgoli125/workspace/research/MultiModalPFN/mmpfn/data/cbis_ddsm/jpeg/1.3.6.1.4.1.9590.100.1.2.400549737411618952827950975203925268829 does not exist, skipping.
Image /home/sgoli125/workspace/research/MultiModalPFN/mmpfn/data/cbis_ddsm/jpeg/1.3.6.1.4.1.9590.100.1.2.400549737411618952827950975203925268829 does not exist, skipping.
Image /home/sgoli125/workspace/research/MultiModalPFN/mmpfn/data/cbis_ddsm/jpeg/1.3.6.1.4.1.9590.100.1.2.258560655311028193625111499672480670508 does not exist, skipping.
Image /home/sgoli125/workspace/research/MultiModalPFN/mmpfn/data/cbis_ddsm/jpeg/1.3.6.1.4.1.9590.100.1.2.368572901510660201220290707553722658610 does not exist, skipping.
Image /home/sgoli125/workspace/research/MultiModalPFN/mmpfn/data/cbis_ddsm/jpeg/1.3.6.1.4.1.9590.100.1.2.368572901510660201220290707553722658610 does not exist, skipping.
Image /home/sgoli125/workspace/research/MultiModalPFN/mmpfn/data/cbis_ddsm/jpeg/1.3.6.1.4.1.9590.100.1.2.79040702411772004907422243033911584465 does not exist, skipping.
Image /home/sgoli125/workspace/research/MultiModalPFN/mmpfn/data/cbis_ddsm/jpeg/1.3.6.1.4.1.9590.100.1.2.27482545913023369601220156280992196047 does not exist, skipping.
Image /home/sgoli125/workspace/research/MultiModalPFN/mmpfn/data/cbis_ddsm/jpeg/1.3.6.1.4.1.9590.100.1.2.27482545913023369601220156280992196047 does not exist, skipping.
Image /home/sgoli125/workspace/research/MultiModalPFN/mmpfn/data/cbis_ddsm/jpeg/1.3.6.1.4.1.9590.100.1.2.309442487611565870504132812100361660014 does not exist, skipping.
Image /home/sgoli125/workspace/research/MultiModalPFN/mmpfn/data/cbis_ddsm/jpeg/1.3.6.1.4.1.9590.100.1.2.426384962513649626623228112721155143248 does not exist, skipping.
Image /home/sgoli125/workspace/research/MultiModalPFN/mmpfn/data/cbis_ddsm/jpeg/1.3.6.1.4.1.9590.100.1.2.426384962513649626623228112721155143248 does not exist, skipping.
Image /home/sgoli125/workspace/research/MultiModalPFN/mmpfn/data/cbis_ddsm/jpeg/1.3.6.1.4.1.9590.100.1.2.306729082811125941800587634072424887532 does not exist, skipping.
Image /home/sgoli125/workspace/research/MultiModalPFN/mmpfn/data/cbis_ddsm/jpeg/1.3.6.1.4.1.9590.100.1.2.77212619711975684525779833721441146672 does not exist, skipping.
Image /home/sgoli125/workspace/research/MultiModalPFN/mmpfn/data/cbis_ddsm/jpeg/1.3.6.1.4.1.9590.100.1.2.77212619711975684525779833721441146672 does not exist, skipping.
Image /home/sgoli125/workspace/research/MultiModalPFN/mmpfn/data/cbis_ddsm/jpeg/1.3.6.1.4.1.9590.100.1.2.231418499611483562804956443353410908413 does not exist, skipping.
Image /home/sgoli125/workspace/research/MultiModalPFN/mmpfn/data/cbis_ddsm/jpeg/1.3.6.1.4.1.9590.100.1.2.218188934811485655338580082221028304992 does not exist, skipping.
Image /home/sgoli125/workspace/research/MultiModalPFN/mmpfn/data/cbis_ddsm/jpeg/1.3.6.1.4.1.9590.100.1.2.218188934811485655338580082221028304992 does not exist, skipping.
Image /home/sgoli125/workspace/research/MultiModalPFN/mmpfn/data/cbis_ddsm/jpeg/1.3.6.1.4.1.9590.100.1.2.231418499611483562804956443353410908413 does not exist, skipping.
Image /home/sgoli125/workspace/research/MultiModalPFN/mmpfn/data/cbis_ddsm/jpeg/1.3.6.1.4.1.9590.100.1.2.210650850013774158827926526882991110847 does not exist, skipping.
Image /home/sgoli125/workspace/research/MultiModalPFN/mmpfn/data/cbis_ddsm/jpeg/1.3.6.1.4.1.9590.100.1.2.210650850013774158827926526882991110847 does not exist, skipping.
Image /home/sgoli125/workspace/research/MultiModalPFN/mmpfn/data/cbis_ddsm/jpeg/1.3.6.1.4.1.9590.100.1.2.87340566612403392138506082870553990204 does not exist, skipping.
Image /home/sgoli125/workspace/research/MultiModalPFN/mmpfn/data/cbis_ddsm/jpeg/1.3.6.1.4.1.9590.100.1.2.26248858112631842442452410163585734010 does not exist, skipping.
Image /home/sgoli125/workspace/research/MultiModalPFN/mmpfn/data/cbis_ddsm/jpeg/1.3.6.1.4.1.9590.100.1.2.26248858112631842442452410163585734010 does not exist, skipping.
Image /home/sgoli125/workspace/research/MultiModalPFN/mmpfn/data/cbis_ddsm/jpeg/1.3.6.1.4.1.9590.100.1.2.87340566612403392138506082870553990204 does not exist, skipping.
Image /home/sgoli125/workspace/research/MultiModalPFN/mmpfn/data/cbis_ddsm/jpeg/1.3.6.1.4.1.9590.100.1.2.243590355812225908518981198220023832161 does not exist, skipping.
Image /home/sgoli125/workspace/research/MultiModalPFN/mmpfn/data/cbis_ddsm/jpeg/1.3.6.1.4.1.9590.100.1.2.243590355812225908518981198220023832161 does not exist, skipping.
Image /home/sgoli125/workspace/research/MultiModalPFN/mmpfn/data/cbis_ddsm/jpeg/1.3.6.1.4.1.9590.100.1.2.326151466811725669429426336100792405365 does not exist, skipping.
Image /home/sgoli125/workspace/research/MultiModalPFN/mmpfn/data/cbis_ddsm/jpeg/1.3.6.1.4.1.9590.100.1.2.82451256810567773234664593024013708203 does not exist, skipping.
Image /home/sgoli125/workspace/research/MultiModalPFN/mmpfn/data/cbis_ddsm/jpeg/1.3.6.1.4.1.9590.100.1.2.387748537811911734132826773900974906617 does not exist, skipping.
Image /home/sgoli125/workspace/research/MultiModalPFN/mmpfn/data/cbis_ddsm/jpeg/1.3.6.1.4.1.9590.100.1.2.387748537811911734132826773900974906617 does not exist, skipping.
Image /home/sgoli125/workspace/research/MultiModalPFN/mmpfn/data/cbis_ddsm/jpeg/1.3.6.1.4.1.9590.100.1.2.381671445610116503409972432783917608005 does not exist, skipping.
Image /home/sgoli125/workspace/research/MultiModalPFN/mmpfn/data/cbis_ddsm/jpeg/1.3.6.1.4.1.9590.100.1.2.4219980913223024700310099491766957446 does not exist, skipping.
Image /home/sgoli125/workspace/research/MultiModalPFN/mmpfn/data/cbis_ddsm/jpeg/1.3.6.1.4.1.9590.100.1.2.4219980913223024700310099491766957446 does not exist, skipping.
Image /home/sgoli125/workspace/research/MultiModalPFN/mmpfn/data/cbis_ddsm/jpeg/1.3.6.1.4.1.9590.100.1.2.286542792612531423524162779134074947913 does not exist, skipping.
Image /home/sgoli125/workspace/research/MultiModalPFN/mmpfn/data/cbis_ddsm/jpeg/1.3.6.1.4.1.9590.100.1.2.330637724011555374625802566971520118906 does not exist, skipping.
Image /home/sgoli125/workspace/research/MultiModalPFN/mmpfn/data/cbis_ddsm/jpeg/1.3.6.1.4.1.9590.100.1.2.330637724011555374625802566971520118906 does not exist, skipping.
Image /home/sgoli125/workspace/research/MultiModalPFN/mmpfn/data/cbis_ddsm/jpeg/1.3.6.1.4.1.9590.100.1.2.210585126811165985111231968121433141186 does not exist, skipping.
Image /home/sgoli125/workspace/research/MultiModalPFN/mmpfn/data/cbis_ddsm/jpeg/1.3.6.1.4.1.9590.100.1.2.282521126711251069830079806760247707160 does not exist, skipping.
Image /home/sgoli125/workspace/research/MultiModalPFN/mmpfn/data/cbis_ddsm/jpeg/1.3.6.1.4.1.9590.100.1.2.282521126711251069830079806760247707160 does not exist, skipping.
Image /home/sgoli125/workspace/research/MultiModalPFN/mmpfn/data/cbis_ddsm/jpeg/1.3.6.1.4.1.9590.100.1.2.246952079511624844122725654052379578089 does not exist, skipping.
Image /home/sgoli125/workspace/research/MultiModalPFN/mmpfn/data/cbis_ddsm/jpeg/1.3.6.1.4.1.9590.100.1.2.377738965011455422428942163520414404080 does not exist, skipping.
Image /home/sgoli125/workspace/research/MultiModalPFN/mmpfn/data/cbis_ddsm/jpeg/1.3.6.1.4.1.9590.100.1.2.377738965011455422428942163520414404080 does not exist, skipping.
Image /home/sgoli125/workspace/research/MultiModalPFN/mmpfn/data/cbis_ddsm/jpeg/1.3.6.1.4.1.9590.100.1.2.305351311011244422336760229722009789853 does not exist, skipping.
Image /home/sgoli125/workspace/research/MultiModalPFN/mmpfn/data/cbis_ddsm/jpeg/1.3.6.1.4.1.9590.100.1.2.282977447212059741734758964482951094442 does not exist, skipping.
Image /home/sgoli125/workspace/research/MultiModalPFN/mmpfn/data/cbis_ddsm/jpeg/1.3.6.1.4.1.9590.100.1.2.282977447212059741734758964482951094442 does not exist, skipping.
Image /home/sgoli125/workspace/research/MultiModalPFN/mmpfn/data/cbis_ddsm/jpeg/1.3.6.1.4.1.9590.100.1.2.302613016812762035318087825034232716010 does not exist, skipping.
Image /home/sgoli125/workspace/research/MultiModalPFN/mmpfn/data/cbis_ddsm/jpeg/1.3.6.1.4.1.9590.100.1.2.302613016812762035318087825034232716010 does not exist, skipping.
Image /home/sgoli125/workspace/research/MultiModalPFN/mmpfn/data/cbis_ddsm/jpeg/1.3.6.1.4.1.9590.100.1.2.398628524713287710904731104423091230967 does not exist, skipping.
Image /home/sgoli125/workspace/research/MultiModalPFN/mmpfn/data/cbis_ddsm/jpeg/1.3.6.1.4.1.9590.100.1.2.338060769013789951706784075921156566132 does not exist, skipping.
Image /home/sgoli125/workspace/research/MultiModalPFN/mmpfn/data/cbis_ddsm/jpeg/1.3.6.1.4.1.9590.100.1.2.338060769013789951706784075921156566132 does not exist, skipping.
Image /home/sgoli125/workspace/research/MultiModalPFN/mmpfn/data/cbis_ddsm/jpeg/1.3.6.1.4.1.9590.100.1.2.241373291113146079201090362062950810254 does not exist, skipping.
Image /home/sgoli125/workspace/research/MultiModalPFN/mmpfn/data/cbis_ddsm/jpeg/1.3.6.1.4.1.9590.100.1.2.249211762211842918822139383630758511095 does not exist, skipping.
Image /home/sgoli125/workspace/research/MultiModalPFN/mmpfn/data/cbis_ddsm/jpeg/1.3.6.1.4.1.9590.100.1.2.249211762211842918822139383630758511095 does not exist, skipping.
Image /home/sgoli125/workspace/research/MultiModalPFN/mmpfn/data/cbis_ddsm/jpeg/1.3.6.1.4.1.9590.100.1.2.233698851511609444906681501734065632813 does not exist, skipping.
Image /home/sgoli125/workspace/research/MultiModalPFN/mmpfn/data/cbis_ddsm/jpeg/1.3.6.1.4.1.9590.100.1.2.233698851511609444906681501734065632813 does not exist, skipping.
Image /home/sgoli125/workspace/research/MultiModalPFN/mmpfn/data/cbis_ddsm/jpeg/1.3.6.1.4.1.9590.100.1.2.397907536313523879542944165183924374769 does not exist, skipping.
Image /home/sgoli125/workspace/research/MultiModalPFN/mmpfn/data/cbis_ddsm/jpeg/1.3.6.1.4.1.9590.100.1.2.355024603812378459731009905921847268034 does not exist, skipping.
Image /home/sgoli125/workspace/research/MultiModalPFN/mmpfn/data/cbis_ddsm/jpeg/1.3.6.1.4.1.9590.100.1.2.355024603812378459731009905921847268034 does not exist, skipping.
Image /home/sgoli125/workspace/research/MultiModalPFN/mmpfn/data/cbis_ddsm/jpeg/1.3.6.1.4.1.9590.100.1.2.201943876213715775209423855590613190329 does not exist, skipping.
Image /home/sgoli125/workspace/research/MultiModalPFN/mmpfn/data/cbis_ddsm/jpeg/1.3.6.1.4.1.9590.100.1.2.201943876213715775209423855590613190329 does not exist, skipping.
Image /home/sgoli125/workspace/research/MultiModalPFN/mmpfn/data/cbis_ddsm/jpeg/1.3.6.1.4.1.9590.100.1.2.8120073511421584536039761103930911275 does not exist, skipping.
Image /home/sgoli125/workspace/research/MultiModalPFN/mmpfn/data/cbis_ddsm/jpeg/1.3.6.1.4.1.9590.100.1.2.8120073511421584536039761103930911275 does not exist, skipping.
Image /home/sgoli125/workspace/research/MultiModalPFN/mmpfn/data/cbis_ddsm/jpeg/1.3.6.1.4.1.9590.100.1.2.292605978712963936606864280561587921668 does not exist, skipping.
Image /home/sgoli125/workspace/research/MultiModalPFN/mmpfn/data/cbis_ddsm/jpeg/1.3.6.1.4.1.9590.100.1.2.292605978712963936606864280561587921668 does not exist, skipping.
Image /home/sgoli125/workspace/research/MultiModalPFN/mmpfn/data/cbis_ddsm/jpeg/1.3.6.1.4.1.9590.100.1.2.263175968212620451040123544731301212892 does not exist, skipping.
Image /home/sgoli125/workspace/research/MultiModalPFN/mmpfn/data/cbis_ddsm/jpeg/1.3.6.1.4.1.9590.100.1.2.263175968212620451040123544731301212892 does not exist, skipping.
Image /home/sgoli125/workspace/research/MultiModalPFN/mmpfn/data/cbis_ddsm/jpeg/1.3.6.1.4.1.9590.100.1.2.292605978712963936606864280561587921668 does not exist, skipping.
Image /home/sgoli125/workspace/research/MultiModalPFN/mmpfn/data/cbis_ddsm/jpeg/1.3.6.1.4.1.9590.100.1.2.292605978712963936606864280561587921668 does not exist, skipping.
Image /home/sgoli125/workspace/research/MultiModalPFN/mmpfn/data/cbis_ddsm/jpeg/1.3.6.1.4.1.9590.100.1.2.237554983812675500928641084182457551234 does not exist, skipping.
Image /home/sgoli125/workspace/research/MultiModalPFN/mmpfn/data/cbis_ddsm/jpeg/1.3.6.1.4.1.9590.100.1.2.237554983812675500928641084182457551234 does not exist, skipping.
Image /home/sgoli125/workspace/research/MultiModalPFN/mmpfn/data/cbis_ddsm/jpeg/1.3.6.1.4.1.9590.100.1.2.233363484412206214942278982962693471990 does not exist, skipping.
Image /home/sgoli125/workspace/research/MultiModalPFN/mmpfn/data/cbis_ddsm/jpeg/1.3.6.1.4.1.9590.100.1.2.29979988711620169137293190443121958759 does not exist, skipping.
Image /home/sgoli125/workspace/research/MultiModalPFN/mmpfn/data/cbis_ddsm/jpeg/1.3.6.1.4.1.9590.100.1.2.29979988711620169137293190443121958759 does not exist, skipping.
Image /home/sgoli125/workspace/research/MultiModalPFN/mmpfn/data/cbis_ddsm/jpeg/1.3.6.1.4.1.9590.100.1.2.396779088912623727014031648363906780688 does not exist, skipping.
Image /home/sgoli125/workspace/research/MultiModalPFN/mmpfn/data/cbis_ddsm/jpeg/1.3.6.1.4.1.9590.100.1.2.77391350612919093242582778213778105346 does not exist, skipping.
Image /home/sgoli125/workspace/research/MultiModalPFN/mmpfn/data/cbis_ddsm/jpeg/1.3.6.1.4.1.9590.100.1.2.77391350612919093242582778213778105346 does not exist, skipping.
Image /home/sgoli125/workspace/research/MultiModalPFN/mmpfn/data/cbis_ddsm/jpeg/1.3.6.1.4.1.9590.100.1.2.2079161612681329922043367840425735709 does not exist, skipping.
Image /home/sgoli125/workspace/research/MultiModalPFN/mmpfn/data/cbis_ddsm/jpeg/1.3.6.1.4.1.9590.100.1.2.367130500811771491300549231571931292817 does not exist, skipping.
Image /home/sgoli125/workspace/research/MultiModalPFN/mmpfn/data/cbis_ddsm/jpeg/1.3.6.1.4.1.9590.100.1.2.367130500811771491300549231571931292817 does not exist, skipping.
Image /home/sgoli125/workspace/research/MultiModalPFN/mmpfn/data/cbis_ddsm/jpeg/1.3.6.1.4.1.9590.100.1.2.392192739511694139419208871950182458178 does not exist, skipping.
Image /home/sgoli125/workspace/research/MultiModalPFN/mmpfn/data/cbis_ddsm/jpeg/1.3.6.1.4.1.9590.100.1.2.392192739511694139419208871950182458178 does not exist, skipping.
Image /home/sgoli125/workspace/research/MultiModalPFN/mmpfn/data/cbis_ddsm/jpeg/1.3.6.1.4.1.9590.100.1.2.265901326713324251300096756542729360549 does not exist, skipping.
Image /home/sgoli125/workspace/research/MultiModalPFN/mmpfn/data/cbis_ddsm/jpeg/1.3.6.1.4.1.9590.100.1.2.271766004813533818834432213950296794827 does not exist, skipping.
Image /home/sgoli125/workspace/research/MultiModalPFN/mmpfn/data/cbis_ddsm/jpeg/1.3.6.1.4.1.9590.100.1.2.271766004813533818834432213950296794827 does not exist, skipping.
Image /home/sgoli125/workspace/research/MultiModalPFN/mmpfn/data/cbis_ddsm/jpeg/1.3.6.1.4.1.9590.100.1.2.207635648611672650301734527211292667694 does not exist, skipping.
Image /home/sgoli125/workspace/research/MultiModalPFN/mmpfn/data/cbis_ddsm/jpeg/1.3.6.1.4.1.9590.100.1.2.207635648611672650301734527211292667694 does not exist, skipping.
Image /home/sgoli125/workspace/research/MultiModalPFN/mmpfn/data/cbis_ddsm/jpeg/1.3.6.1.4.1.9590.100.1.2.419044019813820059711217919343293185293 does not exist, skipping.
Image /home/sgoli125/workspace/research/MultiModalPFN/mmpfn/data/cbis_ddsm/jpeg/1.3.6.1.4.1.9590.100.1.2.336071559511064328718791448490558949969 does not exist, skipping.
Image /home/sgoli125/workspace/research/MultiModalPFN/mmpfn/data/cbis_ddsm/jpeg/1.3.6.1.4.1.9590.100.1.2.336071559511064328718791448490558949969 does not exist, skipping.
Image /home/sgoli125/workspace/research/MultiModalPFN/mmpfn/data/cbis_ddsm/jpeg/1.3.6.1.4.1.9590.100.1.2.56397010612184979228325845912252762401 does not exist, skipping.
Image /home/sgoli125/workspace/research/MultiModalPFN/mmpfn/data/cbis_ddsm/jpeg/1.3.6.1.4.1.9590.100.1.2.209682881411918970623523621242201950465 does not exist, skipping.
Image /home/sgoli125/workspace/research/MultiModalPFN/mmpfn/data/cbis_ddsm/jpeg/1.3.6.1.4.1.9590.100.1.2.209682881411918970623523621242201950465 does not exist, skipping.
Image /home/sgoli125/workspace/research/MultiModalPFN/mmpfn/data/cbis_ddsm/jpeg/1.3.6.1.4.1.9590.100.1.2.67072533512190470842884944993776071739 does not exist, skipping.
Image /home/sgoli125/workspace/research/MultiModalPFN/mmpfn/data/cbis_ddsm/jpeg/1.3.6.1.4.1.9590.100.1.2.8846141612920489319812758360158257270 does not exist, skipping.
Image /home/sgoli125/workspace/research/MultiModalPFN/mmpfn/data/cbis_ddsm/jpeg/1.3.6.1.4.1.9590.100.1.2.366675862512371182301533283073110139218 does not exist, skipping.
Image /home/sgoli125/workspace/research/MultiModalPFN/mmpfn/data/cbis_ddsm/jpeg/1.3.6.1.4.1.9590.100.1.2.93312758013533397907898579210417865149 does not exist, skipping.
Image /home/sgoli125/workspace/research/MultiModalPFN/mmpfn/data/cbis_ddsm/jpeg/1.3.6.1.4.1.9590.100.1.2.93312758013533397907898579210417865149 does not exist, skipping.
Image /home/sgoli125/workspace/research/MultiModalPFN/mmpfn/data/cbis_ddsm/jpeg/1.3.6.1.4.1.9590.100.1.2.323954975912715394323427362632037327399 does not exist, skipping.
Image /home/sgoli125/workspace/research/MultiModalPFN/mmpfn/data/cbis_ddsm/jpeg/1.3.6.1.4.1.9590.100.1.2.323954975912715394323427362632037327399 does not exist, skipping.
Image /home/sgoli125/workspace/research/MultiModalPFN/mmpfn/data/cbis_ddsm/jpeg/1.3.6.1.4.1.9590.100.1.2.271237765413545063531649473550653785880 does not exist, skipping.
Image /home/sgoli125/workspace/research/MultiModalPFN/mmpfn/data/cbis_ddsm/jpeg/1.3.6.1.4.1.9590.100.1.2.63779970712248171717635001672594858748 does not exist, skipping.
Image /home/sgoli125/workspace/research/MultiModalPFN/mmpfn/data/cbis_ddsm/jpeg/1.3.6.1.4.1.9590.100.1.2.63779970712248171717635001672594858748 does not exist, skipping.
Image /home/sgoli125/workspace/research/MultiModalPFN/mmpfn/data/cbis_ddsm/jpeg/1.3.6.1.4.1.9590.100.1.2.241667059712912261826721463583527782357 does not exist, skipping.
Image /home/sgoli125/workspace/research/MultiModalPFN/mmpfn/data/cbis_ddsm/jpeg/1.3.6.1.4.1.9590.100.1.2.241667059712912261826721463583527782357 does not exist, skipping.
Image /home/sgoli125/workspace/research/MultiModalPFN/mmpfn/data/cbis_ddsm/jpeg/1.3.6.1.4.1.9590.100.1.2.207955692512553065721936485542515560358 does not exist, skipping.
Image /home/sgoli125/workspace/research/MultiModalPFN/mmpfn/data/cbis_ddsm/jpeg/1.3.6.1.4.1.9590.100.1.2.281340146110857934414592536624150012224 does not exist, skipping.
Image /home/sgoli125/workspace/research/MultiModalPFN/mmpfn/data/cbis_ddsm/jpeg/1.3.6.1.4.1.9590.100.1.2.281340146110857934414592536624150012224 does not exist, skipping.
Image /home/sgoli125/workspace/research/MultiModalPFN/mmpfn/data/cbis_ddsm/jpeg/1.3.6.1.4.1.9590.100.1.2.205651953210680281101758191891575315691 does not exist, skipping.
Image /home/sgoli125/workspace/research/MultiModalPFN/mmpfn/data/cbis_ddsm/jpeg/1.3.6.1.4.1.9590.100.1.2.32602141013734071942341982014099970497 does not exist, skipping.
Image /home/sgoli125/workspace/research/MultiModalPFN/mmpfn/data/cbis_ddsm/jpeg/1.3.6.1.4.1.9590.100.1.2.32602141013734071942341982014099970497 does not exist, skipping.
Image /home/sgoli125/workspace/research/MultiModalPFN/mmpfn/data/cbis_ddsm/jpeg/1.3.6.1.4.1.9590.100.1.2.375498740611219229701666617792092131672 does not exist, skipping.
Image /home/sgoli125/workspace/research/MultiModalPFN/mmpfn/data/cbis_ddsm/jpeg/1.3.6.1.4.1.9590.100.1.2.375498740611219229701666617792092131672 does not exist, skipping.
Image /home/sgoli125/workspace/research/MultiModalPFN/mmpfn/data/cbis_ddsm/jpeg/1.3.6.1.4.1.9590.100.1.2.351399689511612808418321324993723073746 does not exist, skipping.
Image /home/sgoli125/workspace/research/MultiModalPFN/mmpfn/data/cbis_ddsm/jpeg/1.3.6.1.4.1.9590.100.1.2.351399689511612808418321324993723073746 does not exist, skipping.
Image /home/sgoli125/workspace/research/MultiModalPFN/mmpfn/data/cbis_ddsm/jpeg/1.3.6.1.4.1.9590.100.1.2.306175076913701454642258715421050090639 does not exist, skipping.
Image /home/sgoli125/workspace/research/MultiModalPFN/mmpfn/data/cbis_ddsm/jpeg/1.3.6.1.4.1.9590.100.1.2.234382511511881701404236658333859285053 does not exist, skipping.
Image /home/sgoli125/workspace/research/MultiModalPFN/mmpfn/data/cbis_ddsm/jpeg/1.3.6.1.4.1.9590.100.1.2.417471070612455676804837060152413123968 does not exist, skipping.
Image /home/sgoli125/workspace/research/MultiModalPFN/mmpfn/data/cbis_ddsm/jpeg/1.3.6.1.4.1.9590.100.1.2.417471070612455676804837060152413123968 does not exist, skipping.
Image /home/sgoli125/workspace/research/MultiModalPFN/mmpfn/data/cbis_ddsm/jpeg/1.3.6.1.4.1.9590.100.1.2.55935511011140411233514241600281387403 does not exist, skipping.
Image /home/sgoli125/workspace/research/MultiModalPFN/mmpfn/data/cbis_ddsm/jpeg/1.3.6.1.4.1.9590.100.1.2.25318507511285224327654173482726209866 does not exist, skipping.
Image /home/sgoli125/workspace/research/MultiModalPFN/mmpfn/data/cbis_ddsm/jpeg/1.3.6.1.4.1.9590.100.1.2.99017291911272763110515301683654595331 does not exist, skipping.
Image /home/sgoli125/workspace/research/MultiModalPFN/mmpfn/data/cbis_ddsm/jpeg/1.3.6.1.4.1.9590.100.1.2.358409985112055492917268445623095554276 does not exist, skipping.
Image /home/sgoli125/workspace/research/MultiModalPFN/mmpfn/data/cbis_ddsm/jpeg/1.3.6.1.4.1.9590.100.1.2.358409985112055492917268445623095554276 does not exist, skipping.
Image /home/sgoli125/workspace/research/MultiModalPFN/mmpfn/data/cbis_ddsm/jpeg/1.3.6.1.4.1.9590.100.1.2.214746037912661544138012412671704691611 does not exist, skipping.
Image /home/sgoli125/workspace/research/MultiModalPFN/mmpfn/data/cbis_ddsm/jpeg/1.3.6.1.4.1.9590.100.1.2.265413142310666841009849706660201039866 does not exist, skipping.
Image /home/sgoli125/workspace/research/MultiModalPFN/mmpfn/data/cbis_ddsm/jpeg/1.3.6.1.4.1.9590.100.1.2.265413142310666841009849706660201039866 does not exist, skipping.
Image /home/sgoli125/workspace/research/MultiModalPFN/mmpfn/data/cbis_ddsm/jpeg/1.3.6.1.4.1.9590.100.1.2.43214406912972958709223686422311649479 does not exist, skipping.
Image /home/sgoli125/workspace/research/MultiModalPFN/mmpfn/data/cbis_ddsm/jpeg/1.3.6.1.4.1.9590.100.1.2.391437477411237949636827790113120275148 does not exist, skipping.
Image /home/sgoli125/workspace/research/MultiModalPFN/mmpfn/data/cbis_ddsm/jpeg/1.3.6.1.4.1.9590.100.1.2.391437477411237949636827790113120275148 does not exist, skipping.
Image /home/sgoli125/workspace/research/MultiModalPFN/mmpfn/data/cbis_ddsm/jpeg/1.3.6.1.4.1.9590.100.1.2.55129276511942380138161752772183127043 does not exist, skipping.
Image /home/sgoli125/workspace/research/MultiModalPFN/mmpfn/data/cbis_ddsm/jpeg/1.3.6.1.4.1.9590.100.1.2.417257767913248192623265844502388719229 does not exist, skipping.
Image /home/sgoli125/workspace/research/MultiModalPFN/mmpfn/data/cbis_ddsm/jpeg/1.3.6.1.4.1.9590.100.1.2.417257767913248192623265844502388719229 does not exist, skipping.
Image /home/sgoli125/workspace/research/MultiModalPFN/mmpfn/data/cbis_ddsm/jpeg/1.3.6.1.4.1.9590.100.1.2.284816948411750963022363301570356728600 does not exist, skipping.
Image /home/sgoli125/workspace/research/MultiModalPFN/mmpfn/data/cbis_ddsm/jpeg/1.3.6.1.4.1.9590.100.1.2.211047614012920751420673079141493934140 does not exist, skipping.
Image /home/sgoli125/workspace/research/MultiModalPFN/mmpfn/data/cbis_ddsm/jpeg/1.3.6.1.4.1.9590.100.1.2.211047614012920751420673079141493934140 does not exist, skipping.
Image /home/sgoli125/workspace/research/MultiModalPFN/mmpfn/data/cbis_ddsm/jpeg/1.3.6.1.4.1.9590.100.1.2.219721745011726028715811032511378262407 does not exist, skipping.
Image /home/sgoli125/workspace/research/MultiModalPFN/mmpfn/data/cbis_ddsm/jpeg/1.3.6.1.4.1.9590.100.1.2.219721745011726028715811032511378262407 does not exist, skipping.
Image /home/sgoli125/workspace/research/MultiModalPFN/mmpfn/data/cbis_ddsm/jpeg/1.3.6.1.4.1.9590.100.1.2.226778768412401364103553176333766921754 does not exist, skipping.
Image /home/sgoli125/workspace/research/MultiModalPFN/mmpfn/data/cbis_ddsm/jpeg/1.3.6.1.4.1.9590.100.1.2.226778768412401364103553176333766921754 does not exist, skipping.
Image /home/sgoli125/workspace/research/MultiModalPFN/mmpfn/data/cbis_ddsm/jpeg/1.3.6.1.4.1.9590.100.1.2.295013346213524930335568562470686281441 does not exist, skipping.
Image /home/sgoli125/workspace/research/MultiModalPFN/mmpfn/data/cbis_ddsm/jpeg/1.3.6.1.4.1.9590.100.1.2.309137596311103924008154031644268606037 does not exist, skipping.
Image /home/sgoli125/workspace/research/MultiModalPFN/mmpfn/data/cbis_ddsm/jpeg/1.3.6.1.4.1.9590.100.1.2.309137596311103924008154031644268606037 does not exist, skipping.
Image /home/sgoli125/workspace/research/MultiModalPFN/mmpfn/data/cbis_ddsm/jpeg/1.3.6.1.4.1.9590.100.1.2.394636780211288993834413664462575701980 does not exist, skipping.
Image /home/sgoli125/workspace/research/MultiModalPFN/mmpfn/data/cbis_ddsm/jpeg/1.3.6.1.4.1.9590.100.1.2.228791419411326661400339683153067491414 does not exist, skipping.
Image /home/sgoli125/workspace/research/MultiModalPFN/mmpfn/data/cbis_ddsm/jpeg/1.3.6.1.4.1.9590.100.1.2.228791419411326661400339683153067491414 does not exist, skipping.
Image /home/sgoli125/workspace/research/MultiModalPFN/mmpfn/data/cbis_ddsm/jpeg/1.3.6.1.4.1.9590.100.1.2.26400396011206511000423668640895243516 does not exist, skipping.
Image /home/sgoli125/workspace/research/MultiModalPFN/mmpfn/data/cbis_ddsm/jpeg/1.3.6.1.4.1.9590.100.1.2.383288926012680018317080221563052849989 does not exist, skipping.
Image /home/sgoli125/workspace/research/MultiModalPFN/mmpfn/data/cbis_ddsm/jpeg/1.3.6.1.4.1.9590.100.1.2.383288926012680018317080221563052849989 does not exist, skipping.
Image /home/sgoli125/workspace/research/MultiModalPFN/mmpfn/data/cbis_ddsm/jpeg/1.3.6.1.4.1.9590.100.1.2.71672783912077369939347398821490159819 does not exist, skipping.
Image /home/sgoli125/workspace/research/MultiModalPFN/mmpfn/data/cbis_ddsm/jpeg/1.3.6.1.4.1.9590.100.1.2.401989378412840816927174898314104512220 does not exist, skipping.
Image /home/sgoli125/workspace/research/MultiModalPFN/mmpfn/data/cbis_ddsm/jpeg/1.3.6.1.4.1.9590.100.1.2.401989378412840816927174898314104512220 does not exist, skipping.
Image /home/sgoli125/workspace/research/MultiModalPFN/mmpfn/data/cbis_ddsm/jpeg/1.3.6.1.4.1.9590.100.1.2.328011571912253968128627544932881689288 does not exist, skipping.
Image /home/sgoli125/workspace/research/MultiModalPFN/mmpfn/data/cbis_ddsm/jpeg/1.3.6.1.4.1.9590.100.1.2.328011571912253968128627544932881689288 does not exist, skipping.
Image /home/sgoli125/workspace/research/MultiModalPFN/mmpfn/data/cbis_ddsm/jpeg/1.3.6.1.4.1.9590.100.1.2.74351343711650842507206772644172627457 does not exist, skipping.
Image /home/sgoli125/workspace/research/MultiModalPFN/mmpfn/data/cbis_ddsm/jpeg/1.3.6.1.4.1.9590.100.1.2.74351343711650842507206772644172627457 does not exist, skipping.
Image /home/sgoli125/workspace/research/MultiModalPFN/mmpfn/data/cbis_ddsm/jpeg/1.3.6.1.4.1.9590.100.1.2.401153662911342587122031292242810957327 does not exist, skipping.
Image /home/sgoli125/workspace/research/MultiModalPFN/mmpfn/data/cbis_ddsm/jpeg/1.3.6.1.4.1.9590.100.1.2.298020356712967522222512661851326623824 does not exist, skipping.
Image /home/sgoli125/workspace/research/MultiModalPFN/mmpfn/data/cbis_ddsm/jpeg/1.3.6.1.4.1.9590.100.1.2.313320260312335825215652094932408846389 does not exist, skipping.
Image /home/sgoli125/workspace/research/MultiModalPFN/mmpfn/data/cbis_ddsm/jpeg/1.3.6.1.4.1.9590.100.1.2.25068466813068804538179331880251594913 does not exist, skipping.
Image /home/sgoli125/workspace/research/MultiModalPFN/mmpfn/data/cbis_ddsm/jpeg/1.3.6.1.4.1.9590.100.1.2.25068466813068804538179331880251594913 does not exist, skipping.
Image /home/sgoli125/workspace/research/MultiModalPFN/mmpfn/data/cbis_ddsm/jpeg/1.3.6.1.4.1.9590.100.1.2.4698136811233263002514303042348259208 does not exist, skipping.
Image /home/sgoli125/workspace/research/MultiModalPFN/mmpfn/data/cbis_ddsm/jpeg/1.3.6.1.4.1.9590.100.1.2.331814373612720676514263148990617553605 does not exist, skipping.
Image /home/sgoli125/workspace/research/MultiModalPFN/mmpfn/data/cbis_ddsm/jpeg/1.3.6.1.4.1.9590.100.1.2.331814373612720676514263148990617553605 does not exist, skipping.
Image /home/sgoli125/workspace/research/MultiModalPFN/mmpfn/data/cbis_ddsm/jpeg/1.3.6.1.4.1.9590.100.1.2.208804211712387573322761307433285253031 does not exist, skipping.
Image /home/sgoli125/workspace/research/MultiModalPFN/mmpfn/data/cbis_ddsm/jpeg/1.3.6.1.4.1.9590.100.1.2.312470519412117521225180909421517001658 does not exist, skipping.
Image /home/sgoli125/workspace/research/MultiModalPFN/mmpfn/data/cbis_ddsm/jpeg/1.3.6.1.4.1.9590.100.1.2.312470519412117521225180909421517001658 does not exist, skipping.
Image /home/sgoli125/workspace/research/MultiModalPFN/mmpfn/data/cbis_ddsm/jpeg/1.3.6.1.4.1.9590.100.1.2.98372511711217371421923452494072543418 does not exist, skipping.
Image /home/sgoli125/workspace/research/MultiModalPFN/mmpfn/data/cbis_ddsm/jpeg/1.3.6.1.4.1.9590.100.1.2.251130205811673047141172596702804417464 does not exist, skipping.
Image /home/sgoli125/workspace/research/MultiModalPFN/mmpfn/data/cbis_ddsm/jpeg/1.3.6.1.4.1.9590.100.1.2.33314106512935807430198360643790381970 does not exist, skipping.
Image /home/sgoli125/workspace/research/MultiModalPFN/mmpfn/data/cbis_ddsm/jpeg/1.3.6.1.4.1.9590.100.1.2.33314106512935807430198360643790381970 does not exist, skipping.
Image /home/sgoli125/workspace/research/MultiModalPFN/mmpfn/data/cbis_ddsm/jpeg/1.3.6.1.4.1.9590.100.1.2.215387140211542179026960032071463698827 does not exist, skipping.
Image /home/sgoli125/workspace/research/MultiModalPFN/mmpfn/data/cbis_ddsm/jpeg/1.3.6.1.4.1.9590.100.1.2.215387140211542179026960032071463698827 does not exist, skipping.
Image /home/sgoli125/workspace/research/MultiModalPFN/mmpfn/data/cbis_ddsm/jpeg/1.3.6.1.4.1.9590.100.1.2.72010840811647743625324599213606476079 does not exist, skipping.
Image /home/sgoli125/workspace/research/MultiModalPFN/mmpfn/data/cbis_ddsm/jpeg/1.3.6.1.4.1.9590.100.1.2.72010840811647743625324599213606476079 does not exist, skipping.
Image /home/sgoli125/workspace/research/MultiModalPFN/mmpfn/data/cbis_ddsm/jpeg/1.3.6.1.4.1.9590.100.1.2.373687394012570965941373994540969979679 does not exist, skipping.
Image /home/sgoli125/workspace/research/MultiModalPFN/mmpfn/data/cbis_ddsm/jpeg/1.3.6.1.4.1.9590.100.1.2.319515427413743533916869065043416336157 does not exist, skipping.
Image /home/sgoli125/workspace/research/MultiModalPFN/mmpfn/data/cbis_ddsm/jpeg/1.3.6.1.4.1.9590.100.1.2.319515427413743533916869065043416336157 does not exist, skipping.
Image /home/sgoli125/workspace/research/MultiModalPFN/mmpfn/data/cbis_ddsm/jpeg/1.3.6.1.4.1.9590.100.1.2.359364813512439601905403222364266504901 does not exist, skipping.
Image /home/sgoli125/workspace/research/MultiModalPFN/mmpfn/data/cbis_ddsm/jpeg/1.3.6.1.4.1.9590.100.1.2.50701772511972536401830883090085254818 does not exist, skipping.
Image /home/sgoli125/workspace/research/MultiModalPFN/mmpfn/data/cbis_ddsm/jpeg/1.3.6.1.4.1.9590.100.1.2.50701772511972536401830883090085254818 does not exist, skipping.
Image /home/sgoli125/workspace/research/MultiModalPFN/mmpfn/data/cbis_ddsm/jpeg/1.3.6.1.4.1.9590.100.1.2.252008157812068835400630232722004875760 does not exist, skipping.
Image /home/sgoli125/workspace/research/MultiModalPFN/mmpfn/data/cbis_ddsm/jpeg/1.3.6.1.4.1.9590.100.1.2.235257799411541517316524673800242200135 does not exist, skipping.
Image /home/sgoli125/workspace/research/MultiModalPFN/mmpfn/data/cbis_ddsm/jpeg/1.3.6.1.4.1.9590.100.1.2.235257799411541517316524673800242200135 does not exist, skipping.
Image /home/sgoli125/workspace/research/MultiModalPFN/mmpfn/data/cbis_ddsm/jpeg/1.3.6.1.4.1.9590.100.1.2.228960110612387596011025683724161969896 does not exist, skipping.
Image /home/sgoli125/workspace/research/MultiModalPFN/mmpfn/data/cbis_ddsm/jpeg/1.3.6.1.4.1.9590.100.1.2.245057687911282332013914398070893447547 does not exist, skipping.
Image /home/sgoli125/workspace/research/MultiModalPFN/mmpfn/data/cbis_ddsm/jpeg/1.3.6.1.4.1.9590.100.1.2.245057687911282332013914398070893447547 does not exist, skipping.
Image /home/sgoli125/workspace/research/MultiModalPFN/mmpfn/data/cbis_ddsm/jpeg/1.3.6.1.4.1.9590.100.1.2.286602072512553990503011301432450308323 does not exist, skipping.
Image /home/sgoli125/workspace/research/MultiModalPFN/mmpfn/data/cbis_ddsm/jpeg/1.3.6.1.4.1.9590.100.1.2.286602072512553990503011301432450308323 does not exist, skipping.
Image /home/sgoli125/workspace/research/MultiModalPFN/mmpfn/data/cbis_ddsm/jpeg/1.3.6.1.4.1.9590.100.1.2.57854390411125252714525874340062956276 does not exist, skipping.
Image /home/sgoli125/workspace/research/MultiModalPFN/mmpfn/data/cbis_ddsm/jpeg/1.3.6.1.4.1.9590.100.1.2.244116483612235195830909259710409635616 does not exist, skipping.
Image /home/sgoli125/workspace/research/MultiModalPFN/mmpfn/data/cbis_ddsm/jpeg/1.3.6.1.4.1.9590.100.1.2.244116483612235195830909259710409635616 does not exist, skipping.
Image /home/sgoli125/workspace/research/MultiModalPFN/mmpfn/data/cbis_ddsm/jpeg/1.3.6.1.4.1.9590.100.1.2.403835121912715843000196868400248684588 does not exist, skipping.
Image /home/sgoli125/workspace/research/MultiModalPFN/mmpfn/data/cbis_ddsm/jpeg/1.3.6.1.4.1.9590.100.1.2.64437254911718947906786105692804080266 does not exist, skipping.
Image /home/sgoli125/workspace/research/MultiModalPFN/mmpfn/data/cbis_ddsm/jpeg/1.3.6.1.4.1.9590.100.1.2.64437254911718947906786105692804080266 does not exist, skipping.
Image /home/sgoli125/workspace/research/MultiModalPFN/mmpfn/data/cbis_ddsm/jpeg/1.3.6.1.4.1.9590.100.1.2.282731428412133309500343758122109197320 does not exist, skipping.
Image /home/sgoli125/workspace/research/MultiModalPFN/mmpfn/data/cbis_ddsm/jpeg/1.3.6.1.4.1.9590.100.1.2.76260080812556604832726304252499236727 does not exist, skipping.
Image /home/sgoli125/workspace/research/MultiModalPFN/mmpfn/data/cbis_ddsm/jpeg/1.3.6.1.4.1.9590.100.1.2.330163983812746852405062655053253634134 does not exist, skipping.
Image /home/sgoli125/workspace/research/MultiModalPFN/mmpfn/data/cbis_ddsm/jpeg/1.3.6.1.4.1.9590.100.1.2.330163983812746852405062655053253634134 does not exist, skipping.
Image /home/sgoli125/workspace/research/MultiModalPFN/mmpfn/data/cbis_ddsm/jpeg/1.3.6.1.4.1.9590.100.1.2.255728555213663489012061953844243079023 does not exist, skipping.
Image /home/sgoli125/workspace/research/MultiModalPFN/mmpfn/data/cbis_ddsm/jpeg/1.3.6.1.4.1.9590.100.1.2.367238557012890560621804356401806515269 does not exist, skipping.
Image /home/sgoli125/workspace/research/MultiModalPFN/mmpfn/data/cbis_ddsm/jpeg/1.3.6.1.4.1.9590.100.1.2.367238557012890560621804356401806515269 does not exist, skipping.
Image /home/sgoli125/workspace/research/MultiModalPFN/mmpfn/data/cbis_ddsm/jpeg/1.3.6.1.4.1.9590.100.1.2.61088132613876322320822040393863367878 does not exist, skipping.
Image /home/sgoli125/workspace/research/MultiModalPFN/mmpfn/data/cbis_ddsm/jpeg/1.3.6.1.4.1.9590.100.1.2.332214667612441545929775512440818888859 does not exist, skipping.
Image /home/sgoli125/workspace/research/MultiModalPFN/mmpfn/data/cbis_ddsm/jpeg/1.3.6.1.4.1.9590.100.1.2.332214667612441545929775512440818888859 does not exist, skipping.
Image /home/sgoli125/workspace/research/MultiModalPFN/mmpfn/data/cbis_ddsm/jpeg/1.3.6.1.4.1.9590.100.1.2.351984675711253136807249834253695531137 does not exist, skipping.
Image /home/sgoli125/workspace/research/MultiModalPFN/mmpfn/data/cbis_ddsm/jpeg/1.3.6.1.4.1.9590.100.1.2.341573340913913266113502488781486646386 does not exist, skipping.
Image /home/sgoli125/workspace/research/MultiModalPFN/mmpfn/data/cbis_ddsm/jpeg/1.3.6.1.4.1.9590.100.1.2.341573340913913266113502488781486646386 does not exist, skipping.
Image /home/sgoli125/workspace/research/MultiModalPFN/mmpfn/data/cbis_ddsm/jpeg/1.3.6.1.4.1.9590.100.1.2.215844617111373447904663963002787267799 does not exist, skipping.
Image /home/sgoli125/workspace/research/MultiModalPFN/mmpfn/data/cbis_ddsm/jpeg/1.3.6.1.4.1.9590.100.1.2.88158044112350000736236683583018260323 does not exist, skipping.
Image /home/sgoli125/workspace/research/MultiModalPFN/mmpfn/data/cbis_ddsm/jpeg/1.3.6.1.4.1.9590.100.1.2.88158044112350000736236683583018260323 does not exist, skipping.
Image /home/sgoli125/workspace/research/MultiModalPFN/mmpfn/data/cbis_ddsm/jpeg/1.3.6.1.4.1.9590.100.1.2.403087507110533987828985312390243298533 does not exist, skipping.
Image /home/sgoli125/workspace/research/MultiModalPFN/mmpfn/data/cbis_ddsm/jpeg/1.3.6.1.4.1.9590.100.1.2.403087507110533987828985312390243298533 does not exist, skipping.
Image /home/sgoli125/workspace/research/MultiModalPFN/mmpfn/data/cbis_ddsm/jpeg/1.3.6.1.4.1.9590.100.1.2.211640311212194984322998849642182089069 does not exist, skipping.
Image /home/sgoli125/workspace/research/MultiModalPFN/mmpfn/data/cbis_ddsm/jpeg/1.3.6.1.4.1.9590.100.1.2.300932706312280623310644883800752058037 does not exist, skipping.
Image /home/sgoli125/workspace/research/MultiModalPFN/mmpfn/data/cbis_ddsm/jpeg/1.3.6.1.4.1.9590.100.1.2.275099505413660906340937714374028999095 does not exist, skipping.
Image /home/sgoli125/workspace/research/MultiModalPFN/mmpfn/data/cbis_ddsm/jpeg/1.3.6.1.4.1.9590.100.1.2.275099505413660906340937714374028999095 does not exist, skipping.
Image /home/sgoli125/workspace/research/MultiModalPFN/mmpfn/data/cbis_ddsm/jpeg/1.3.6.1.4.1.9590.100.1.2.53420229812571377029026689350115737667 does not exist, skipping.
Image /home/sgoli125/workspace/research/MultiModalPFN/mmpfn/data/cbis_ddsm/jpeg/1.3.6.1.4.1.9590.100.1.2.209503470612857892032304034613941025790 does not exist, skipping.
Image /home/sgoli125/workspace/research/MultiModalPFN/mmpfn/data/cbis_ddsm/jpeg/1.3.6.1.4.1.9590.100.1.2.209503470612857892032304034613941025790 does not exist, skipping.
Image /home/sgoli125/workspace/research/MultiModalPFN/mmpfn/data/cbis_ddsm/jpeg/1.3.6.1.4.1.9590.100.1.2.412506143710534742332469380103145820254 does not exist, skipping.
Image /home/sgoli125/workspace/research/MultiModalPFN/mmpfn/data/cbis_ddsm/jpeg/1.3.6.1.4.1.9590.100.1.2.282445303313376882214758299432461526395 does not exist, skipping.
Image /home/sgoli125/workspace/research/MultiModalPFN/mmpfn/data/cbis_ddsm/jpeg/1.3.6.1.4.1.9590.100.1.2.282445303313376882214758299432461526395 does not exist, skipping.
Image /home/sgoli125/workspace/research/MultiModalPFN/mmpfn/data/cbis_ddsm/jpeg/1.3.6.1.4.1.9590.100.1.2.214860394511815846439731245261121712708 does not exist, skipping.
Image /home/sgoli125/workspace/research/MultiModalPFN/mmpfn/data/cbis_ddsm/jpeg/1.3.6.1.4.1.9590.100.1.2.226522745110775859610559719692823247866 does not exist, skipping.
Image /home/sgoli125/workspace/research/MultiModalPFN/mmpfn/data/cbis_ddsm/jpeg/1.3.6.1.4.1.9590.100.1.2.226522745110775859610559719692823247866 does not exist, skipping.
Image /home/sgoli125/workspace/research/MultiModalPFN/mmpfn/data/cbis_ddsm/jpeg/1.3.6.1.4.1.9590.100.1.2.262597967111030532825854552531215488853 does not exist, skipping.
Image /home/sgoli125/workspace/research/MultiModalPFN/mmpfn/data/cbis_ddsm/jpeg/1.3.6.1.4.1.9590.100.1.2.327320943510509818834867201441554297207 does not exist, skipping.
Image /home/sgoli125/workspace/research/MultiModalPFN/mmpfn/data/cbis_ddsm/jpeg/1.3.6.1.4.1.9590.100.1.2.313011989011093956614788824652183854047 does not exist, skipping.
Image /home/sgoli125/workspace/research/MultiModalPFN/mmpfn/data/cbis_ddsm/jpeg/1.3.6.1.4.1.9590.100.1.2.377759480112831149024638698240027536516 does not exist, skipping.
Image /home/sgoli125/workspace/research/MultiModalPFN/mmpfn/data/cbis_ddsm/jpeg/1.3.6.1.4.1.9590.100.1.2.377759480112831149024638698240027536516 does not exist, skipping.
Image /home/sgoli125/workspace/research/MultiModalPFN/mmpfn/data/cbis_ddsm/jpeg/1.3.6.1.4.1.9590.100.1.2.235422677312975753211843979840120682826 does not exist, skipping.
Image /home/sgoli125/workspace/research/MultiModalPFN/mmpfn/data/cbis_ddsm/jpeg/1.3.6.1.4.1.9590.100.1.2.298395396913193633428106412961761545595 does not exist, skipping.
Image /home/sgoli125/workspace/research/MultiModalPFN/mmpfn/data/cbis_ddsm/jpeg/1.3.6.1.4.1.9590.100.1.2.298395396913193633428106412961761545595 does not exist, skipping.
Image /home/sgoli125/workspace/research/MultiModalPFN/mmpfn/data/cbis_ddsm/jpeg/1.3.6.1.4.1.9590.100.1.2.48221420313119036139751607390207032498 does not exist, skipping.
Image /home/sgoli125/workspace/research/MultiModalPFN/mmpfn/data/cbis_ddsm/jpeg/1.3.6.1.4.1.9590.100.1.2.369654667012477564121807679162606429331 does not exist, skipping.
Image /home/sgoli125/workspace/research/MultiModalPFN/mmpfn/data/cbis_ddsm/jpeg/1.3.6.1.4.1.9590.100.1.2.369654667012477564121807679162606429331 does not exist, skipping.
Image /home/sgoli125/workspace/research/MultiModalPFN/mmpfn/data/cbis_ddsm/jpeg/1.3.6.1.4.1.9590.100.1.2.354454400411212819900814944063778552985 does not exist, skipping.
Image /home/sgoli125/workspace/research/MultiModalPFN/mmpfn/data/cbis_ddsm/jpeg/1.3.6.1.4.1.9590.100.1.2.402658117912624187439952280824072871791 does not exist, skipping.
Image /home/sgoli125/workspace/research/MultiModalPFN/mmpfn/data/cbis_ddsm/jpeg/1.3.6.1.4.1.9590.100.1.2.304975892911178884113876857602973297231 does not exist, skipping.
Image /home/sgoli125/workspace/research/MultiModalPFN/mmpfn/data/cbis_ddsm/jpeg/1.3.6.1.4.1.9590.100.1.2.304975892911178884113876857602973297231 does not exist, skipping.
Image /home/sgoli125/workspace/research/MultiModalPFN/mmpfn/data/cbis_ddsm/jpeg/1.3.6.1.4.1.9590.100.1.2.243642601012705106007428148571969763245 does not exist, skipping.
Image /home/sgoli125/workspace/research/MultiModalPFN/mmpfn/data/cbis_ddsm/jpeg/1.3.6.1.4.1.9590.100.1.2.243642601012705106007428148571969763245 does not exist, skipping.
Image /home/sgoli125/workspace/research/MultiModalPFN/mmpfn/data/cbis_ddsm/jpeg/1.3.6.1.4.1.9590.100.1.2.402736570413865583542591776371635419564 does not exist, skipping.
Image /home/sgoli125/workspace/research/MultiModalPFN/mmpfn/data/cbis_ddsm/jpeg/1.3.6.1.4.1.9590.100.1.2.402736570413865583542591776371635419564 does not exist, skipping.
Image /home/sgoli125/workspace/research/MultiModalPFN/mmpfn/data/cbis_ddsm/jpeg/1.3.6.1.4.1.9590.100.1.2.405215538612316971307803736710660532693 does not exist, skipping.
Image /home/sgoli125/workspace/research/MultiModalPFN/mmpfn/data/cbis_ddsm/jpeg/1.3.6.1.4.1.9590.100.1.2.405215538612316971307803736710660532693 does not exist, skipping.
Image /home/sgoli125/workspace/research/MultiModalPFN/mmpfn/data/cbis_ddsm/jpeg/1.3.6.1.4.1.9590.100.1.2.418529040211352094709719709500765846233 does not exist, skipping.
Image /home/sgoli125/workspace/research/MultiModalPFN/mmpfn/data/cbis_ddsm/jpeg/1.3.6.1.4.1.9590.100.1.2.418529040211352094709719709500765846233 does not exist, skipping.
Image /home/sgoli125/workspace/research/MultiModalPFN/mmpfn/data/cbis_ddsm/jpeg/1.3.6.1.4.1.9590.100.1.2.260892053112977546204245809952631205531 does not exist, skipping.
Image /home/sgoli125/workspace/research/MultiModalPFN/mmpfn/data/cbis_ddsm/jpeg/1.3.6.1.4.1.9590.100.1.2.358777110012040595116278870160086976016 does not exist, skipping.
Image /home/sgoli125/workspace/research/MultiModalPFN/mmpfn/data/cbis_ddsm/jpeg/1.3.6.1.4.1.9590.100.1.2.358777110012040595116278870160086976016 does not exist, skipping.
Image /home/sgoli125/workspace/research/MultiModalPFN/mmpfn/data/cbis_ddsm/jpeg/1.3.6.1.4.1.9590.100.1.2.425213484410239833714365459492776435560 does not exist, skipping.
Image /home/sgoli125/workspace/research/MultiModalPFN/mmpfn/data/cbis_ddsm/jpeg/1.3.6.1.4.1.9590.100.1.2.62743301211495345835434566670294393832 does not exist, skipping.
Image /home/sgoli125/workspace/research/MultiModalPFN/mmpfn/data/cbis_ddsm/jpeg/1.3.6.1.4.1.9590.100.1.2.2030047612135098214495507351416668765 does not exist, skipping.
Image /home/sgoli125/workspace/research/MultiModalPFN/mmpfn/data/cbis_ddsm/jpeg/1.3.6.1.4.1.9590.100.1.2.250048723412722873040250881911272043627 does not exist, skipping.
Image /home/sgoli125/workspace/research/MultiModalPFN/mmpfn/data/cbis_ddsm/jpeg/1.3.6.1.4.1.9590.100.1.2.305608761311452355602792766720481770937 does not exist, skipping.
Image /home/sgoli125/workspace/research/MultiModalPFN/mmpfn/data/cbis_ddsm/jpeg/1.3.6.1.4.1.9590.100.1.2.305608761311452355602792766720481770937 does not exist, skipping.
Image /home/sgoli125/workspace/research/MultiModalPFN/mmpfn/data/cbis_ddsm/jpeg/1.3.6.1.4.1.9590.100.1.2.199195778912558713817031507321459770006 does not exist, skipping.
Image /home/sgoli125/workspace/research/MultiModalPFN/mmpfn/data/cbis_ddsm/jpeg/1.3.6.1.4.1.9590.100.1.2.75697896410754715020619424620636529667 does not exist, skipping.
Image /home/sgoli125/workspace/research/MultiModalPFN/mmpfn/data/cbis_ddsm/jpeg/1.3.6.1.4.1.9590.100.1.2.47192517012656234441691122440522246732 does not exist, skipping.
Image /home/sgoli125/workspace/research/MultiModalPFN/mmpfn/data/cbis_ddsm/jpeg/1.3.6.1.4.1.9590.100.1.2.47192517012656234441691122440522246732 does not exist, skipping.
Image /home/sgoli125/workspace/research/MultiModalPFN/mmpfn/data/cbis_ddsm/jpeg/1.3.6.1.4.1.9590.100.1.2.351386294512687684821629395204182081789 does not exist, skipping.
Image /home/sgoli125/workspace/research/MultiModalPFN/mmpfn/data/cbis_ddsm/jpeg/1.3.6.1.4.1.9590.100.1.2.244922986413794324533068688833538680384 does not exist, skipping.
Image /home/sgoli125/workspace/research/MultiModalPFN/mmpfn/data/cbis_ddsm/jpeg/1.3.6.1.4.1.9590.100.1.2.244922986413794324533068688833538680384 does not exist, skipping.
Image /home/sgoli125/workspace/research/MultiModalPFN/mmpfn/data/cbis_ddsm/jpeg/1.3.6.1.4.1.9590.100.1.2.333945537913595541133242272012618859454 does not exist, skipping.
Image /home/sgoli125/workspace/research/MultiModalPFN/mmpfn/data/cbis_ddsm/jpeg/1.3.6.1.4.1.9590.100.1.2.333945537913595541133242272012618859454 does not exist, skipping.
Image /home/sgoli125/workspace/research/MultiModalPFN/mmpfn/data/cbis_ddsm/jpeg/1.3.6.1.4.1.9590.100.1.2.58380567113967993729178689602411895352 does not exist, skipping.
Image /home/sgoli125/workspace/research/MultiModalPFN/mmpfn/data/cbis_ddsm/jpeg/1.3.6.1.4.1.9590.100.1.2.58380567113967993729178689602411895352 does not exist, skipping.
Image /home/sgoli125/workspace/research/MultiModalPFN/mmpfn/data/cbis_ddsm/jpeg/1.3.6.1.4.1.9590.100.1.2.406152385910425726329492199713829264202 does not exist, skipping.
Image /home/sgoli125/workspace/research/MultiModalPFN/mmpfn/data/cbis_ddsm/jpeg/1.3.6.1.4.1.9590.100.1.2.46282940310410044707024149930022040952 does not exist, skipping.
Image /home/sgoli125/workspace/research/MultiModalPFN/mmpfn/data/cbis_ddsm/jpeg/1.3.6.1.4.1.9590.100.1.2.345422852013864528207279046510732854852 does not exist, skipping.
Image /home/sgoli125/workspace/research/MultiModalPFN/mmpfn/data/cbis_ddsm/jpeg/1.3.6.1.4.1.9590.100.1.2.345422852013864528207279046510732854852 does not exist, skipping.
Image /home/sgoli125/workspace/research/MultiModalPFN/mmpfn/data/cbis_ddsm/jpeg/1.3.6.1.4.1.9590.100.1.2.205083378412789228135645278031608382539 does not exist, skipping.
Image /home/sgoli125/workspace/research/MultiModalPFN/mmpfn/data/cbis_ddsm/jpeg/1.3.6.1.4.1.9590.100.1.2.27686561811725760701013428913326410240 does not exist, skipping.
Image /home/sgoli125/workspace/research/MultiModalPFN/mmpfn/data/cbis_ddsm/jpeg/1.3.6.1.4.1.9590.100.1.2.67715339312605506308562264821749036911 does not exist, skipping.
Image /home/sgoli125/workspace/research/MultiModalPFN/mmpfn/data/cbis_ddsm/jpeg/1.3.6.1.4.1.9590.100.1.2.67715339312605506308562264821749036911 does not exist, skipping.
Image /home/sgoli125/workspace/research/MultiModalPFN/mmpfn/data/cbis_ddsm/jpeg/1.3.6.1.4.1.9590.100.1.2.54848434312309044100463325442088001375 does not exist, skipping.
Image /home/sgoli125/workspace/research/MultiModalPFN/mmpfn/data/cbis_ddsm/jpeg/1.3.6.1.4.1.9590.100.1.2.401683232711198443419349789523108077335 does not exist, skipping.
Image /home/sgoli125/workspace/research/MultiModalPFN/mmpfn/data/cbis_ddsm/jpeg/1.3.6.1.4.1.9590.100.1.2.401683232711198443419349789523108077335 does not exist, skipping.
Image /home/sgoli125/workspace/research/MultiModalPFN/mmpfn/data/cbis_ddsm/jpeg/1.3.6.1.4.1.9590.100.1.2.318836487510466400123723183690561506321 does not exist, skipping.
Image /home/sgoli125/workspace/research/MultiModalPFN/mmpfn/data/cbis_ddsm/jpeg/1.3.6.1.4.1.9590.100.1.2.311796242712403565116742775052086939820 does not exist, skipping.
Image /home/sgoli125/workspace/research/MultiModalPFN/mmpfn/data/cbis_ddsm/jpeg/1.3.6.1.4.1.9590.100.1.2.344075965210711366506568731093824097667 does not exist, skipping.
Image /home/sgoli125/workspace/research/MultiModalPFN/mmpfn/data/cbis_ddsm/jpeg/1.3.6.1.4.1.9590.100.1.2.344075965210711366506568731093824097667 does not exist, skipping.
Image /home/sgoli125/workspace/research/MultiModalPFN/mmpfn/data/cbis_ddsm/jpeg/1.3.6.1.4.1.9590.100.1.2.79536363311227704713470770493125367867 does not exist, skipping.
Image /home/sgoli125/workspace/research/MultiModalPFN/mmpfn/data/cbis_ddsm/jpeg/1.3.6.1.4.1.9590.100.1.2.65540269010165110931482682003293808218 does not exist, skipping.
Image /home/sgoli125/workspace/research/MultiModalPFN/mmpfn/data/cbis_ddsm/jpeg/1.3.6.1.4.1.9590.100.1.2.252286136612361960901008170522983094347 does not exist, skipping.
Image /home/sgoli125/workspace/research/MultiModalPFN/mmpfn/data/cbis_ddsm/jpeg/1.3.6.1.4.1.9590.100.1.2.252286136612361960901008170522983094347 does not exist, skipping.
Image /home/sgoli125/workspace/research/MultiModalPFN/mmpfn/data/cbis_ddsm/jpeg/1.3.6.1.4.1.9590.100.1.2.61868143512631284119171316942543072666 does not exist, skipping.
Image /home/sgoli125/workspace/research/MultiModalPFN/mmpfn/data/cbis_ddsm/jpeg/1.3.6.1.4.1.9590.100.1.2.22737482412394422142220148693580074852 does not exist, skipping.
Image /home/sgoli125/workspace/research/MultiModalPFN/mmpfn/data/cbis_ddsm/jpeg/1.3.6.1.4.1.9590.100.1.2.22737482412394422142220148693580074852 does not exist, skipping.
Image /home/sgoli125/workspace/research/MultiModalPFN/mmpfn/data/cbis_ddsm/jpeg/1.3.6.1.4.1.9590.100.1.2.398065969612214189500602623110797804795 does not exist, skipping.
Image /home/sgoli125/workspace/research/MultiModalPFN/mmpfn/data/cbis_ddsm/jpeg/1.3.6.1.4.1.9590.100.1.2.45458171311372028109127039143946130540 does not exist, skipping.
Image /home/sgoli125/workspace/research/MultiModalPFN/mmpfn/data/cbis_ddsm/jpeg/1.3.6.1.4.1.9590.100.1.2.45458171311372028109127039143946130540 does not exist, skipping.
Image /home/sgoli125/workspace/research/MultiModalPFN/mmpfn/data/cbis_ddsm/jpeg/1.3.6.1.4.1.9590.100.1.2.268167584712827481520301103922935194568 does not exist, skipping.
Image /home/sgoli125/workspace/research/MultiModalPFN/mmpfn/data/cbis_ddsm/jpeg/1.3.6.1.4.1.9590.100.1.2.215024719913475069638905123190775688752 does not exist, skipping.
Image /home/sgoli125/workspace/research/MultiModalPFN/mmpfn/data/cbis_ddsm/jpeg/1.3.6.1.4.1.9590.100.1.2.73177796512527999200075488553552540625 does not exist, skipping.
Image /home/sgoli125/workspace/research/MultiModalPFN/mmpfn/data/cbis_ddsm/jpeg/1.3.6.1.4.1.9590.100.1.2.241348217112383565710221759010391215886 does not exist, skipping.
Image /home/sgoli125/workspace/research/MultiModalPFN/mmpfn/data/cbis_ddsm/jpeg/1.3.6.1.4.1.9590.100.1.2.241348217112383565710221759010391215886 does not exist, skipping.
Image /home/sgoli125/workspace/research/MultiModalPFN/mmpfn/data/cbis_ddsm/jpeg/1.3.6.1.4.1.9590.100.1.2.217968905311216065213980502013402351522 does not exist, skipping.
Image /home/sgoli125/workspace/research/MultiModalPFN/mmpfn/data/cbis_ddsm/jpeg/1.3.6.1.4.1.9590.100.1.2.332622266910809528129578850882631033315 does not exist, skipping.
Image /home/sgoli125/workspace/research/MultiModalPFN/mmpfn/data/cbis_ddsm/jpeg/1.3.6.1.4.1.9590.100.1.2.424494237513831507329136961363626182601 does not exist, skipping.
Image /home/sgoli125/workspace/research/MultiModalPFN/mmpfn/data/cbis_ddsm/jpeg/1.3.6.1.4.1.9590.100.1.2.424494237513831507329136961363626182601 does not exist, skipping.
Image /home/sgoli125/workspace/research/MultiModalPFN/mmpfn/data/cbis_ddsm/jpeg/1.3.6.1.4.1.9590.100.1.2.276089265311860799610097793621536415178 does not exist, skipping.
Image /home/sgoli125/workspace/research/MultiModalPFN/mmpfn/data/cbis_ddsm/jpeg/1.3.6.1.4.1.9590.100.1.2.226712667910169521807136900260455912228 does not exist, skipping.
Image /home/sgoli125/workspace/research/MultiModalPFN/mmpfn/data/cbis_ddsm/jpeg/1.3.6.1.4.1.9590.100.1.2.226712667910169521807136900260455912228 does not exist, skipping.
Image /home/sgoli125/workspace/research/MultiModalPFN/mmpfn/data/cbis_ddsm/jpeg/1.3.6.1.4.1.9590.100.1.2.211603652111641851500476499563504892536 does not exist, skipping.
Image /home/sgoli125/workspace/research/MultiModalPFN/mmpfn/data/cbis_ddsm/jpeg/1.3.6.1.4.1.9590.100.1.2.62304580211089391708628107651306875938 does not exist, skipping.
Image /home/sgoli125/workspace/research/MultiModalPFN/mmpfn/data/cbis_ddsm/jpeg/1.3.6.1.4.1.9590.100.1.2.62304580211089391708628107651306875938 does not exist, skipping.
Image /home/sgoli125/workspace/research/MultiModalPFN/mmpfn/data/cbis_ddsm/jpeg/1.3.6.1.4.1.9590.100.1.2.254972374511137265530487894353039082671 does not exist, skipping.
Image /home/sgoli125/workspace/research/MultiModalPFN/mmpfn/data/cbis_ddsm/jpeg/1.3.6.1.4.1.9590.100.1.2.95061281512103200539121122973928626905 does not exist, skipping.
Image /home/sgoli125/workspace/research/MultiModalPFN/mmpfn/data/cbis_ddsm/jpeg/1.3.6.1.4.1.9590.100.1.2.95061281512103200539121122973928626905 does not exist, skipping.
Image /home/sgoli125/workspace/research/MultiModalPFN/mmpfn/data/cbis_ddsm/jpeg/1.3.6.1.4.1.9590.100.1.2.389840538411334686726458566800452300719 does not exist, skipping.
Image /home/sgoli125/workspace/research/MultiModalPFN/mmpfn/data/cbis_ddsm/jpeg/1.3.6.1.4.1.9590.100.1.2.94480099112150707239053838230196566103 does not exist, skipping.
Image /home/sgoli125/workspace/research/MultiModalPFN/mmpfn/data/cbis_ddsm/jpeg/1.3.6.1.4.1.9590.100.1.2.94480099112150707239053838230196566103 does not exist, skipping.
Image /home/sgoli125/workspace/research/MultiModalPFN/mmpfn/data/cbis_ddsm/jpeg/1.3.6.1.4.1.9590.100.1.2.56016612512680807111132916894160907274 does not exist, skipping.
Image /home/sgoli125/workspace/research/MultiModalPFN/mmpfn/data/cbis_ddsm/jpeg/1.3.6.1.4.1.9590.100.1.2.26276768511884824313713790820473045352 does not exist, skipping.
Image /home/sgoli125/workspace/research/MultiModalPFN/mmpfn/data/cbis_ddsm/jpeg/1.3.6.1.4.1.9590.100.1.2.26276768511884824313713790820473045352 does not exist, skipping.
Image /home/sgoli125/workspace/research/MultiModalPFN/mmpfn/data/cbis_ddsm/jpeg/1.3.6.1.4.1.9590.100.1.2.234306479212704547137916840202273994367 does not exist, skipping.
Image /home/sgoli125/workspace/research/MultiModalPFN/mmpfn/data/cbis_ddsm/jpeg/1.3.6.1.4.1.9590.100.1.2.67485975211107868724664050372638329953 does not exist, skipping.
Image /home/sgoli125/workspace/research/MultiModalPFN/mmpfn/data/cbis_ddsm/jpeg/1.3.6.1.4.1.9590.100.1.2.381555940511237361027329878333010960313 does not exist, skipping.
Image /home/sgoli125/workspace/research/MultiModalPFN/mmpfn/data/cbis_ddsm/jpeg/1.3.6.1.4.1.9590.100.1.2.381555940511237361027329878333010960313 does not exist, skipping.
Image /home/sgoli125/workspace/research/MultiModalPFN/mmpfn/data/cbis_ddsm/jpeg/1.3.6.1.4.1.9590.100.1.2.296864787312999692930337069052009530878 does not exist, skipping.
Image /home/sgoli125/workspace/research/MultiModalPFN/mmpfn/data/cbis_ddsm/jpeg/1.3.6.1.4.1.9590.100.1.2.362080416813066036222145194364177372953 does not exist, skipping.
Image /home/sgoli125/workspace/research/MultiModalPFN/mmpfn/data/cbis_ddsm/jpeg/1.3.6.1.4.1.9590.100.1.2.362080416813066036222145194364177372953 does not exist, skipping.
Image /home/sgoli125/workspace/research/MultiModalPFN/mmpfn/data/cbis_ddsm/jpeg/1.3.6.1.4.1.9590.100.1.2.306532397312231245707190473473419369804 does not exist, skipping.
Image /home/sgoli125/workspace/research/MultiModalPFN/mmpfn/data/cbis_ddsm/jpeg/1.3.6.1.4.1.9590.100.1.2.306532397312231245707190473473419369804 does not exist, skipping.
Image /home/sgoli125/workspace/research/MultiModalPFN/mmpfn/data/cbis_ddsm/jpeg/1.3.6.1.4.1.9590.100.1.2.269216781211345586324401903492824936568 does not exist, skipping.
Image /home/sgoli125/workspace/research/MultiModalPFN/mmpfn/data/cbis_ddsm/jpeg/1.3.6.1.4.1.9590.100.1.2.269216781211345586324401903492824936568 does not exist, skipping.
Image /home/sgoli125/workspace/research/MultiModalPFN/mmpfn/data/cbis_ddsm/jpeg/1.3.6.1.4.1.9590.100.1.2.224830205912204431729388719391294946765 does not exist, skipping.
Image /home/sgoli125/workspace/research/MultiModalPFN/mmpfn/data/cbis_ddsm/jpeg/1.3.6.1.4.1.9590.100.1.2.224830205912204431729388719391294946765 does not exist, skipping.
Image /home/sgoli125/workspace/research/MultiModalPFN/mmpfn/data/cbis_ddsm/jpeg/1.3.6.1.4.1.9590.100.1.2.246616253112617539506581039831772141703 does not exist, skipping.
Image /home/sgoli125/workspace/research/MultiModalPFN/mmpfn/data/cbis_ddsm/jpeg/1.3.6.1.4.1.9590.100.1.2.331269571910625048716911924892116727856 does not exist, skipping.
Image /home/sgoli125/workspace/research/MultiModalPFN/mmpfn/data/cbis_ddsm/jpeg/1.3.6.1.4.1.9590.100.1.2.310354580112648215506863264034185988534 does not exist, skipping.
Image /home/sgoli125/workspace/research/MultiModalPFN/mmpfn/data/cbis_ddsm/jpeg/1.3.6.1.4.1.9590.100.1.2.310354580112648215506863264034185988534 does not exist, skipping.
Image /home/sgoli125/workspace/research/MultiModalPFN/mmpfn/data/cbis_ddsm/jpeg/1.3.6.1.4.1.9590.100.1.2.239447878111545294516650828021002342597 does not exist, skipping.
Image /home/sgoli125/workspace/research/MultiModalPFN/mmpfn/data/cbis_ddsm/jpeg/1.3.6.1.4.1.9590.100.1.2.96546303311392502812038476020092775157 does not exist, skipping.
Image /home/sgoli125/workspace/research/MultiModalPFN/mmpfn/data/cbis_ddsm/jpeg/1.3.6.1.4.1.9590.100.1.2.96546303311392502812038476020092775157 does not exist, skipping.
Image /home/sgoli125/workspace/research/MultiModalPFN/mmpfn/data/cbis_ddsm/jpeg/1.3.6.1.4.1.9590.100.1.2.312109483013126559515254204702956315159 does not exist, skipping.
Image /home/sgoli125/workspace/research/MultiModalPFN/mmpfn/data/cbis_ddsm/jpeg/1.3.6.1.4.1.9590.100.1.2.312109483013126559515254204702956315159 does not exist, skipping.
Image /home/sgoli125/workspace/research/MultiModalPFN/mmpfn/data/cbis_ddsm/jpeg/1.3.6.1.4.1.9590.100.1.2.78754053711446722005583538543225913052 does not exist, skipping.
Image /home/sgoli125/workspace/research/MultiModalPFN/mmpfn/data/cbis_ddsm/jpeg/1.3.6.1.4.1.9590.100.1.2.392521265211049497503641929252775059444 does not exist, skipping.
Image /home/sgoli125/workspace/research/MultiModalPFN/mmpfn/data/cbis_ddsm/jpeg/1.3.6.1.4.1.9590.100.1.2.392521265211049497503641929252775059444 does not exist, skipping.
Image /home/sgoli125/workspace/research/MultiModalPFN/mmpfn/data/cbis_ddsm/jpeg/1.3.6.1.4.1.9590.100.1.2.269247772812800655432369470871957942059 does not exist, skipping.
Image /home/sgoli125/workspace/research/MultiModalPFN/mmpfn/data/cbis_ddsm/jpeg/1.3.6.1.4.1.9590.100.1.2.269247772812800655432369470871957942059 does not exist, skipping.
Image /home/sgoli125/workspace/research/MultiModalPFN/mmpfn/data/cbis_ddsm/jpeg/1.3.6.1.4.1.9590.100.1.2.29073481411374352939009942033050347534 does not exist, skipping.
Image /home/sgoli125/workspace/research/MultiModalPFN/mmpfn/data/cbis_ddsm/jpeg/1.3.6.1.4.1.9590.100.1.2.257877384211555448010431660912151834962 does not exist, skipping.
Image /home/sgoli125/workspace/research/MultiModalPFN/mmpfn/data/cbis_ddsm/jpeg/1.3.6.1.4.1.9590.100.1.2.257877384211555448010431660912151834962 does not exist, skipping.
Image /home/sgoli125/workspace/research/MultiModalPFN/mmpfn/data/cbis_ddsm/jpeg/1.3.6.1.4.1.9590.100.1.2.384138111011809836438648293491195985355 does not exist, skipping.
Image /home/sgoli125/workspace/research/MultiModalPFN/mmpfn/data/cbis_ddsm/jpeg/1.3.6.1.4.1.9590.100.1.2.92323117813490589614713847541894281266 does not exist, skipping.
Image /home/sgoli125/workspace/research/MultiModalPFN/mmpfn/data/cbis_ddsm/jpeg/1.3.6.1.4.1.9590.100.1.2.92323117813490589614713847541894281266 does not exist, skipping.
Image /home/sgoli125/workspace/research/MultiModalPFN/mmpfn/data/cbis_ddsm/jpeg/1.3.6.1.4.1.9590.100.1.2.296793691211243286711024636380162085971 does not exist, skipping.
Image /home/sgoli125/workspace/research/MultiModalPFN/mmpfn/data/cbis_ddsm/jpeg/1.3.6.1.4.1.9590.100.1.2.316462499212371690615679650881572063861 does not exist, skipping.
Image /home/sgoli125/workspace/research/MultiModalPFN/mmpfn/data/cbis_ddsm/jpeg/1.3.6.1.4.1.9590.100.1.2.316462499212371690615679650881572063861 does not exist, skipping.
Image /home/sgoli125/workspace/research/MultiModalPFN/mmpfn/data/cbis_ddsm/jpeg/1.3.6.1.4.1.9590.100.1.2.257796728813960468725024365380555366908 does not exist, skipping.
Image /home/sgoli125/workspace/research/MultiModalPFN/mmpfn/data/cbis_ddsm/jpeg/1.3.6.1.4.1.9590.100.1.2.277037318712362225437760014681267210229 does not exist, skipping.
Image /home/sgoli125/workspace/research/MultiModalPFN/mmpfn/data/cbis_ddsm/jpeg/1.3.6.1.4.1.9590.100.1.2.277037318712362225437760014681267210229 does not exist, skipping.
Image /home/sgoli125/workspace/research/MultiModalPFN/mmpfn/data/cbis_ddsm/jpeg/1.3.6.1.4.1.9590.100.1.2.59648715111529087907981992282682505266 does not exist, skipping.
Image /home/sgoli125/workspace/research/MultiModalPFN/mmpfn/data/cbis_ddsm/jpeg/1.3.6.1.4.1.9590.100.1.2.55313547311997113811399451214002293473 does not exist, skipping.
Image /home/sgoli125/workspace/research/MultiModalPFN/mmpfn/data/cbis_ddsm/jpeg/1.3.6.1.4.1.9590.100.1.2.55313547311997113811399451214002293473 does not exist, skipping.
Image /home/sgoli125/workspace/research/MultiModalPFN/mmpfn/data/cbis_ddsm/jpeg/1.3.6.1.4.1.9590.100.1.2.241488192410870375308842249503092939065 does not exist, skipping.
Image /home/sgoli125/workspace/research/MultiModalPFN/mmpfn/data/cbis_ddsm/jpeg/1.3.6.1.4.1.9590.100.1.2.298648398112853530923210871563609947010 does not exist, skipping.
Image /home/sgoli125/workspace/research/MultiModalPFN/mmpfn/data/cbis_ddsm/jpeg/1.3.6.1.4.1.9590.100.1.2.298648398112853530923210871563609947010 does not exist, skipping.
Image /home/sgoli125/workspace/research/MultiModalPFN/mmpfn/data/cbis_ddsm/jpeg/1.3.6.1.4.1.9590.100.1.2.38716633512694080011766947013857405484 does not exist, skipping.
Image /home/sgoli125/workspace/research/MultiModalPFN/mmpfn/data/cbis_ddsm/jpeg/1.3.6.1.4.1.9590.100.1.2.348849211010660844509631430942686825269 does not exist, skipping.
Image /home/sgoli125/workspace/research/MultiModalPFN/mmpfn/data/cbis_ddsm/jpeg/1.3.6.1.4.1.9590.100.1.2.348849211010660844509631430942686825269 does not exist, skipping.
Image /home/sgoli125/workspace/research/MultiModalPFN/mmpfn/data/cbis_ddsm/jpeg/1.3.6.1.4.1.9590.100.1.2.293828016812388339438728313620929626386 does not exist, skipping.
Image /home/sgoli125/workspace/research/MultiModalPFN/mmpfn/data/cbis_ddsm/jpeg/1.3.6.1.4.1.9590.100.1.2.356066733313901824110606752460413887917 does not exist, skipping.
Image /home/sgoli125/workspace/research/MultiModalPFN/mmpfn/data/cbis_ddsm/jpeg/1.3.6.1.4.1.9590.100.1.2.356066733313901824110606752460413887917 does not exist, skipping.
Image /home/sgoli125/workspace/research/MultiModalPFN/mmpfn/data/cbis_ddsm/jpeg/1.3.6.1.4.1.9590.100.1.2.404577305912728645825627508702429716956 does not exist, skipping.
Image /home/sgoli125/workspace/research/MultiModalPFN/mmpfn/data/cbis_ddsm/jpeg/1.3.6.1.4.1.9590.100.1.2.408076999112697002131052158793819620269 does not exist, skipping.
Image /home/sgoli125/workspace/research/MultiModalPFN/mmpfn/data/cbis_ddsm/jpeg/1.3.6.1.4.1.9590.100.1.2.408076999112697002131052158793819620269 does not exist, skipping.
Image /home/sgoli125/workspace/research/MultiModalPFN/mmpfn/data/cbis_ddsm/jpeg/1.3.6.1.4.1.9590.100.1.2.355464339112205472025411629030840677852 does not exist, skipping.
Image /home/sgoli125/workspace/research/MultiModalPFN/mmpfn/data/cbis_ddsm/jpeg/1.3.6.1.4.1.9590.100.1.2.413066189111289743521076284514105478750 does not exist, skipping.
Image /home/sgoli125/workspace/research/MultiModalPFN/mmpfn/data/cbis_ddsm/jpeg/1.3.6.1.4.1.9590.100.1.2.358302752911597447901962840483034035280 does not exist, skipping.
Image /home/sgoli125/workspace/research/MultiModalPFN/mmpfn/data/cbis_ddsm/jpeg/1.3.6.1.4.1.9590.100.1.2.358302752911597447901962840483034035280 does not exist, skipping.
Image /home/sgoli125/workspace/research/MultiModalPFN/mmpfn/data/cbis_ddsm/jpeg/1.3.6.1.4.1.9590.100.1.2.395806490413060973910077403213561423281 does not exist, skipping.
Image /home/sgoli125/workspace/research/MultiModalPFN/mmpfn/data/cbis_ddsm/jpeg/1.3.6.1.4.1.9590.100.1.2.299479312912648479419761596652152845359 does not exist, skipping.
Image /home/sgoli125/workspace/research/MultiModalPFN/mmpfn/data/cbis_ddsm/jpeg/1.3.6.1.4.1.9590.100.1.2.299479312912648479419761596652152845359 does not exist, skipping.
Image /home/sgoli125/workspace/research/MultiModalPFN/mmpfn/data/cbis_ddsm/jpeg/1.3.6.1.4.1.9590.100.1.2.424889390711092892018162257160068574314 does not exist, skipping.
Image /home/sgoli125/workspace/research/MultiModalPFN/mmpfn/data/cbis_ddsm/jpeg/1.3.6.1.4.1.9590.100.1.2.424889390711092892018162257160068574314 does not exist, skipping.
Load embeddings from embeddings/cbis_ddsm/mass_test_all_dinov2.pt
[I 2026-09-17 11:24:19,614] A new study created in memory with name: no-name-b31cb509-0504-42ec-9d60-12df1c612a5a
mgm_heads:64, cap_heads:24

Optimizer step skipped due to NaNs/infs in grad scaling.

Optimizer step skipped due to NaNs/infs in grad scaling.

Optimizer step skipped due to NaNs/infs in grad scaling.

Optimizer step skipped due to NaNs/infs in grad scaling.

Optimizer step skipped due to NaNs/infs in grad scaling.

Optimizer step skipped due to NaNs/infs in grad scaling.

[2026-09-17 11:25:47,260] INFO - Initial Validation Loss: 0.4835758260784337 Best Validation Loss: 0.3263801015750061 Total Steps: 101 Best Step: 8 Total Time Spent: 87.38060259819031
accuracy_score (Finetuned): 0.7916666666666666

Optimizer step skipped due to NaNs/infs in grad scaling.

Optimizer step skipped due to NaNs/infs in grad scaling.

Optimizer step skipped due to NaNs/infs in grad scaling.

Optimizer step skipped due to NaNs/infs in grad scaling.

Optimizer step skipped due to NaNs/infs in grad scaling.

Optimizer step skipped due to NaNs/infs in grad scaling.

[2026-09-17 11:26:47,701] INFO - Initial Validation Loss: 0.4835758260784337 Best Validation Loss: 0.3263801015750061 Total Steps: 101 Best Step: 8 Total Time Spent: 57.53447723388672
accuracy_score (Finetuned): 0.7916666666666666

Optimizer step skipped due to NaNs/infs in grad scaling.

Optimizer step skipped due to NaNs/infs in grad scaling.

Optimizer step skipped due to NaNs/infs in grad scaling.

Optimizer step skipped due to NaNs/infs in grad scaling.

Optimizer step skipped due to NaNs/infs in grad scaling.

Optimizer step skipped due to NaNs/infs in grad scaling.

[2026-09-17 11:27:46,954] INFO - Initial Validation Loss: 0.4835758260784337 Best Validation Loss: 0.3263801015750061 Total Steps: 101 Best Step: 8 Total Time Spent: 57.85082745552063
accuracy_score (Finetuned): 0.7916666666666666

Optimizer step skipped due to NaNs/infs in grad scaling.

Optimizer step skipped due to NaNs/infs in grad scaling.

Optimizer step skipped due to NaNs/infs in grad scaling.

Optimizer step skipped due to NaNs/infs in grad scaling.

Optimizer step skipped due to NaNs/infs in grad scaling.

Optimizer step skipped due to NaNs/infs in grad scaling.

[2026-09-17 11:28:46,135] INFO - Initial Validation Loss: 0.4835758260784337 Best Validation Loss: 0.3263801015750061 Total Steps: 101 Best Step: 8 Total Time Spent: 57.86384034156799
accuracy_score (Finetuned): 0.7916666666666666

Optimizer step skipped due to NaNs/infs in grad scaling.

Optimizer step skipped due to NaNs/infs in grad scaling.

Optimizer step skipped due to NaNs/infs in grad scaling.

Optimizer step skipped due to NaNs/infs in grad scaling.

Optimizer step skipped due to NaNs/infs in grad scaling.

Optimizer step skipped due to NaNs/infs in grad scaling.

[2026-09-17 11:29:45,041] INFO - Initial Validation Loss: 0.4835758260784337 Best Validation Loss: 0.3263801015750061 Total Steps: 101 Best Step: 8 Total Time Spent: 57.56836128234863
accuracy_score (Finetuned): 0.7916666666666666
Mean Accuracy: 0.7916666666666666
Std Accuracy: 0.0
[I 2026-09-17 11:29:46,343] Trial 0 finished with value: 0.7916666666666666 and parameters: {'mgm_heads': 64, 'cap_heads': 24}. Best is trial 0 with value: 0.7916666666666666.
mgm_heads:256, cap_heads:24

Optimizer step skipped due to NaNs/infs in grad scaling.

Optimizer step skipped due to NaNs/infs in grad scaling.

Optimizer step skipped due to NaNs/infs in grad scaling.

Optimizer step skipped due to NaNs/infs in grad scaling.

Optimizer step skipped due to NaNs/infs in grad scaling.

[2026-09-17 11:31:06,000] INFO - Initial Validation Loss: 0.5103532657362695 Best Validation Loss: 0.5103532657362695 Total Steps: 101 Best Step: 0 Total Time Spent: 79.63725328445435
accuracy_score (Finetuned): 0.75

Optimizer step skipped due to NaNs/infs in grad scaling.

Optimizer step skipped due to NaNs/infs in grad scaling.

Optimizer step skipped due to NaNs/infs in grad scaling.

Optimizer step skipped due to NaNs/infs in grad scaling.

Optimizer step skipped due to NaNs/infs in grad scaling.

[2026-09-17 11:32:27,812] INFO - Initial Validation Loss: 0.5103532657362695 Best Validation Loss: 0.5103532657362695 Total Steps: 101 Best Step: 0 Total Time Spent: 78.78915190696716
accuracy_score (Finetuned): 0.75

Optimizer step skipped due to NaNs/infs in grad scaling.

Optimizer step skipped due to NaNs/infs in grad scaling.

Optimizer step skipped due to NaNs/infs in grad scaling.

Optimizer step skipped due to NaNs/infs in grad scaling.

Optimizer step skipped due to NaNs/infs in grad scaling.

[2026-09-17 11:33:49,708] INFO - Initial Validation Loss: 0.5103532657362695 Best Validation Loss: 0.5103532657362695 Total Steps: 101 Best Step: 0 Total Time Spent: 78.84113574028015
accuracy_score (Finetuned): 0.75

Optimizer step skipped due to NaNs/infs in grad scaling.

Optimizer step skipped due to NaNs/infs in grad scaling.

Optimizer step skipped due to NaNs/infs in grad scaling.

Optimizer step skipped due to NaNs/infs in grad scaling.

Optimizer step skipped due to NaNs/infs in grad scaling.

[2026-09-17 11:35:12,015] INFO - Initial Validation Loss: 0.5103532657362695 Best Validation Loss: 0.5103532657362695 Total Steps: 101 Best Step: 0 Total Time Spent: 79.28026461601257
accuracy_score (Finetuned): 0.75

Optimizer step skipped due to NaNs/infs in grad scaling.

Optimizer step skipped due to NaNs/infs in grad scaling.

Optimizer step skipped due to NaNs/infs in grad scaling.

Optimizer step skipped due to NaNs/infs in grad scaling.

Optimizer step skipped due to NaNs/infs in grad scaling.

[2026-09-17 11:36:34,694] INFO - Initial Validation Loss: 0.5103532657362695 Best Validation Loss: 0.5103532657362695 Total Steps: 101 Best Step: 0 Total Time Spent: 79.16023373603821
accuracy_score (Finetuned): 0.75
Mean Accuracy: 0.75
Std Accuracy: 0.0
[I 2026-09-17 11:36:37,580] Trial 1 finished with value: 0.75 and parameters: {'mgm_heads': 256, 'cap_heads': 24}. Best is trial 0 with value: 0.7916666666666666.
mgm_heads:256, cap_heads:12

Optimizer step skipped due to NaNs/infs in grad scaling.

Optimizer step skipped due to NaNs/infs in grad scaling.

Optimizer step skipped due to NaNs/infs in grad scaling.

Optimizer step skipped due to NaNs/infs in grad scaling.

Optimizer step skipped due to NaNs/infs in grad scaling.

Optimizer step skipped due to NaNs/infs in grad scaling.

Optimizer step skipped due to NaNs/infs in grad scaling.

[2026-09-17 11:37:34,068] INFO - Initial Validation Loss: 0.506020230676179 Best Validation Loss: 0.506020230676179 Total Steps: 101 Best Step: 0 Total Time Spent: 56.44180631637573
accuracy_score (Finetuned): 0.75

Optimizer step skipped due to NaNs/infs in grad scaling.

Optimizer step skipped due to NaNs/infs in grad scaling.

Optimizer step skipped due to NaNs/infs in grad scaling.

Optimizer step skipped due to NaNs/infs in grad scaling.

Optimizer step skipped due to NaNs/infs in grad scaling.

Optimizer step skipped due to NaNs/infs in grad scaling.

Optimizer step skipped due to NaNs/infs in grad scaling.

[2026-09-17 11:38:32,971] INFO - Initial Validation Loss: 0.506020230676179 Best Validation Loss: 0.506020230676179 Total Steps: 101 Best Step: 0 Total Time Spent: 56.42892932891846
accuracy_score (Finetuned): 0.75

Optimizer step skipped due to NaNs/infs in grad scaling.

Optimizer step skipped due to NaNs/infs in grad scaling.

Optimizer step skipped due to NaNs/infs in grad scaling.

Optimizer step skipped due to NaNs/infs in grad scaling.

Optimizer step skipped due to NaNs/infs in grad scaling.

Optimizer step skipped due to NaNs/infs in grad scaling.

Optimizer step skipped due to NaNs/infs in grad scaling.

[2026-09-17 11:39:31,100] INFO - Initial Validation Loss: 0.506020230676179 Best Validation Loss: 0.506020230676179 Total Steps: 101 Best Step: 0 Total Time Spent: 55.532827615737915
accuracy_score (Finetuned): 0.75

Optimizer step skipped due to NaNs/infs in grad scaling.

Optimizer step skipped due to NaNs/infs in grad scaling.

Optimizer step skipped due to NaNs/infs in grad scaling.

Optimizer step skipped due to NaNs/infs in grad scaling.

Optimizer step skipped due to NaNs/infs in grad scaling.

Optimizer step skipped due to NaNs/infs in grad scaling.

Optimizer step skipped due to NaNs/infs in grad scaling.

[2026-09-17 11:40:29,171] INFO - Initial Validation Loss: 0.506020230676179 Best Validation Loss: 0.506020230676179 Total Steps: 101 Best Step: 0 Total Time Spent: 55.52038216590881
accuracy_score (Finetuned): 0.75

Optimizer step skipped due to NaNs/infs in grad scaling.

Optimizer step skipped due to NaNs/infs in grad scaling.

Optimizer step skipped due to NaNs/infs in grad scaling.

Optimizer step skipped due to NaNs/infs in grad scaling.

Optimizer step skipped due to NaNs/infs in grad scaling.

Optimizer step skipped due to NaNs/infs in grad scaling.

Optimizer step skipped due to NaNs/infs in grad scaling.

[2026-09-17 11:41:27,183] INFO - Initial Validation Loss: 0.506020230676179 Best Validation Loss: 0.506020230676179 Total Steps: 101 Best Step: 0 Total Time Spent: 55.52854561805725
accuracy_score (Finetuned): 0.75
Mean Accuracy: 0.75
Std Accuracy: 0.0
[I 2026-09-17 11:41:29,945] Trial 2 finished with value: 0.75 and parameters: {'mgm_heads': 256, 'cap_heads': 12}. Best is trial 0 with value: 0.7916666666666666.
mgm_heads:64, cap_heads:12

Optimizer step skipped due to NaNs/infs in grad scaling.

Optimizer step skipped due to NaNs/infs in grad scaling.

Optimizer step skipped due to NaNs/infs in grad scaling.

Optimizer step skipped due to NaNs/infs in grad scaling.

Optimizer step skipped due to NaNs/infs in grad scaling.

Optimizer step skipped due to NaNs/infs in grad scaling.

[2026-09-17 11:42:03,778] INFO - Initial Validation Loss: 0.47594034906060023 Best Validation Loss: 0.47594034906060023 Total Steps: 101 Best Step: 0 Total Time Spent: 33.78454375267029
accuracy_score (Finetuned): 0.75

Optimizer step skipped due to NaNs/infs in grad scaling.

Optimizer step skipped due to NaNs/infs in grad scaling.

Optimizer step skipped due to NaNs/infs in grad scaling.

Optimizer step skipped due to NaNs/infs in grad scaling.

Optimizer step skipped due to NaNs/infs in grad scaling.

Optimizer step skipped due to NaNs/infs in grad scaling.

[2026-09-17 11:42:38,363] INFO - Initial Validation Loss: 0.47594034906060023 Best Validation Loss: 0.47594034906060023 Total Steps: 101 Best Step: 0 Total Time Spent: 33.73272132873535
accuracy_score (Finetuned): 0.75

Optimizer step skipped due to NaNs/infs in grad scaling.

Optimizer step skipped due to NaNs/infs in grad scaling.

Optimizer step skipped due to NaNs/infs in grad scaling.

Optimizer step skipped due to NaNs/infs in grad scaling.

Optimizer step skipped due to NaNs/infs in grad scaling.

Optimizer step skipped due to NaNs/infs in grad scaling.

[2026-09-17 11:43:14,070] INFO - Initial Validation Loss: 0.47594034906060023 Best Validation Loss: 0.47594034906060023 Total Steps: 101 Best Step: 0 Total Time Spent: 34.74422788619995
accuracy_score (Finetuned): 0.75

Optimizer step skipped due to NaNs/infs in grad scaling.

Optimizer step skipped due to NaNs/infs in grad scaling.

Optimizer step skipped due to NaNs/infs in grad scaling.

Optimizer step skipped due to NaNs/infs in grad scaling.

Optimizer step skipped due to NaNs/infs in grad scaling.

Optimizer step skipped due to NaNs/infs in grad scaling.

[2026-09-17 11:43:49,368] INFO - Initial Validation Loss: 0.47594034906060023 Best Validation Loss: 0.47594034906060023 Total Steps: 101 Best Step: 0 Total Time Spent: 34.44615435600281
accuracy_score (Finetuned): 0.75

Optimizer step skipped due to NaNs/infs in grad scaling.

Optimizer step skipped due to NaNs/infs in grad scaling.

Optimizer step skipped due to NaNs/infs in grad scaling.

Optimizer step skipped due to NaNs/infs in grad scaling.

Optimizer step skipped due to NaNs/infs in grad scaling.

Optimizer step skipped due to NaNs/infs in grad scaling.

[2026-09-17 11:44:24,677] INFO - Initial Validation Loss: 0.47594034906060023 Best Validation Loss: 0.47594034906060023 Total Steps: 101 Best Step: 0 Total Time Spent: 34.35786986351013
accuracy_score (Finetuned): 0.75
Mean Accuracy: 0.75
Std Accuracy: 0.0
[I 2026-09-17 11:44:25,522] Trial 3 finished with value: 0.75 and parameters: {'mgm_heads': 64, 'cap_heads': 12}. Best is trial 0 with value: 0.7916666666666666.
Best parameters: {'mgm_heads': 64, 'cap_heads': 24}
Best value: 0.7916666666666666
